first_location,first_architecture,first_month,first_consumption_ml_day,first_pressure_p95_pct,second_location,second_architecture,second_month,second_consumption_ml_day,second_pressure_p95_pct,consumption_difference_pct,pressure_ratio
Kansas City,Water-cooled evaporative,6,18.04172106591572,0.0148282923279255,Forest City,Water-cooled evaporative,8,18.178730541556863,47.387271201364186,0.7536801061434817,3195.7335445917615
Kansas City,Water-cooled evaporative,5,17.73642893578077,0.0150073823564826,Forest City,Water-cooled evaporative,8,18.178730541556863,47.387271201364186,2.43307201657996,3157.5973794587
Kansas City,Water-cooled evaporative,9,17.847691993264707,0.0166267092563554,Forest City,Water-cooled evaporative,8,18.178730541556863,47.387271201364186,1.821021261827919,2850.0691550404576
Kansas City,Water-cooled evaporative,7,18.113247036624024,0.0166839666755964,Forest City,Water-cooled evaporative,8,18.178730541556863,47.387271201364186,0.36022044984462875,2840.2880515625484
Kansas City,Water-cooled evaporative,8,18.109453309300104,0.0171914066393065,Forest City,Water-cooled evaporative,8,18.178730541556863,47.387271201364186,0.38108949411176074,2756.4510685831688
Kansas City,Water-cooled evaporative,6,18.04172106591572,0.0148282923279255,Forest City,Water-cooled evaporative,7,18.187688983789265,40.84580884228518,0.8025644049865076,2754.5861613047637
Kansas City,Water-cooled evaporative,5,17.73642893578077,0.0150073823564826,Forest City,Water-cooled evaporative,7,18.187688983789265,40.84580884228518,2.4811291220710094,2721.714411750254
Kansas City,Water-cooled evaporative,9,17.847691993264707,0.0166267092563554,Forest City,Water-cooled evaporative,7,18.187688983789265,40.84580884228518,1.8693798361495948,2456.6381845326528
Kansas City,Water-cooled evaporative,7,18.113247036624024,0.0166839666755964,Forest City,Water-cooled evaporative,7,18.187688983789265,40.84580884228518,0.40929854931866805,2448.20729005832
Kansas City,Water-cooled evaporative,8,18.109453309300104,0.0171914066393065,Forest City,Water-cooled evaporative,7,18.187688983789265,40.84580884228518,0.4301573144278664,2375.94338260228
Kansas City,Climate-responsive hybrid,8,10.455076622699242,0.0099250634790629,Forest City,Climate-responsive hybrid,7,10.47896140714298,23.533592139350016,0.22793083699552552,2371.1276193844556
Kansas City,Water-cooled evaporative,6,18.04172106591572,0.0148282923279255,Forest City,Water-cooled evaporative,9,17.970017364380077,33.386214972073056,0.39743271317449463,2251.521229399976
Kansas City,Water-cooled evaporative,5,17.73642893578077,0.0150073823564826,Forest City,Water-cooled evaporative,9,17.970017364380077,33.386214972073056,1.2998787027458525,2224.6527861437157
Kansas City,Climate-responsive hybrid,7,8.757832132443449,0.0080667689869583,Forest City,Climate-responsive hybrid,9,8.8140808133322,16.375543264550704,0.6381684270885035,2030.0002753302292
Kansas City,Water-cooled evaporative,9,17.847691993264707,0.0166267092563554,Forest City,Water-cooled evaporative,9,17.970017364380077,33.386214972073056,0.6807192705213588,2007.9869357979842
Kansas City,Water-cooled evaporative,7,18.113247036624024,0.0166839666755964,Forest City,Water-cooled evaporative,9,17.970017364380077,33.386214972073056,0.7907454249055658,2001.0957598535003
Kansas City,Water-cooled evaporative,8,18.109453309300104,0.0171914066393065,Forest City,Water-cooled evaporative,9,17.970017364380077,33.386214972073056,0.7699621989605838,1942.0292750064257
Kansas City,Water-cooled evaporative,6,18.04172106591572,0.0148282923279255,Forest City,Water-cooled evaporative,6,17.995629734477507,28.706840078736402,0.2554708127335364,1935.950508925024
Kansas City,Water-cooled evaporative,5,17.73642893578077,0.0150073823564826,Forest City,Water-cooled evaporative,6,17.995629734477507,28.706840078736402,1.4403541444295258,1912.8479169011225
Council Bluffs,Water-cooled evaporative,6,18.065271663687067,0.0255542662498215,Forest City,Water-cooled evaporative,8,18.178730541556863,47.387271201364186,0.6241298181433916,1854.3780806735233
Kansas City,Water-cooled evaporative,6,18.04172106591572,0.0148282923279255,Forest City,Water-cooled evaporative,10,17.551068348095612,27.173213441099055,2.719544970391131,1832.5248005749713
Kansas City,Water-cooled evaporative,5,17.73642893578077,0.0150073823564826,Forest City,Water-cooled evaporative,10,17.551068348095612,27.173213441099055,1.0450840378088604,1810.656435321733
Council Bluffs,Water-cooled evaporative,5,17.678164559991735,0.0266189030219744,Forest City,Water-cooled evaporative,8,18.178730541556863,47.387271201364186,2.7535805122410837,1780.2112717509474
Council Bluffs,Water-cooled evaporative,9,17.812899523243495,0.0269707448142641,Forest City,Water-cooled evaporative,8,18.178730541556863,47.387271201364186,2.012412349020044,1756.987859538174
Council Bluffs,Water-cooled evaporative,7,18.12470824694942,0.0270372073180772,Forest City,Water-cooled evaporative,8,18.178730541556863,47.387271201364186,0.29717308633816,1752.6688553251888
Kansas City,Water-cooled evaporative,10,17.474312529217023,0.0192033059303433,Forest City,Water-cooled evaporative,9,17.970017364380077,33.386214972073056,2.7585106074835113,1738.5660101013766
Kansas City,Water-cooled evaporative,9,17.847691993264707,0.0166267092563554,Forest City,Water-cooled evaporative,6,17.995629734477507,28.706840078736402,0.8220759339661725,1726.5497120401917
Kansas City,Water-cooled evaporative,7,18.113247036624024,0.0166839666755964,Forest City,Water-cooled evaporative,6,17.995629734477507,28.706840078736402,0.6493441066016536,1720.6243956795856
Kansas City,Water-cooled evaporative,4,17.39951136286369,0.0159390041801391,Forest City,Water-cooled evaporative,10,17.551068348095612,27.173213441099055,0.8635199990453292,1704.825040133838
Council Bluffs,Water-cooled evaporative,8,18.17576209587628,0.0280341972757222,Forest City,Water-cooled evaporative,8,18.178730541556863,47.387271201364186,0.016329224275574542,1690.3380801419228
Kansas City,Water-cooled evaporative,8,18.109453309300104,0.0171914066393065,Forest City,Water-cooled evaporative,6,17.995629734477507,28.706840078736402,0.6285312586666688,1669.8366038937716
Kansas City,Water-cooled evaporative,9,17.847691993264707,0.0166267092563554,Forest City,Water-cooled evaporative,10,17.551068348095612,27.173213441099055,1.6619720089355756,1634.310976521849
Council Bluffs,Water-cooled evaporative,6,18.065271663687067,0.0255542662498215,Forest City,Water-cooled evaporative,7,18.187688983789265,40.84580884228518,0.6730779276647435,1598.394899817188
Council Bluffs,Water-cooled evaporative,5,17.678164559991735,0.0266189030219744,Forest City,Water-cooled evaporative,7,18.187688983789265,40.84580884228518,2.8014797495804435,1534.4662704006323
Kansas City,Water-cooled evaporative,5,17.73642893578077,0.0150073823564826,Forest City,Water-cooled evaporative,11,17.332512831225806,22.852894043752038,2.277324855062105,1522.77682415951
Council Bluffs,Water-cooled evaporative,9,17.812899523243495,0.0269707448142641,Forest City,Water-cooled evaporative,7,18.187688983789265,40.84580884228518,2.060676652651258,1514.4486785060135
Council Bluffs,Water-cooled evaporative,7,18.12470824694942,0.0270372073180772,Forest City,Water-cooled evaporative,7,18.187688983789265,40.84580884228518,0.34628224012395825,1510.7258808854672
Kansas City,Water-cooled evaporative,10,17.474312529217023,0.0192033059303433,Forest City,Water-cooled evaporative,6,17.995629734477507,28.706840078736402,2.896910044007527,1494.890524728687
Council Bluffs,Water-cooled evaporative,8,18.17576209587628,0.0280341972757222,Forest City,Water-cooled evaporative,7,18.187688983789265,40.84580884228518,0.06557670918837057,1456.9994082783287
Kansas City,Water-cooled evaporative,4,17.39951136286369,0.0159390041801391,Forest City,Water-cooled evaporative,11,17.332512831225806,22.852894043752038,0.38505984588097464,1433.7717579764508
Kansas City,Water-cooled evaporative,10,17.474312529217023,0.0192033059303433,Forest City,Water-cooled evaporative,10,17.551068348095612,27.173213441099055,0.4373284711578075,1415.0278884096952
Kansas City,Water-cooled evaporative,9,17.847691993264707,0.0166267092563554,Forest City,Water-cooled evaporative,11,17.332512831225806,22.852894043752038,2.886530999264877,1374.468855586486
Kansas City,Water-cooled evaporative,6,18.04172106591572,0.0148282923279255,Forest City,Water-cooled evaporative,5,17.79722792614906,19.6710405684225,1.3551541943997534,1326.58839827273
Kansas City,Water-cooled evaporative,5,17.73642893578077,0.0150073823564826,Forest City,Water-cooled evaporative,5,17.79722792614906,19.6710405684225,0.34162056372251126,1310.7576059008975
Council Bluffs,Water-cooled evaporative,6,18.065271663687067,0.0255542662498215,Forest City,Water-cooled evaporative,9,17.970017364380077,33.386214972073056,0.5272785324256196,1306.483021100489
Council Bluffs,Water-cooled evaporative,5,17.678164559991735,0.0266189030219744,Forest City,Water-cooled evaporative,9,17.970017364380077,33.386214972073056,1.6241097516513696,1254.2295580141717
Council Bluffs,Climate-responsive hybrid,7,8.805931935576677,0.0131360904753397,Forest City,Climate-responsive hybrid,9,8.8140808133322,16.375543264550704,0.09245295032010178,1246.6070704440115
Council Bluffs,Water-cooled evaporative,9,17.812899523243495,0.0269707448142641,Forest City,Water-cooled evaporative,9,17.970017364380077,33.386214972073056,0.8743332738677201,1237.8677415840584
Council Bluffs,Water-cooled evaporative,7,18.12470824694942,0.0270372073180772,Forest City,Water-cooled evaporative,9,17.970017364380077,33.386214972073056,0.8534806765531268,1234.824831548001
Kansas City,Water-cooled evaporative,4,17.39951136286369,0.0159390041801391,Forest City,Water-cooled evaporative,5,17.79722792614906,19.6710405684225,2.234710736614278,1234.1448904903186
Council Bluffs,Water-cooled evaporative,8,18.17576209587628,0.0280341972757222,Forest City,Water-cooled evaporative,9,17.970017364380077,33.386214972073056,1.1319730661686132,1190.9103244053197
Kansas City,Water-cooled evaporative,10,17.474312529217023,0.0192033059303433,Forest City,Water-cooled evaporative,11,17.332512831225806,22.852894043752038,0.811475116712767,1190.0499906967577
Kansas City,Water-cooled evaporative,4,17.39951136286369,0.0159390041801391,Forest City,Water-cooled evaporative,12,17.161058771530662,18.876077953995914,1.3704556775195766,1184.2695905379442
Kansas City,Water-cooled evaporative,9,17.847691993264707,0.0166267092563554,Forest City,Water-cooled evaporative,5,17.79722792614906,19.6710405684225,0.2827484199900577,1183.0988480720223
Kansas City,Water-cooled evaporative,7,18.113247036624024,0.0166839666755964,Forest City,Water-cooled evaporative,5,17.79722792614906,19.6710405684225,1.744685035410775,1179.0385914157505
Kansas City,Water-cooled evaporative,3,17.138704051594342,0.0233070019755581,Forest City,Water-cooled evaporative,10,17.551068348095612,27.173213441099055,2.349511085722675,1165.8819727048303
Kansas City,Water-cooled evaporative,8,18.109453309300104,0.0171914066393065,Forest City,Water-cooled evaporative,5,17.79722792614906,19.6710405684225,1.7241016491132928,1144.2368260574185
Council Bluffs,Water-cooled evaporative,6,18.065271663687067,0.0255542662498215,Forest City,Water-cooled evaporative,6,17.995629734477507,28.706840078736402,0.38550169909454934,1123.3678086506172
Council Bluffs,Water-cooled evaporative,5,17.678164559991735,0.0266189030219744,Forest City,Water-cooled evaporative,6,17.995629734477507,28.706840078736402,1.7641237298717367,1078.4381330454667
Council Bluffs,Climate-responsive hybrid,9,5.962326901434639,0.0090276373674023,Forest City,Climate-responsive hybrid,6,6.0880951505970735,9.711800945619709,2.0658062341568395,1075.7854519819152
Council Bluffs,Water-cooled evaporative,9,17.812899523243495,0.0269707448142641,Forest City,Water-cooled evaporative,6,17.995629734477507,28.706840078736402,1.0154143752131286,1064.3695706747458
Council Bluffs,Water-cooled evaporative,6,18.065271663687067,0.0255542662498215,Forest City,Water-cooled evaporative,10,17.551068348095612,27.173213441099055,2.8463635928877475,1063.3533037282518
Council Bluffs,Water-cooled evaporative,7,18.12470824694942,0.0270372073180772,Forest City,Water-cooled evaporative,6,17.995629734477507,28.706840078736402,0.712168773771235,1061.7531515373216
Kansas City,Water-cooled evaporative,11,17.080305828668926,0.0261044868741696,Forest City,Water-cooled evaporative,10,17.551068348095612,27.173213441099055,2.682244237729071,1040.940339953089
Kansas City,Water-cooled evaporative,10,17.474312529217023,0.0192033059303433,Forest City,Water-cooled evaporative,5,17.79722792614906,19.6710405684225,1.8144140102716984,1024.3569851866043
Council Bluffs,Water-cooled evaporative,8,18.17576209587628,0.0280341972757222,Forest City,Water-cooled evaporative,6,17.995629734477507,28.706840078736402,0.9910580940077397,1023.9936530516148
Council Bluffs,Water-cooled evaporative,5,17.678164559991735,0.0266189030219744,Forest City,Water-cooled evaporative,10,17.551068348095612,27.173213441099055,0.7189446136493203,1020.8239392384826
Council Bluffs,Water-cooled evaporative,9,17.812899523243495,0.0269707448142641,Forest City,Water-cooled evaporative,10,17.551068348095612,27.173213441099055,1.4698964354805206,1007.5069720257735
Kansas City,Water-cooled evaporative,10,17.474312529217023,0.0192033059303433,Forest City,Water-cooled evaporative,12,17.161058771530662,18.876077953995914,1.792652827758468,982.9598102777538
Kansas City,Water-cooled evaporative,3,17.138704051594342,0.0233070019755581,Forest City,Water-cooled evaporative,11,17.332512831225806,22.852894043752038,1.1181805057273817,980.5162443336864
Kansas City,Water-cooled evaporative,4,17.39951136286369,0.0159390041801391,Forest City,Water-cooled evaporative,1,17.06378807311401,15.519826402403526,1.9294983792833658,973.7011313255131
Council Bluffs,Water-cooled evaporative,4,17.399657086027492,0.0281100447894364,Forest City,Water-cooled evaporative,10,17.551068348095612,27.173213441099055,0.862689718170624,966.6727194725282
Kansas City,Water-cooled evaporative,4,17.39951136286369,0.0159390041801391,Forest City,Water-cooled evaporative,2,17.18346880757389,14.943569593328107,1.2416587499744733,937.5472535447752
Kansas City,Water-cooled evaporative,2,16.881328443209075,0.0250908454456192,Forest City,Water-cooled evaporative,11,17.332512831225806,22.852894043752038,2.6031100764794424,910.8060584599432
Kansas City,Water-cooled evaporative,12,16.885069121742546,0.0255611534895248,Forest City,Water-cooled evaporative,11,17.332512831225806,22.852894043752038,2.581528217173199,894.0478391602072
Kansas City,Water-cooled evaporative,11,17.080305828668926,0.0261044868741696,Forest City,Water-cooled evaporative,11,17.332512831225806,22.852894043752038,1.4551092793799052,875.4393125560719
Council Bluffs,Water-cooled evaporative,5,17.678164559991735,0.0266189030219744,Forest City,Water-cooled evaporative,11,17.332512831225806,22.852894043752038,1.9552466976588159,858.5212555486057
Council Bluffs,Water-cooled evaporative,9,17.812899523243495,0.0269707448142641,Forest City,Water-cooled evaporative,11,17.332512831225806,22.852894043752038,2.6968472560620866,847.3215775511605
Kansas City,Water-cooled evaporative,5,17.73642893578077,0.0150073823564826,Forest City,Water-cooled evaporative,3,17.37517355832884,12.70987772498829,2.0367988322787283,846.9083696996713
Kansas City,Water-cooled evaporative,1,16.852532170914774,0.0270125979043672,Forest City,Water-cooled evaporative,11,17.332512831225806,22.852894043752038,2.769250281161259,846.0087446849142
Kansas City,Water-cooled evaporative,6,18.04172106591572,0.0148282923279255,Forest City,Water-cooled evaporative,4,17.53766580277945,12.316581211122307,2.793831371711686,830.6135958708479
Kansas City,Water-cooled evaporative,5,17.73642893578077,0.0150073823564826,Forest City,Water-cooled evaporative,4,17.53766580277945,12.316581211122307,1.12064910992506,820.7015000055641
Council Bluffs,Water-cooled evaporative,4,17.399657086027492,0.0281100447894364,Forest City,Water-cooled evaporative,11,17.332512831225806,22.852894043752038,0.385894126934291,812.9796382373617
Kansas City,Water-cooled evaporative,3,17.138704051594342,0.0233070019755581,Forest City,Water-cooled evaporative,12,17.161058771530662,18.876077953995914,0.13026422340214627,809.8887181539321
Kansas City,Water-cooled evaporative,10,17.474312529217023,0.0192033059303433,Forest City,Water-cooled evaporative,1,17.06378807311401,15.519826402403526,2.349302471365415,808.1851353459158
Kansas City,Water-cooled evaporative,6,18.04172106591572,0.0148282923279255,Fort Wayne,Water-cooled evaporative,9,17.754465867605767,11.829776833810485,1.5921718180902025,797.7841663892721
Kansas City,Water-cooled evaporative,4,17.39951136286369,0.0159390041801391,Forest City,Water-cooled evaporative,3,17.37517355832884,12.70987772498829,0.13987636794672892,797.4072646787756
Kansas City,Water-cooled evaporative,5,17.73642893578077,0.0150073823564826,Fort Wayne,Water-cooled evaporative,9,17.754465867605767,11.829776833810485,0.10159095722450094,788.2638392764402
Kansas City,Water-cooled evaporative,10,17.474312529217023,0.0192033059303433,Forest City,Water-cooled evaporative,2,17.18346880757389,14.943569593328107,1.6644072329417332,778.1769268027779
Kansas City,Water-cooled evaporative,4,17.39951136286369,0.0159390041801391,Forest City,Water-cooled evaporative,4,17.53766580277945,12.316581211122307,0.7877584250343264,772.7321651919423
Council Bluffs,Water-cooled evaporative,6,18.065271663687067,0.0255542662498215,Forest City,Water-cooled evaporative,5,17.79722792614906,19.6710405684225,1.483751490307238,769.7752060699418
Kansas City,Water-cooled evaporative,9,17.847691993264707,0.0166267092563554,Forest City,Water-cooled evaporative,3,17.37517355832884,12.70987772498829,2.6475044230603313,764.4253308952319
Kansas City,Water-cooled evaporative,2,16.881328443209075,0.0250908454456192,Forest City,Water-cooled evaporative,12,17.161058771530662,18.876077953995914,1.6300295456457856,752.309362986875
Kansas City,Water-cooled evaporative,4,17.39951136286369,0.0159390041801391,Fort Wayne,Water-cooled evaporative,9,17.754465867605767,11.829776833810485,1.999240683380477,742.1904593356625
Kansas City,Water-cooled evaporative,9,17.847691993264707,0.0166267092563554,Forest City,Water-cooled evaporative,4,17.53766580277945,12.316581211122307,1.737066006082204,740.770829706691
Council Bluffs,Water-cooled evaporative,5,17.678164559991735,0.0266189030219744,Forest City,Water-cooled evaporative,5,17.79722792614906,19.6710405684225,0.6689995017841326,738.9876491974027
Kansas City,Water-cooled evaporative,12,16.885069121742546,0.0255611534895248,Forest City,Water-cooled evaporative,12,17.161058771530662,18.876077953995914,1.6082320645971377,738.4673763541816
Council Bluffs,Water-cooled evaporative,9,17.812899523243495,0.0269707448142641,Forest City,Water-cooled evaporative,5,17.79722792614906,19.6710405684225,0.08797892265650556,729.347324439443
Council Bluffs,Water-cooled evaporative,7,18.12470824694942,0.0270372073180772,Forest City,Water-cooled evaporative,5,17.79722792614906,19.6710405684225,1.806817060657957,727.5544525366107
Kansas City,Water-cooled evaporative,11,17.080305828668926,0.0261044868741696,Forest City,Water-cooled evaporative,12,17.161058771530662,18.876077953995914,0.470559211624523,723.097069288644
Kansas City,Water-cooled evaporative,9,17.847691993264707,0.0166267092563554,Fort Wayne,Water-cooled evaporative,9,17.754465867605767,11.829776833810485,0.5223427527442872,711.4923735909236
Council Bluffs,Water-cooled evaporative,5,17.678164559991735,0.0266189030219744,Forest City,Water-cooled evaporative,12,17.161058771530662,18.876077953995914,2.92511016461154,709.1230595946557
Kansas City,Water-cooled evaporative,7,18.113247036624024,0.0166839666755964,Fort Wayne,Water-cooled evaporative,9,17.754465867605767,11.829776833810485,1.9807667189257738,709.0506151102467
Council Bluffs,Climate-responsive hybrid,9,5.962326901434639,0.0090276373674023,Forest City,Climate-responsive hybrid,5,5.785684546482061,6.394840584286989,2.9626412283780437,708.3625896824324
Council Bluffs,Water-cooled evaporative,8,18.17576209587628,0.0280341972757222,Forest City,Water-cooled evaporative,5,17.79722792614906,19.6710405684225,2.0826316262859907,701.6801792094741
Council Bluffs,Water-cooled evaporative,4,17.399657086027492,0.0281100447894364,Forest City,Water-cooled evaporative,5,17.79722792614906,19.6710405684225,2.2338919396397974,699.7868810160975
Kansas City,Water-cooled evaporative,1,16.852532170914774,0.0270125979043672,Forest City,Water-cooled evaporative,12,17.161058771530662,18.876077953995914,1.7978296369902211,698.787951489263
Kansas City,Water-cooled evaporative,8,18.109453309300104,0.0171914066393065,Fort Wayne,Water-cooled evaporative,9,17.754465867605767,11.829776833810485,1.960232789092721,688.1215180358096
Council Bluffs,Water-cooled evaporative,10,17.42218299677707,0.0402559269828757,Forest City,Water-cooled evaporative,10,17.551068348095612,27.173213441099055,0.7343447633062498,675.0114946466928
Council Bluffs,Water-cooled evaporative,4,17.399657086027492,0.0281100447894364,Forest City,Water-cooled evaporative,12,17.161058771530662,18.876077953995914,1.3712817058241478,671.5065057843466
Kansas City,Water-cooled evaporative,3,17.138704051594342,0.0233070019755581,Forest City,Water-cooled evaporative,1,17.06378807311401,15.519826402403526,0.43711577173398514,665.8868617542087
Kansas City,Water-cooled evaporative,10,17.474312529217023,0.0192033059303433,Forest City,Water-cooled evaporative,3,17.37517355832884,12.70987772498829,0.5673411799315355,661.8588367592118
Kansas City,Water-cooled evaporative,10,17.474312529217023,0.0192033059303433,Forest City,Water-cooled evaporative,4,17.53766580277945,12.316581211122307,0.3612411952358371,641.3781697692363
Kansas City,Water-cooled evaporative,3,17.138704051594342,0.0233070019755581,Forest City,Water-cooled evaporative,2,17.18346880757389,14.943569593328107,0.2605105900376709,641.1622399568735
Kansas City,Water-cooled evaporative,2,16.881328443209075,0.0250908454456192,Forest City,Water-cooled evaporative,1,17.06378807311401,15.519826402403526,1.0692797468132134,618.5453748874472
Kansas City,Water-cooled evaporative,10,17.474312529217023,0.0192033059303433,Fort Wayne,Water-cooled evaporative,9,17.754465867605767,11.829776833810485,1.5779316622523802,616.0281399838639
Kansas City,Water-cooled evaporative,12,16.885069121742546,0.0255611534895248,Forest City,Water-cooled evaporative,1,17.06378807311401,15.519826402403526,1.0473580110447906,607.1645557296034
Kansas City,Water-cooled evaporative,2,16.881328443209075,0.0250908454456192,Forest City,Water-cooled evaporative,2,17.18346880757389,14.943569593328107,1.7583199745539377,595.5785597466672
Kansas City,Water-cooled evaporative,11,17.080305828668926,0.0261044868741696,Forest City,Water-cooled evaporative,1,17.06378807311401,15.519826402403526,0.09670643910362701,594.5271583851893
Kansas City,Water-cooled evaporative,12,16.885069121742546,0.0255611534895248,Forest City,Water-cooled evaporative,2,17.18346880757389,14.943569593328107,1.7365509209631809,584.6203145508329
Kansas City,Water-cooled evaporative,5,17.73642893578077,0.0150073823564826,Fort Wayne,Water-cooled evaporative,10,17.377248463785236,8.651257190054936,2.0251002797464843,576.4667671253097
Kansas City,Water-cooled evaporative,1,16.852532170914774,0.0270125979043672,Forest City,Water-cooled evaporative,1,17.06378807311401,15.519826402403526,1.238036368560483,574.5403110559164
Kansas City,Water-cooled evaporative,11,17.080305828668926,0.0261044868741696,Forest City,Water-cooled evaporative,2,17.18346880757389,14.943569593328107,0.60036177828946,572.4521483743384
Council Bluffs,Water-cooled evaporative,3,17.0513355964971,0.0475899670194202,Forest City,Water-cooled evaporative,10,17.551068348095612,27.173213441099055,2.8473067376136965,570.9861792930092
Council Bluffs,Water-cooled evaporative,10,17.42218299677707,0.0402559269828757,Forest City,Water-cooled evaporative,11,17.332512831225806,22.852894043752038,0.5146896090337998,567.6901702815919
Council Bluffs,Water-cooled evaporative,5,17.678164559991735,0.0266189030219744,Forest City,Water-cooled evaporative,2,17.18346880757389,14.943569593328107,2.798343406856911,561.3893848665331
Kansas City,Water-cooled evaporative,1,16.852532170914774,0.0270125979043672,Forest City,Water-cooled evaporative,2,17.18346880757389,14.943569593328107,1.9259012273077956,553.2074199687451
Council Bluffs,Water-cooled evaporative,4,17.399657086027492,0.0281100447894364,Forest City,Water-cooled evaporative,1,17.06378807311401,15.519826402403526,1.9303197255720332,552.1096290901604
Council Bluffs,Water-cooled evaporative,11,17.14229831979521,0.0493426049820603,Forest City,Water-cooled evaporative,10,17.551068348095612,27.173213441099055,2.329032171678349,550.7048817341228
Kansas City,Water-cooled evaporative,3,17.138704051594342,0.0233070019755581,Forest City,Water-cooled evaporative,3,17.37517355832884,12.70987772498829,1.3609619837215678,545.3244367644133
Kansas City,Water-cooled evaporative,4,17.39951136286369,0.0159390041801391,Fort Wayne,Water-cooled evaporative,10,17.377248463785236,8.651257190054936,0.12795128905730122,542.7727536978057
Kansas City,Water-cooled evaporative,6,18.04172106591572,0.0148282923279255,Fort Wayne,Water-cooled evaporative,8,17.982517090353113,7.967996641116271,0.3281503762656796,537.3509278685096
Council Bluffs,Water-cooled evaporative,4,17.399657086027492,0.0281100447894364,Forest City,Water-cooled evaporative,2,17.18346880757389,14.943569593328107,1.2424858569609794,531.6095973971488
Kansas City,Water-cooled evaporative,5,17.73642893578077,0.0150073823564826,Fort Wayne,Water-cooled evaporative,8,17.982517090353113,7.967996641116271,1.368485587061451,530.9384709368992
Kansas City,Water-cooled evaporative,3,17.138704051594342,0.0233070019755581,Forest City,Water-cooled evaporative,4,17.53766580277945,12.316581211122307,2.2748851282243012,528.4498291130976
Kansas City,Water-cooled evaporative,9,17.847691993264707,0.0166267092563554,Fort Wayne,Water-cooled evaporative,10,17.377248463785236,8.651257190054936,2.635878799662194,520.3228766839762
Kansas City,Water-cooled evaporative,2,16.881328443209075,0.0250908454456192,Forest City,Water-cooled evaporative,3,17.37517355832884,12.70987772498829,2.8422456527522777,506.5543826546269
Kansas City,Water-cooled evaporative,12,16.885069121742546,0.0255611534895248,Forest City,Water-cooled evaporative,3,17.37517355832884,12.70987772498829,2.8207167827187547,497.23412248187145
Council Bluffs,Water-cooled evaporative,12,16.848479469873773,0.0462184965543775,Forest City,Water-cooled evaporative,11,17.332512831225806,22.852894043752038,2.7926323555348014,494.4534276848425
Council Bluffs,Water-cooled evaporative,10,17.42218299677707,0.0402559269828757,Forest City,Water-cooled evaporative,5,17.79722792614906,19.6710405684225,2.1073221679705707,488.64954909100175
Kansas City,Water-cooled evaporative,11,17.080305828668926,0.0261044868741696,Forest City,Water-cooled evaporative,3,17.37517355832884,12.70987772498829,1.6970635065602968,486.88479441305236
Council Bluffs,Water-cooled evaporative,6,18.065271663687067,0.0255542662498215,Forest City,Water-cooled evaporative,4,17.53766580277945,12.316581211122307,2.9205531515374616,481.97749411835844
Kansas City,Climate-responsive hybrid,4,0.6507959225851914,0.0005961684046278,Fort Wayne,Climate-responsive hybrid,11,0.6501559396891163,0.28648356372807227,0.09833849197038493,480.5413395010924
Council Bluffs,Water-cooled evaporative,3,17.0513355964971,0.0475899670194202,Forest City,Water-cooled evaporative,11,17.332512831225806,22.852894043752038,1.622253146249768,480.2040319638461
Kansas City,Water-cooled evaporative,9,17.847691993264707,0.0166267092563554,Fort Wayne,Water-cooled evaporative,8,17.982517090353113,7.967996641116271,0.7497565352557575,479.22872278954304
Kansas City,Water-cooled evaporative,7,18.113247036624024,0.0166839666755964,Fort Wayne,Water-cooled evaporative,8,17.982517090353113,7.967996641116271,0.7217366715453174,477.5840659506376
Council Bluffs,Water-cooled evaporative,5,17.678164559991735,0.0266189030219744,Forest City,Water-cooled evaporative,3,17.37517355832884,12.70987772498829,1.713927939943544,477.475638815621
Kansas City,Water-cooled evaporative,4,17.39951136286369,0.0159390041801391,Fort Wayne,Water-cooled evaporative,11,17.11463249756379,7.5413614034547445,1.6372808371384933,473.138805801413
Kansas City,Water-cooled evaporative,5,17.73642893578077,0.0150073823564826,New Albany,Water-cooled evaporative,10,17.342821927071753,7.088610837405631,2.219201002265839,472.34158956066244
Kansas City,Water-cooled evaporative,11,17.080305828668926,0.0261044868741696,Forest City,Water-cooled evaporative,4,17.53766580277945,12.316581211122307,2.60787255985936,471.81855251518346
Council Bluffs,Water-cooled evaporative,9,17.812899523243495,0.0269707448142641,Forest City,Water-cooled evaporative,3,17.37517355832884,12.70987772498829,2.4573538089263924,471.2468199345529
Council Bluffs,Water-cooled evaporative,10,17.42218299677707,0.0402559269828757,Forest City,Water-cooled evaporative,12,17.161058771530662,18.876077953995914,1.498803136752232,468.9018330648684
Kansas City,Water-cooled evaporative,8,18.109453309300104,0.0171914066393065,Fort Wayne,Water-cooled evaporative,8,17.982517090353113,7.967996641116271,0.7009389890406181,463.48718335230416
Council Bluffs,Water-cooled evaporative,11,17.14229831979521,0.0493426049820603,Forest City,Water-cooled evaporative,11,17.332512831225806,22.852894043752038,1.0974433614029186,463.1472953659573
Council Bluffs,Water-cooled evaporative,6,18.065271663687067,0.0255542662498215,Fort Wayne,Water-cooled evaporative,9,17.754465867605767,11.829776833810485,1.7204601285130419,462.92766609540655
Council Bluffs,Water-cooled evaporative,5,17.678164559991735,0.0266189030219744,Forest City,Water-cooled evaporative,4,17.53766580277945,12.316581211122307,0.7947587360412635,462.7005553517641
Council Bluffs,Water-cooled evaporative,9,17.812899523243495,0.0269707448142641,Forest City,Water-cooled evaporative,4,17.53766580277945,12.316581211122307,1.5451371075489433,456.6644820505068
Kansas City,Water-cooled evaporative,4,17.39951136286369,0.0159390041801391,New Albany,Water-cooled evaporative,12,16.9650384555364,7.223122576219711,2.4970408551506735,453.17276378032005
Council Bluffs,Water-cooled evaporative,4,17.399657086027492,0.0281100447894364,Forest City,Water-cooled evaporative,3,17.37517355832884,12.70987772498829,0.14071270242626738,452.1471886720221
Kansas City,Water-cooled evaporative,10,17.474312529217023,0.0192033059303433,Fort Wayne,Water-cooled evaporative,10,17.377248463785236,8.651257190054936,0.5554671479607374,450.508741642501
Kansas City,Water-cooled evaporative,4,17.39951136286369,0.0159390041801391,New Albany,Water-cooled evaporative,10,17.342821927071753,7.088610837405631,0.32581050473021944,444.7336080279369
Kansas City,Water-cooled evaporative,6,18.04172106591572,0.0148282923279255,New Albany,Water-cooled evaporative,9,17.744729047966636,6.59353106459328,1.6461401706855923,444.65882643653845
Council Bluffs,Water-cooled evaporative,5,17.678164559991735,0.0266189030219744,Fort Wayne,Water-cooled evaporative,9,17.754465867605767,11.829776833810485,0.42975839534124216,444.41263503776935
Kansas City,Water-cooled evaporative,4,17.39951136286369,0.0159390041801391,New Albany,Water-cooled evaporative,11,17.184289368160883,7.081530635583124,1.236942752094542,444.2894019945807
Kansas City,Water-cooled evaporative,5,17.73642893578077,0.0150073823564826,New Albany,Water-cooled evaporative,9,17.744729047966636,6.59353106459328,0.04677508551092253,439.3525071842481
Council Bluffs,Water-cooled evaporative,9,17.812899523243495,0.0269707448142641,Fort Wayne,Water-cooled evaporative,9,17.754465867605767,11.829776833810485,0.328041235294006,438.6151333705117
Council Bluffs,Water-cooled evaporative,4,17.399657086027492,0.0281100447894364,Forest City,Water-cooled evaporative,4,17.53766580277945,12.316581211122307,0.786927509646615,438.1558728697156
Council Bluffs,Water-cooled evaporative,7,18.12470824694942,0.0270372073180772,Fort Wayne,Water-cooled evaporative,9,17.754465867605767,11.829776833810485,2.042749457255237,437.53693547709867
Kansas City,Water-cooled evaporative,5,17.73642893578077,0.0150073823564826,New Albany,Water-cooled evaporative,4,17.360773418512416,6.453821140580956,2.117988455446745,430.0430939439055
Kansas City,Water-cooled evaporative,9,17.847691993264707,0.0166267092563554,New Albany,Water-cooled evaporative,10,17.342821927071753,7.088610837405631,2.82876949234377,426.33877384342173
Council Bluffs,Water-cooled evaporative,8,18.17576209587628,0.0280341972757222,Fort Wayne,Water-cooled evaporative,9,17.754465867605767,11.829776833810485,2.3179013130134294,421.9766564907193
Council Bluffs,Water-cooled evaporative,4,17.399657086027492,0.0281100447894364,Fort Wayne,Water-cooled evaporative,9,17.754465867605767,11.829776833810485,1.998419914313768,420.8380642017351
Kansas City,Water-cooled evaporative,10,17.474312529217023,0.0192033059303433,Fort Wayne,Water-cooled evaporative,8,17.982517090353113,7.967996641116271,2.8261035904073784,414.92838108286213
Kansas City,Water-cooled evaporative,4,17.39951136286369,0.0159390041801391,New Albany,Water-cooled evaporative,9,17.744729047966636,6.59353106459328,1.9454660827436152,413.6727106709208
Kansas City,Water-cooled evaporative,6,18.04172106591572,0.0148282923279255,New Albany,Water-cooled evaporative,5,17.607896950391954,6.099115392109956,2.4045605956260085,411.31610149226344
Council Bluffs,Water-cooled evaporative,12,16.848479469873773,0.0462184965543775,Forest City,Water-cooled evaporative,12,17.161058771530662,18.876077953995914,1.8214453188368693,408.4096057038035
Council Bluffs,Water-cooled evaporative,1,16.786137022735872,0.046218602077775,Forest City,Water-cooled evaporative,12,17.161058771530662,18.876077953995914,2.1847238785567624,408.40867324874796
Kansas City,Water-cooled evaporative,5,17.73642893578077,0.0150073823564826,New Albany,Water-cooled evaporative,5,17.607896950391954,6.099115392109956,0.7246779261721585,406.4076763843748
Kansas City,Water-cooled evaporative,6,18.04172106591572,0.0148282923279255,New Albany,Water-cooled evaporative,8,17.973948046279865,6.021781884775739,0.37564608935170185,406.10083424341246
Kansas City,Water-cooled evaporative,4,17.39951136286369,0.0159390041801391,New Albany,Water-cooled evaporative,4,17.360773418512416,6.453821140580956,0.22263811634363032,404.9074250587613
Council Bluffs,Water-cooled evaporative,2,16.780793662112494,0.0468668477096319,Forest City,Water-cooled evaporative,12,17.161058771530662,18.876077953995914,2.215860422604048,402.7597091860004
Kansas City,Water-cooled evaporative,5,17.73642893578077,0.0150073823564826,New Albany,Water-cooled evaporative,8,17.973948046279865,6.021781884775739,1.3214632082363063,401.25464532957443
Kansas City,Water-cooled evaporative,6,18.04172106591572,0.0148282923279255,Mayes County,Water-cooled evaporative,10,17.611557906068775,5.949134315685416,2.384268985621365,401.2015803385304
Kansas City,Water-cooled evaporative,6,18.04172106591572,0.0148282923279255,New Albany,Water-cooled evaporative,7,18.03482783797511,5.944723850658858,0.038207152828845466,400.90414453614517
Montgomery County / Clarksville,Water-cooled evaporative,3,17.386294144336638,0.06840600668931116,Forest City,Water-cooled evaporative,10,17.551068348095612,27.173213441099055,0.9388272012333231,397.2343183912975
Council Bluffs,Water-cooled evaporative,3,17.0513355964971,0.0475899670194202,Forest City,Water-cooled evaporative,12,17.161058771530662,18.876077953995914,0.6393729926243649,396.63986205943553
Kansas City,Water-cooled evaporative,9,17.847691993264707,0.0166267092563554,New Albany,Water-cooled evaporative,9,17.744729047966636,6.59353106459328,0.5768978159020588,396.56260074873
Kansas City,Water-cooled evaporative,5,17.73642893578077,0.0150073823564826,Mayes County,Water-cooled evaporative,10,17.611557906068775,5.949134315685416,0.7040370424290068,396.41385648547987
Kansas City,Water-cooled evaporative,5,17.73642893578077,0.0150073823564826,New Albany,Water-cooled evaporative,7,18.03482783797511,5.944723850658858,1.6545702840923053,396.11997012196935
Kansas City,Water-cooled evaporative,4,17.39951136286369,0.0159390041801391,New Albany,Water-cooled evaporative,3,17.140821915955286,6.311753558576083,1.4867627113973705,395.99422192516164
Kansas City,Water-cooled evaporative,7,18.113247036624024,0.0166839666755964,New Albany,Water-cooled evaporative,9,17.744729047966636,6.59353106459328,2.0345219601558124,395.2016443570115
Kansas City,Water-cooled evaporative,10,17.474312529217023,0.0192033059303433,Fort Wayne,Water-cooled evaporative,11,17.11463249756379,7.5413614034547445,2.0583358060687615,392.7116211557396
Kansas City,Water-cooled evaporative,6,18.04172106591572,0.0148282923279255,Fort Wayne,Water-cooled evaporative,7,17.95146502148568,5.777467960620443,0.5002629411034929,389.6246332923974
Kansas City,Water-cooled evaporative,6,18.04172106591572,0.0148282923279255,New Albany,Water-cooled evaporative,6,17.889797109319222,5.757620868123333,0.842070199630298,388.28617218991883
Kansas City,Water-cooled evaporative,9,17.847691993264707,0.0166267092563554,New Albany,Water-cooled evaporative,4,17.360773418512416,6.453821140580956,2.7281879076355797,388.1598602028868
Council Bluffs,Water-cooled evaporative,10,17.42218299677707,0.0402559269828757,Forest City,Water-cooled evaporative,1,17.06378807311401,15.519826402403526,2.0571183515255176,385.52897835405554
Kansas City,Water-cooled evaporative,5,17.73642893578077,0.0150073823564826,Fort Wayne,Water-cooled evaporative,7,17.95146502148568,5.777467960620443,1.1978748556039376,384.9750624981447
Kansas City,Water-cooled evaporative,5,17.73642893578077,0.0150073823564826,New Albany,Water-cooled evaporative,6,17.889797109319222,5.757620868123333,0.8572940911585867,383.6525738705036
Kansas City,Water-cooled evaporative,8,18.109453309300104,0.0171914066393065,New Albany,Water-cooled evaporative,9,17.744729047966636,6.59353106459328,2.013999291442793,383.53644951413133
Kansas City,Water-cooled evaporative,4,17.39951136286369,0.0159390041801391,New Albany,Water-cooled evaporative,5,17.607896950391954,6.099115392109956,1.1834780048711246,382.65347842180745
Council Bluffs,Water-cooled evaporative,11,17.14229831979521,0.0493426049820603,Forest City,Water-cooled evaporative,12,17.161058771530662,18.876077953995914,0.10931989678035241,382.55130552711535
Kansas City,Water-cooled evaporative,10,17.474312529217023,0.0192033059303433,New Albany,Water-cooled evaporative,12,16.9650384555364,7.223122576219711,2.914415504639262,376.1395356830928
Kansas City,Water-cooled evaporative,4,17.39951136286369,0.0159390041801391,Mayes County,Water-cooled evaporative,10,17.611557906068775,5.949134315685416,1.204019226101595,373.24378916333893
Council Bluffs,Water-cooled evaporative,10,17.42218299677707,0.0402559269828757,Forest City,Water-cooled evaporative,2,17.18346880757389,14.943569593328107,1.370173813736998,371.2141469176673
Kansas City,Water-cooled evaporative,3,17.138704051594342,0.0233070019755581,Fort Wayne,Water-cooled evaporative,10,17.377248463785236,8.651257190054936,1.3727398367355363,371.18704495444985
Kansas City,Water-cooled evaporative,10,17.474312529217023,0.0192033059303433,New Albany,Water-cooled evaporative,10,17.342821927071753,7.088610837405631,0.7524794004079868,369.134922034693
Kansas City,Water-cooled evaporative,10,17.474312529217023,0.0192033059303433,New Albany,Water-cooled evaporative,11,17.184289368160883,7.081530635583124,1.6597114225307705,368.76622500678593
Kansas City,Water-cooled evaporative,9,17.847691993264707,0.0166267092563554,New Albany,Water-cooled evaporative,5,17.607896950391954,6.099115392109956,1.3435633187935239,366.8263694319806
Kansas City,Water-cooled evaporative,7,18.113247036624024,0.0166839666755964,New Albany,Water-cooled evaporative,5,17.607896950391954,6.099115392109956,2.789947518577311,365.5674643027859
Kansas City,Water-cooled evaporative,9,17.847691993264707,0.0166267092563554,New Albany,Water-cooled evaporative,8,17.973948046279865,6.021781884775739,0.7024391785826368,362.17520809019805
Kansas City,Water-cooled evaporative,4,17.39951136286369,0.0159390041801391,New Albany,Water-cooled evaporative,6,17.889797109319222,5.757620868123333,2.740588635296086,361.2283931324677
Kansas City,Water-cooled evaporative,7,18.113247036624024,0.0166839666755964,New Albany,Water-cooled evaporative,8,17.973948046279865,6.021781884775739,0.769044832560963,360.93226520188307
Kansas City,Water-cooled evaporative,9,17.847691993264707,0.0166267092563554,Mayes County,Water-cooled evaporative,10,17.611557906068775,5.949134315685416,1.3230511109506118,357.80587871959193
Kansas City,Water-cooled evaporative,9,17.847691993264707,0.0166267092563554,New Albany,Water-cooled evaporative,7,18.03482783797511,5.944723850658858,1.0376358809279065,357.54061486259195
Kansas City,Water-cooled evaporative,7,18.113247036624024,0.0166839666755964,Mayes County,Water-cooled evaporative,10,17.611557906068775,5.949134315685416,2.7697360365088617,356.5779308578458
Kansas City,Water-cooled evaporative,7,18.113247036624024,0.0166839666755964,New Albany,Water-cooled evaporative,7,18.03482783797511,5.944723850658858,0.4329383820049117,356.3135773553295
Kansas City,Water-cooled evaporative,8,18.109453309300104,0.0171914066393065,New Albany,Water-cooled evaporative,5,17.607896950391954,6.099115392109956,2.769583103044729,354.7769836451262
Kansas City,Water-cooled evaporative,8,18.109453309300104,0.0171914066393065,New Albany,Water-cooled evaporative,8,17.973948046279865,6.021781884775739,0.7482570605853133,350.27860204339026
Montgomery County / Clarksville,Water-cooled evaporative,2,17.033207441225265,0.0778148194990946,Forest City,Water-cooled evaporative,10,17.551068348095612,27.173213441099055,2.9505947820352336,349.2035786501467
Kansas City,Climate-responsive hybrid,7,8.757832132443449,0.0080667689869583,New Albany,Climate-responsive hybrid,7,8.509378303172815,2.804900862243553,2.83693299338583,347.71057244583176
Kansas City,Water-cooled evaporative,9,17.847691993264707,0.0166267092563554,Fort Wayne,Water-cooled evaporative,7,17.95146502148568,5.777467960620443,0.5780755392207314,347.4811444370486
Kansas City,Water-cooled evaporative,7,18.113247036624024,0.0166839666755964,Fort Wayne,Water-cooled evaporative,7,17.95146502148568,5.777467960620443,0.8931695946686312,346.28862985390236
Kansas City,Water-cooled evaporative,9,17.847691993264707,0.0166267092563554,New Albany,Water-cooled evaporative,6,17.889797109319222,5.757620868123333,0.23535826480995228,346.2874570879104
Kansas City,Water-cooled evaporative,8,18.109453309300104,0.0171914066393065,Mayes County,Water-cooled evaporative,10,17.611557906068775,5.949134315685416,2.7493673868975104,346.0527948936588
Kansas City,Water-cooled evaporative,8,18.109453309300104,0.0171914066393065,New Albany,Water-cooled evaporative,7,18.03482783797511,5.944723850658858,0.412080199498174,345.79624433214315
Kansas City,Water-cooled evaporative,7,18.113247036624024,0.0166839666755964,New Albany,Water-cooled evaporative,6,17.889797109319222,5.757620868123333,1.2336271175068632,345.09903909991573
Kansas City,Water-cooled evaporative,2,16.881328443209075,0.0250908454456192,Fort Wayne,Water-cooled evaporative,10,17.377248463785236,8.651257190054936,2.853846635211984,344.79735682104825
Kansas City,Water-cooled evaporative,10,17.474312529217023,0.0192033059303433,New Albany,Water-cooled evaporative,9,17.744729047966636,6.59353106459328,1.5239258825459496,343.3539562672273
Kansas City,Water-cooled evaporative,12,16.885069121742546,0.0255611534895248,Fort Wayne,Water-cooled evaporative,10,17.377248463785236,8.651257190054936,2.832320335802343,338.45331720261777
Kansas City,Water-cooled evaporative,10,17.474312529217023,0.0192033059303433,New Albany,Water-cooled evaporative,4,17.360773418512416,6.453821140580956,0.649748655432197,336.0786504152507
Kansas City,Water-cooled evaporative,8,18.109453309300104,0.0171914066393065,Fort Wayne,Water-cooled evaporative,7,17.95146502148568,5.777467960620443,0.8724078254382628,336.06720391400773
Council Bluffs,Water-cooled evaporative,12,16.848479469873773,0.0462184965543775,Forest City,Water-cooled evaporative,1,17.06378807311401,15.519826402403526,1.2617866696286641,335.79254106943887
Council Bluffs,Water-cooled evaporative,1,16.786137022735872,0.046218602077775,Forest City,Water-cooled evaporative,1,17.06378807311401,15.519826402403526,1.6271360684302634,335.7917744090858
Kansas City,Water-cooled evaporative,8,18.109453309300104,0.0171914066393065,New Albany,Water-cooled evaporative,6,17.889797109319222,5.757620868123333,1.2129366703084172,334.9127263943072
Montgomery County / Clarksville,Water-cooled evaporative,3,17.386294144336638,0.06840600668931116,Forest City,Water-cooled evaporative,11,17.332512831225806,22.852894043752038,0.3093316647259807,334.0773003684622
Kansas City,Water-cooled evaporative,11,17.080305828668926,0.0261044868741696,Fort Wayne,Water-cooled evaporative,10,17.377248463785236,8.651257190054936,1.7088012278534643,331.4088199379762
Council Bluffs,Water-cooled evaporative,2,16.780793662112494,0.0468668477096319,Forest City,Water-cooled evaporative,1,17.06378807311401,15.519826402403526,1.6584501037457702,331.1472215617768
Kansas City,Water-cooled evaporative,10,17.474312529217023,0.0192033059303433,New Albany,Water-cooled evaporative,3,17.140821915955286,6.311753558576083,1.9084619935928346,328.6805710157869
Council Bluffs,Water-cooled evaporative,3,17.0513355964971,0.0475899670194202,Forest City,Water-cooled evaporative,1,17.06378807311401,15.519826402403526,0.07297603886988778,326.11551077709925
Kansas City,Water-cooled evaporative,6,18.04172106591572,0.0148282923279255,Fort Wayne,Water-cooled evaporative,6,17.801545760713267,4.8202201951417925,1.3312216962282484,325.06913733175287
Council Bluffs,Water-cooled evaporative,5,17.678164559991735,0.0266189030219744,Fort Wayne,Water-cooled evaporative,10,17.377248463785236,8.651257190054936,1.7021908308711902,325.00427169794193
Kansas City,Water-cooled evaporative,3,17.138704051594342,0.0233070019755581,Fort Wayne,Water-cooled evaporative,11,17.11463249756379,7.5413614034547445,0.14045142478735434,323.56634334022544
Council Bluffs,Water-cooled evaporative,12,16.848479469873773,0.0462184965543775,Forest City,Water-cooled evaporative,2,17.18346880757389,14.943569593328107,1.9494861104672114,323.32444167123725
Council Bluffs,Water-cooled evaporative,1,16.786137022735872,0.046218602077775,Forest City,Water-cooled evaporative,2,17.18346880757389,14.943569593328107,2.3122908959039132,323.32370347726237
Montgomery County / Clarksville,Water-cooled evaporative,5,17.821154768270667,0.14664534676849442,Forest City,Water-cooled evaporative,8,18.178730541556863,47.387271201364186,1.967000789569837,323.14200379077397
Kansas City,Water-cooled evaporative,5,17.73642893578077,0.0150073823564826,Fort Wayne,Water-cooled evaporative,6,17.801545760713267,4.8202201951417925,0.36579309352004186,321.1899371018322
Council Bluffs,Water-cooled evaporative,9,17.812899523243495,0.0269707448142641,Fort Wayne,Water-cooled evaporative,10,17.377248463785236,8.651257190054936,2.4457054781552623,320.764489435958
Council Bluffs,Water-cooled evaporative,2,16.780793662112494,0.0468668477096319,Forest City,Water-cooled evaporative,2,17.18346880757389,14.943569593328107,2.3433868328373393,318.85160456944834
Kansas City,Water-cooled evaporative,10,17.474312529217023,0.0192033059303433,New Albany,Water-cooled evaporative,5,17.607896950391954,6.099115392109956,0.75866198871613,317.60757310399845
Council Bluffs,Water-cooled evaporative,10,17.42218299677707,0.0402559269828757,Forest City,Water-cooled evaporative,3,17.37517355832884,12.70987772498829,0.2698251904306587,315.72686750934565
Montgomery County / Clarksville,Water-cooled evaporative,4,17.495966388685023,0.10614035284181425,Forest City,Water-cooled evaporative,9,17.970017364380077,33.386214972073056,2.6380106712345817,314.54780465851695
Council Bluffs,Water-cooled evaporative,11,17.14229831979521,0.0493426049820603,Forest City,Water-cooled evaporative,1,17.06378807311401,15.519826402403526,0.45799136858175793,314.53196295668084
Council Bluffs,Water-cooled evaporative,3,17.0513355964971,0.0475899670194202,Forest City,Water-cooled evaporative,2,17.18346880757389,14.943569593328107,0.768955398682665,314.0067230395439
Kansas City,Water-cooled evaporative,10,17.474312529217023,0.0192033059303433,New Albany,Water-cooled evaporative,8,17.973948046279865,6.021781884775739,2.7797761280736166,313.58047966421617
Council Bluffs,Water-cooled evaporative,6,18.065271663687067,0.0255542662498215,Fort Wayne,Water-cooled evaporative,8,17.982517090353113,7.967996641116271,0.4580865146927114,311.80690391264625
Kansas City,Water-cooled evaporative,3,17.138704051594342,0.0233070019755581,New Albany,Water-cooled evaporative,12,16.9650384555364,7.223122576219711,1.0132947948406001,309.9121278573088
Kansas City,Water-cooled evaporative,10,17.474312529217023,0.0192033059303433,Mayes County,Water-cooled evaporative,10,17.611557906068775,5.949134315685416,0.779291517444111,309.7974034921321
Council Bluffs,Water-cooled evaporative,4,17.399657086027492,0.0281100447894364,Fort Wayne,Water-cooled evaporative,10,17.377248463785236,8.651257190054936,0.12878772341008518,307.7639062783006
Council Bluffs,Water-cooled evaporative,10,17.42218299677707,0.0402559269828757,Forest City,Water-cooled evaporative,4,17.53766580277945,12.316581211122307,0.6584844716568685,305.95696420955863
Kansas City,Water-cooled evaporative,3,17.138704051594342,0.0233070019755581,New Albany,Water-cooled evaporative,10,17.342821927071753,7.088610837405631,1.1769588382775709,304.14082621348774
Kansas City,Water-cooled evaporative,3,17.138704051594342,0.0233070019755581,New Albany,Water-cooled evaporative,11,17.184289368160883,7.081530635583124,0.26527321316528585,303.8370461807777
Council Bluffs,Water-cooled evaporative,11,17.14229831979521,0.0493426049820603,Forest City,Water-cooled evaporative,2,17.18346880757389,14.943569593328107,0.2395935782217379,302.853276570242
Kansas City,Water-cooled evaporative,4,17.39951136286369,0.0159390041801391,Fort Wayne,Water-cooled evaporative,6,17.801545760713267,4.8202201951417925,2.2584240899845733,302.41664665274754
Kansas City,Water-cooled evaporative,10,17.474312529217023,0.0192033059303433,Fort Wayne,Water-cooled evaporative,7,17.95146502148568,5.777467960620443,2.658014216096378,300.857986722558
Kansas City,Water-cooled evaporative,2,16.881328443209075,0.0250908454456192,Fort Wayne,Water-cooled evaporative,11,17.11463249756379,7.5413614034547445,1.363184715698248,300.5622676126861
Kansas City,Water-cooled evaporative,10,17.474312529217023,0.0192033059303433,New Albany,Water-cooled evaporative,6,17.889797109319222,5.757620868123333,2.3224666974325974,299.82446194463165
Council Bluffs,Water-cooled evaporative,5,17.678164559991735,0.0266189030219744,Fort Wayne,Water-cooled evaporative,8,17.982517090353113,7.967996641116271,1.6924912615523129,299.33602577606376
Montgomery County / Clarksville,Water-cooled evaporative,8,18.225878581836163,0.15943836333341305,Forest City,Water-cooled evaporative,8,18.178730541556863,47.387271201364186,0.25868733881661765,297.2137333238253
Council Bluffs,Water-cooled evaporative,9,17.812899523243495,0.0269707448142641,Fort Wayne,Water-cooled evaporative,8,17.982517090353113,7.967996641116271,0.9432359566648844,295.43109380139225
Kansas City,Water-cooled evaporative,12,16.885069121742546,0.0255611534895248,Fort Wayne,Water-cooled evaporative,11,17.11463249756379,7.5413614034547445,1.3413281053736956,295.03212390416047
Council Bluffs,Water-cooled evaporative,7,18.12470824694942,0.0270372073180772,Fort Wayne,Water-cooled evaporative,8,17.982517090353113,7.967996641116271,0.7845155610724942,294.7048690117056
Council Bluffs,Water-cooled evaporative,10,17.42218299677707,0.0402559269828757,Fort Wayne,Water-cooled evaporative,9,17.754465867605767,11.829776833810485,1.8715452963018635,293.8642262254376
Montgomery County / Clarksville,Water-cooled evaporative,2,17.033207441225265,0.0778148194990946,Forest City,Water-cooled evaporative,11,17.332512831225806,22.852894043752038,1.7268436083965844,293.68305665758095
Kansas City,Water-cooled evaporative,3,17.138704051594342,0.0233070019755581,New Albany,Water-cooled evaporative,1,16.867860356409007,6.759291788974309,1.5803044055722457,290.0112076217582
Kansas City,Water-cooled evaporative,9,17.847691993264707,0.0166267092563554,Fort Wayne,Water-cooled evaporative,6,17.801545760713267,4.8202201951417925,0.2585557424951874,289.9082506840197
Kansas City,Water-cooled evaporative,7,18.113247036624024,0.0166839666755964,Fort Wayne,Water-cooled evaporative,6,17.801545760713267,4.8202201951417925,1.7208470423912028,288.91331952804234
Kansas City,Water-cooled evaporative,11,17.080305828668926,0.0261044868741696,Fort Wayne,Water-cooled evaporative,11,17.11463249756379,7.5413614034547445,0.2005691264463284,288.89138636610875
Kansas City,Water-cooled evaporative,2,16.881328443209075,0.0250908454456192,New Albany,Water-cooled evaporative,12,16.9650384555364,7.223122576219711,0.49342659933675886,287.87880391973204
Montgomery County / Clarksville,Water-cooled evaporative,3,17.386294144336638,0.06840600668931116,Forest City,Water-cooled evaporative,5,17.79722792614906,19.6710405684225,2.3089763389985323,287.5630594512721
Council Bluffs,Water-cooled evaporative,8,18.17576209587628,0.0280341972757222,Fort Wayne,Water-cooled evaporative,8,17.982517090353113,7.967996641116271,1.0632016666140804,284.2241767349126
Kansas City,Water-cooled evaporative,12,16.885069121742546,0.0255611534895248,New Albany,Water-cooled evaporative,12,16.9650384555364,7.223122576219711,0.47137726214677467,282.5820274182781
Kansas City,Water-cooled evaporative,2,16.881328443209075,0.0250908454456192,New Albany,Water-cooled evaporative,10,17.342821927071753,7.088610837405631,2.6610057221558496,282.51781522345175
Kansas City,Water-cooled evaporative,2,16.881328443209075,0.0250908454456192,New Albany,Water-cooled evaporative,11,17.184289368160883,7.081530635583124,1.7630110763447413,282.23563255097656
Kansas City,Water-cooled evaporative,8,18.109453309300104,0.0171914066393065,Fort Wayne,Water-cooled evaporative,6,17.801545760713267,4.8202201951417925,1.7002586623015878,280.38544467448185
Kansas City,Water-cooled evaporative,1,16.852532170914774,0.0270125979043672,Fort Wayne,Water-cooled evaporative,11,17.11463249756379,7.5413614034547445,1.5314399925696605,279.17941954911015
Montgomery County / Clarksville,Water-cooled evaporative,5,17.821154768270667,0.14664534676849442,Forest City,Water-cooled evaporative,7,18.187688983789265,40.84580884228518,2.0152874609044127,278.5346398121142
Kansas City,Water-cooled evaporative,12,16.885069121742546,0.0255611534895248,New Albany,Water-cooled evaporative,10,17.342821927071753,7.088610837405631,2.6394366917569814,277.31967731075247
Kansas City,Water-cooled evaporative,12,16.885069121742546,0.0255611534895248,New Albany,Water-cooled evaporative,11,17.184289368160883,7.081530635583124,1.7412430622399369,277.04268660978863
Kansas City,Water-cooled evaporative,3,17.138704051594342,0.0233070019755581,New Albany,Water-cooled evaporative,4,17.360773418512416,6.453821140580956,1.2791444342063325,276.90481801773717
Kansas City,Water-cooled evaporative,11,17.080305828668926,0.0261044868741696,New Albany,Water-cooled evaporative,12,16.9650384555364,7.223122576219711,0.6748554404631988,276.70042361058603
Kansas City,Water-cooled evaporative,3,17.138704051594342,0.0233070019755581,New Albany,Water-cooled evaporative,2,16.87703640074658,6.446942234838222,1.5267645094987248,276.60967470630015
Kansas City,Water-cooled evaporative,5,17.73642893578077,0.0150073823564826,Mayes County,Water-cooled evaporative,11,17.23413316543787,4.143638813801687,2.832000580058061,276.1066997144774
Montgomery County / Clarksville,Water-cooled evaporative,3,17.386294144336638,0.06840600668931116,Forest City,Water-cooled evaporative,12,17.161058771530662,18.876077953995914,1.2954766032147425,275.94181954996964
Kansas City,Water-cooled evaporative,11,17.080305828668926,0.0261044868741696,New Albany,Water-cooled evaporative,10,17.342821927071753,7.088610837405631,1.5136873313162795,271.54760296858444
Kansas City,Water-cooled evaporative,11,17.080305828668926,0.0261044868741696,New Albany,Water-cooled evaporative,11,17.184289368160883,7.081530635583124,0.6051081733098459,271.2763774947172
Kansas City,Water-cooled evaporative,3,17.138704051594342,0.0233070019755581,New Albany,Water-cooled evaporative,3,17.140821915955286,6.311753558576083,0.012355675657375987,270.8093286813627
Montgomery County / Clarksville,Water-cooled evaporative,4,17.495966388685023,0.10614035284181425,Forest City,Water-cooled evaporative,6,17.995629734477507,28.706840078736402,2.7765816098960308,270.46113292575444
Kansas City,Water-cooled evaporative,2,16.881328443209075,0.0250908454456192,New Albany,Water-cooled evaporative,1,16.867860356409007,6.759291788974309,0.07978096537470684,269.39274739163744
Council Bluffs,Water-cooled evaporative,4,17.399657086027492,0.0281100447894364,Fort Wayne,Water-cooled evaporative,11,17.11463249756379,7.5413614034547445,1.6381046307664702,268.27994974553536
Kansas City,Water-cooled evaporative,1,16.852532170914774,0.0270125979043672,New Albany,Water-cooled evaporative,12,16.9650384555364,7.223122576219711,0.6631655148704474,267.3982932627124
Council Bluffs,Water-cooled evaporative,3,17.0513355964971,0.0475899670194202,Forest City,Water-cooled evaporative,3,17.37517355832884,12.70987772498829,1.8637969902551343,267.07053021914743
Council Bluffs,Water-cooled evaporative,5,17.678164559991735,0.0266189030219744,New Albany,Water-cooled evaporative,10,17.342821927071753,7.088610837405631,1.8969312780293452,266.2998858951419
Council Bluffs,Water-cooled evaporative,5,17.678164559991735,0.0266189030219744,New Albany,Water-cooled evaporative,11,17.184289368160883,7.081530635583124,2.7937017451945443,266.03390191313247
Kansas City,Water-cooled evaporative,12,16.885069121742546,0.0255611534895248,New Albany,Water-cooled evaporative,1,16.867860356409007,6.759291788974309,0.10191705588803018,264.43610190535145
Council Bluffs,Water-cooled evaporative,9,17.812899523243495,0.0269707448142641,New Albany,Water-cooled evaporative,10,17.342821927071753,7.088610837405631,2.638972928345279,262.82592068635256
Kansas City,Water-cooled evaporative,1,16.852532170914774,0.0270125979043672,New Albany,Water-cooled evaporative,10,17.342821927071753,7.088610837405631,2.827047168094647,262.41870043382966
Kansas City,Water-cooled evaporative,1,16.852532170914774,0.0270125979043672,New Albany,Water-cooled evaporative,11,17.184289368160883,7.081530635583124,1.9305843269887546,262.15659303314305
Kansas City,Water-cooled evaporative,3,17.138704051594342,0.0233070019755581,New Albany,Water-cooled evaporative,5,17.607896950391954,6.099115392109956,2.66467313001379,261.68596881340886
Kansas City,Water-cooled evaporative,4,17.39951136286369,0.0159390041801391,Mayes County,Water-cooled evaporative,11,17.23413316543787,4.143638813801687,0.9504761023277464,259.96848780332806
Kansas City,Water-cooled evaporative,11,17.080305828668926,0.0261044868741696,New Albany,Water-cooled evaporative,1,16.867860356409007,6.759291788974309,1.243803678874027,258.93218363401854
Council Bluffs,Water-cooled evaporative,3,17.0513355964971,0.0475899670194202,Forest City,Water-cooled evaporative,4,17.53766580277945,12.316581211122307,2.7730612029639325,258.80625649722003
Council Bluffs,Water-cooled evaporative,6,18.065271663687067,0.0255542662498215,New Albany,Water-cooled evaporative,9,17.744729047966636,6.59353106459328,1.7743581258440315,258.020754739508
Council Bluffs,Water-cooled evaporative,11,17.14229831979521,0.0493426049820603,Forest City,Water-cooled evaporative,3,17.37517355832884,12.70987772498829,1.3402757546672144,257.5842465068327
Kansas City,Water-cooled evaporative,2,16.881328443209075,0.0250908454456192,New Albany,Water-cooled evaporative,4,17.360773418512416,6.453821140580956,2.761656774991901,257.2181616824625
Council Bluffs,Water-cooled evaporative,4,17.399657086027492,0.0281100447894364,New Albany,Water-cooled evaporative,12,16.9650384555364,7.223122576219711,2.4978574482373226,256.95877151124716
Kansas City,Water-cooled evaporative,2,16.881328443209075,0.0250908454456192,New Albany,Water-cooled evaporative,2,16.87703640074658,6.446942234838222,0.025424790927646688,256.94400170018355
Montgomery County / Clarksville,Water-cooled evaporative,8,18.225878581836163,0.15943836333341305,Forest City,Water-cooled evaporative,7,18.187688983789265,40.84580884228518,0.2095350184377825,256.18557534280234
Montgomery County / Clarksville,Water-cooled evaporative,4,17.495966388685023,0.10614035284181425,Forest City,Water-cooled evaporative,10,17.551068348095612,27.173213441099055,0.3139521670005216,256.01208883860147
Kansas City,Water-cooled evaporative,3,17.138704051594342,0.0233070019755581,Mayes County,Water-cooled evaporative,10,17.611557906068775,5.949134315685416,2.6849064517540056,255.250946557787
Kansas City,Water-cooled evaporative,12,16.885069121742546,0.0255611534895248,New Albany,Water-cooled evaporative,4,17.360773418512416,6.453821140580956,2.7401100475316893,252.48552039037648
Kansas City,Water-cooled evaporative,12,16.885069121742546,0.0255611534895248,New Albany,Water-cooled evaporative,2,16.87703640074658,6.446942234838222,0.04757292338012051,252.21640476750156
Council Bluffs,Water-cooled evaporative,4,17.399657086027492,0.0281100447894364,New Albany,Water-cooled evaporative,10,17.342821927071753,7.088610837405631,0.3266452820002947,252.173587431262
Council Bluffs,Water-cooled evaporative,4,17.399657086027492,0.0281100447894364,New Albany,Water-cooled evaporative,11,17.184289368160883,7.081530635583124,1.2377698985778107,251.92171299009541
Kansas City,Water-cooled evaporative,2,16.881328443209075,0.0250908454456192,New Albany,Water-cooled evaporative,3,17.140821915955286,6.311753558576083,1.513891655946004,251.55603354442167
Kansas City,Water-cooled evaporative,10,17.474312529217023,0.0192033059303433,Fort Wayne,Water-cooled evaporative,6,17.801545760713267,4.8202201951417925,1.8382293082571757,251.00991530449573
Kansas City,Water-cooled evaporative,1,16.852532170914774,0.0270125979043672,New Albany,Water-cooled evaporative,1,16.867860356409007,6.759291788974309,0.09087213891007542,250.2273869734505
Council Bluffs,Water-cooled evaporative,11,17.14229831979521,0.0493426049820603,Forest City,Water-cooled evaporative,4,17.53766580277945,12.316581211122307,2.2543905638889616,249.61351788379025
Council Bluffs,Water-cooled evaporative,5,17.678164559991735,0.0266189030219744,New Albany,Water-cooled evaporative,9,17.744729047966636,6.59353106459328,0.37512259440517415,247.70108141384327
Kansas City,Water-cooled evaporative,11,17.080305828668926,0.0261044868741696,New Albany,Water-cooled evaporative,4,17.360773418512416,6.453821140580956,1.6155247412215907,247.23033904822756
Kansas City,Water-cooled evaporative,11,17.080305828668926,0.0261044868741696,New Albany,Water-cooled evaporative,2,16.87703640074658,6.446942234838222,1.1900807278354681,246.9668247422045
Kansas City,Water-cooled evaporative,12,16.885069121742546,0.0255611534895248,New Albany,Water-cooled evaporative,3,17.140821915955286,6.311753558576083,1.4920684402810085,246.92757160441522
Montgomery County / Clarksville,Water-cooled evaporative,9,17.929409655793705,0.19265116217094047,Forest City,Water-cooled evaporative,8,18.178730541556863,47.387271201364186,1.3714977797443362,245.97448916148863
Council Bluffs,Water-cooled evaporative,9,17.812899523243495,0.0269707448142641,New Albany,Water-cooled evaporative,9,17.744729047966636,6.59353106459328,0.38270285636487555,244.46974342014238
Montgomery County / Clarksville,Water-cooled evaporative,7,18.23208011967617,0.19419104628193018,Forest City,Water-cooled evaporative,8,18.178730541556863,47.387271201364186,0.2926137762071969,244.02397591785186
Council Bluffs,Water-cooled evaporative,7,18.12470824694942,0.0270372073180772,New Albany,Water-cooled evaporative,9,17.744729047966636,6.59353106459328,2.096470706207031,243.8687911448907
Montgomery County / Clarksville,Water-cooled evaporative,2,17.033207441225265,0.0778148194990946,Forest City,Water-cooled evaporative,12,17.161058771530662,18.876077953995914,0.7450084054108359,242.57690341639284
Council Bluffs,Water-cooled evaporative,5,17.678164559991735,0.0266189030219744,New Albany,Water-cooled evaporative,4,17.360773418512416,6.453821140580956,1.7953851509993408,242.45255844139055
Kansas City,Water-cooled evaporative,11,17.080305828668926,0.0261044868741696,New Albany,Water-cooled evaporative,3,17.140821915955286,6.311753558576083,0.3530524241082555,241.78807225747713
Council Bluffs,Water-cooled evaporative,9,17.812899523243495,0.0269707448142641,New Albany,Water-cooled evaporative,4,17.360773418512416,6.453821140580956,2.5381948859090206,239.28968906960642
Kansas City,Water-cooled evaporative,1,16.852532170914774,0.0270125979043672,New Albany,Water-cooled evaporative,4,17.360773418512416,6.453821140580956,2.9275265297552124,238.91893565474314
Council Bluffs,Water-cooled evaporative,6,18.065271663687067,0.0255542662498215,New Albany,Water-cooled evaporative,5,17.607896950391954,6.099115392109956,2.5317898441266204,238.67307840046317
Kansas City,Water-cooled evaporative,1,16.852532170914774,0.0270125979043672,New Albany,Water-cooled evaporative,2,16.87703640074658,6.446942234838222,0.14519272963540844,238.66428018742795
Council Bluffs,Water-cooled evaporative,6,18.065271663687067,0.0255542662498215,New Albany,Water-cooled evaporative,8,17.973948046279865,6.021781884775739,0.505520310501453,235.6468319577676
Council Bluffs,Water-cooled evaporative,8,18.17576209587628,0.0280341972757222,New Albany,Water-cooled evaporative,9,17.744729047966636,6.59353106459328,2.371471664494533,235.19600007606857
Council Bluffs,Water-cooled evaporative,4,17.399657086027492,0.0281100447894364,New Albany,Water-cooled evaporative,9,17.744729047966636,6.59353106459328,1.9446448633076534,234.561385938136
Kansas City,Water-cooled evaporative,1,16.852532170914774,0.0270125979043672,New Albany,Water-cooled evaporative,3,17.140821915955286,6.311753558576083,1.6818898560060378,233.65962729396142
Kansas City,Water-cooled evaporative,11,17.080305828668926,0.0261044868741696,New Albany,Water-cooled evaporative,5,17.607896950391954,6.099115392109956,2.996332402497864,233.6424163979654
Council Bluffs,Water-cooled evaporative,6,18.065271663687067,0.0255542662498215,Mayes County,Water-cooled evaporative,10,17.611557906068775,5.949134315685416,2.5115246870618635,232.80395756724073
Council Bluffs,Water-cooled evaporative,6,18.065271663687067,0.0255542662498215,New Albany,Water-cooled evaporative,7,18.03482783797511,5.944723850658858,0.16852127263134775,232.63136544569667
Kansas City,Water-cooled evaporative,3,17.138704051594342,0.0233070019755581,Fort Wayne,Water-cooled evaporative,12,16.830439289174144,5.42128023027673,1.7986468608839825,232.60307078370656
Council Bluffs,Water-cooled evaporative,4,17.399657086027492,0.0281100447894364,New Albany,Water-cooled evaporative,4,17.360773418512416,6.453821140580956,0.22347375768859956,229.59127916460193
Council Bluffs,Water-cooled evaporative,5,17.678164559991735,0.0266189030219744,New Albany,Water-cooled evaporative,5,17.607896950391954,6.099115392109956,0.39748249520658646,229.12722538096415
Montgomery County / Clarksville,Water-cooled evaporative,5,17.821154768270667,0.14664534676849442,Forest City,Water-cooled evaporative,9,17.970017364380077,33.386214972073056,0.8283942808229197,227.66637815504023
Montgomery County / Clarksville,Water-cooled evaporative,3,17.386294144336638,0.06840600668931116,Forest City,Water-cooled evaporative,1,17.06378807311401,15.519826402403526,1.8549442943117285,226.87812304103684
Council Bluffs,Water-cooled evaporative,5,17.678164559991735,0.0266189030219744,New Albany,Water-cooled evaporative,8,17.973948046279865,6.021781884775739,1.6456233517896994,226.22201522747372
Council Bluffs,Water-cooled evaporative,9,17.812899523243495,0.0269707448142641,New Albany,Water-cooled evaporative,5,17.607896950391954,6.099115392109956,1.150865823860059,226.13818914204768
Council Bluffs,Water-cooled evaporative,6,18.065271663687067,0.0255542662498215,Fort Wayne,Water-cooled evaporative,7,17.95146502148568,5.777467960620443,0.6299747068301662,226.08623953977937
Council Bluffs,Water-cooled evaporative,7,18.12470824694942,0.0270372073180772,New Albany,Water-cooled evaporative,5,17.607896950391954,6.099115392109956,2.851418569148289,225.5822992499695
Council Bluffs,Water-cooled evaporative,6,18.065271663687067,0.0255542662498215,New Albany,Water-cooled evaporative,6,17.889797109319222,5.757620868123333,0.9713363719880618,225.30957499762104
Council Bluffs,Water-cooled evaporative,4,17.399657086027492,0.0281100447894364,New Albany,Water-cooled evaporative,3,17.140821915955286,6.311753558576083,1.4875877656236098,224.53729995293372
Council Bluffs,Water-cooled evaporative,5,17.678164559991735,0.0266189030219744,Mayes County,Water-cooled evaporative,10,17.611557906068775,5.949134315685416,0.3767735824436263,223.4928430662336
Council Bluffs,Water-cooled evaporative,5,17.678164559991735,0.0266189030219744,New Albany,Water-cooled evaporative,7,18.03482783797511,5.944723850658858,1.9776361670188307,223.3271538557159
Council Bluffs,Water-cooled evaporative,9,17.812899523243495,0.0269707448142641,New Albany,Water-cooled evaporative,8,17.973948046279865,6.021781884775739,0.896010840922084,223.27087836265392
Kansas City,Water-cooled evaporative,3,17.138704051594342,0.0233070019755581,Fort Wayne,Water-cooled evaporative,2,16.799944420034144,5.202059116517799,1.9765767034683357,223.1972658677064
Montgomery County / Clarksville,Water-cooled evaporative,1,17.018934267468634,0.10251914500766245,Forest City,Water-cooled evaporative,11,17.332512831225806,22.852894043752038,1.809192739740756,222.91342794600925
Council Bluffs,Water-cooled evaporative,7,18.12470824694942,0.0270372073180772,New Albany,Water-cooled evaporative,8,17.973948046279865,6.021781884775739,0.8317938066392333,222.72203685583858
Kansas City,Water-cooled evaporative,6,18.04172106591572,0.0148282923279255,Mayes County,Water-cooled evaporative,9,17.925119247041305,3.3010240931505765,0.6462898880234765,222.61660480849142
Council Bluffs,Water-cooled evaporative,9,17.812899523243495,0.0269707448142641,Mayes County,Water-cooled evaporative,10,17.611557906068775,5.949134315685416,1.1303135512104314,220.57730910490392
Council Bluffs,Water-cooled evaporative,9,17.812899523243495,0.0269707448142641,New Albany,Water-cooled evaporative,7,18.03482783797511,5.944723850658858,1.2305541074493243,220.41378136190195
Council Bluffs,Water-cooled evaporative,7,18.12470824694942,0.0270372073180772,Mayes County,Water-cooled evaporative,10,17.611557906068775,5.949134315685416,2.8312198678674703,220.03508889425123
Kansas City,Climate-responsive hybrid,6,6.628519416788915,0.0054479072841429,Mayes County,Climate-responsive hybrid,9,6.508167372930304,1.1985201885809202,1.8156700809200332,219.99643644256312
Kansas City,Water-cooled evaporative,5,17.73642893578077,0.0150073823564826,Mayes County,Water-cooled evaporative,9,17.925119247041305,3.3010240931505765,1.0526586108579536,219.96001799238917
Council Bluffs,Water-cooled evaporative,7,18.12470824694942,0.0270372073180772,New Albany,Water-cooled evaporative,7,18.03482783797511,5.944723850658858,0.49589989394415385,219.87196313297446
Kansas City,Water-cooled evaporative,4,17.39951136286369,0.0159390041801391,Mayes County,Water-cooled evaporative,2,17.03489650235795,3.4988698853981868,2.095546552439118,219.51621606059783
Council Bluffs,Climate-responsive hybrid,9,5.962326901434639,0.0090276373674023,New Albany,Climate-responsive hybrid,6,6.134218033425603,1.9742259536566504,2.8021686065660307,218.68689152106842
Montgomery County / Clarksville,Water-cooled evaporative,3,17.386294144336638,0.06840600668931116,Forest City,Water-cooled evaporative,2,17.18346880757389,14.943569593328107,1.166581763076947,218.45405566793784
Council Bluffs,Water-cooled evaporative,5,17.678164559991735,0.0266189030219744,Fort Wayne,Water-cooled evaporative,7,17.95146502148568,5.777467960620443,1.522440988336268,217.04380364025656
Council Bluffs,Water-cooled evaporative,4,17.399657086027492,0.0281100447894364,New Albany,Water-cooled evaporative,5,17.607896950391954,6.099115392109956,1.1826504036862062,216.9728094635399
Council Bluffs,Water-cooled evaporative,5,17.678164559991735,0.0266189030219744,New Albany,Water-cooled evaporative,6,17.889797109319222,5.757620868123333,1.1829790356719136,216.2982021975252
Kansas City,Water-cooled evaporative,2,16.881328443209075,0.0250908454456192,Fort Wayne,Water-cooled evaporative,12,16.830439289174144,5.42128023027673,0.30145230694449127,216.06606449458133
Kansas City,Water-cooled evaporative,10,17.474312529217023,0.0192033059303433,Mayes County,Water-cooled evaporative,11,17.23413316543787,4.143638813801687,1.3744710321368725,215.7773681694197
Montgomery County / Clarksville,Water-cooled evaporative,4,17.495966388685023,0.10614035284181425,Forest City,Water-cooled evaporative,11,17.332512831225806,22.852894043752038,0.9342356622548476,215.30825394758895
Council Bluffs,Water-cooled evaporative,10,17.42218299677707,0.0402559269828757,Fort Wayne,Water-cooled evaporative,10,17.377248463785236,8.651257190054936,0.2579156297471309,214.90642095349233
Council Bluffs,Water-cooled evaporative,8,18.17576209587628,0.0280341972757222,New Albany,Water-cooled evaporative,8,17.973948046279865,6.021781884775739,1.1103471124448878,214.80129520207956
Council Bluffs,Water-cooled evaporative,9,17.812899523243495,0.0269707448142641,Fort Wayne,Water-cooled evaporative,7,17.95146502148568,5.777467960620443,0.7718896372877709,214.21239941304464
Council Bluffs,Water-cooled evaporative,7,18.12470824694942,0.0270372073180772,Fort Wayne,Water-cooled evaporative,7,17.95146502148568,5.777467960620443,0.9558400781038676,213.6858253388323
Council Bluffs,Water-cooled evaporative,9,17.812899523243495,0.0269707448142641,New Albany,Water-cooled evaporative,6,17.889797109319222,5.757620868123333,0.42984045937373705,213.47652457407418
Council Bluffs,Water-cooled evaporative,7,18.12470824694942,0.0270372073180772,New Albany,Water-cooled evaporative,6,17.889797109319222,5.757620868123333,1.2960823116683113,212.95175941761417
Kansas City,Water-cooled evaporative,12,16.885069121742546,0.0255611534895248,Fort Wayne,Water-cooled evaporative,12,16.830439289174144,5.42128023027673,0.32353928890972883,212.0905941313807
Council Bluffs,Water-cooled evaporative,8,18.17576209587628,0.0280341972757222,New Albany,Water-cooled evaporative,7,18.03482783797511,5.944723850658858,0.7753966912514976,212.05257964732337
Montgomery County / Clarksville,Water-cooled evaporative,9,17.929409655793705,0.19265116217094047,Forest City,Water-cooled evaporative,7,18.187688983789265,40.84580884228518,1.4200777692304096,212.01952992135318
Council Bluffs,Water-cooled evaporative,4,17.399657086027492,0.0281100447894364,Mayes County,Water-cooled evaporative,10,17.611557906068775,5.949134315685416,1.2031917969520678,211.63731186657762
Montgomery County / Clarksville,Water-cooled evaporative,7,18.23208011967617,0.19419104628193018,Forest City,Water-cooled evaporative,7,18.187688983789265,40.84580884228518,0.24347817470918906,210.33827060689745
Montgomery County / Clarksville,Water-cooled evaporative,8,18.225878581836163,0.15943836333341305,Forest City,Water-cooled evaporative,9,17.970017364380077,33.386214972073056,1.4038347523673105,209.39888163714235
Kansas City,Water-cooled evaporative,3,17.138704051594342,0.0233070019755581,Fort Wayne,Water-cooled evaporative,1,16.75566997613035,4.84178592905253,2.234906876919674,207.7395425687988
Kansas City,Water-cooled evaporative,11,17.080305828668926,0.0261044868741696,Fort Wayne,Water-cooled evaporative,12,16.830439289174144,5.42128023027673,1.462892655442893,207.67618442027637
Kansas City,Water-cooled evaporative,2,16.881328443209075,0.0250908454456192,Fort Wayne,Water-cooled evaporative,2,16.799944420034144,5.202059116517799,0.48209489821086343,207.32896895772265
Kansas City,Water-cooled evaporative,4,17.39951136286369,0.0159390041801391,Mayes County,Water-cooled evaporative,9,17.925119247041305,3.3010240931505765,2.932242050575869,207.1035339374488
Montgomery County / Clarksville,Water-cooled evaporative,12,17.126348403620877,0.13125244922250706,Forest City,Water-cooled evaporative,10,17.551068348095612,27.173213441099055,2.4199093528162288,207.0301438339896
Council Bluffs,Water-cooled evaporative,8,18.17576209587628,0.0280341972757222,Fort Wayne,Water-cooled evaporative,7,17.95146502148568,5.777467960620443,1.2340449506735516,206.0864416340456
Council Bluffs,Water-cooled evaporative,8,18.17576209587628,0.0280341972757222,New Albany,Water-cooled evaporative,6,17.889797109319222,5.757620868123333,1.573331478749592,205.37848155579155
Council Bluffs,Water-cooled evaporative,4,17.399657086027492,0.0281100447894364,New Albany,Water-cooled evaporative,6,17.889797109319222,5.757620868123333,2.7397740751146027,204.8243220973812
Kansas City,Water-cooled evaporative,12,16.885069121742546,0.0255611534895248,Fort Wayne,Water-cooled evaporative,2,16.799944420034144,5.202059116517799,0.5041418610409404,203.514255279976
Kansas City,Water-cooled evaporative,1,16.852532170914774,0.0270125979043672,Fort Wayne,Water-cooled evaporative,12,16.830439289174144,5.42128023027673,0.13109532452790087,200.6945148137809
Montgomery County / Clarksville,Water-cooled evaporative,2,17.033207441225265,0.0778148194990946,Forest City,Water-cooled evaporative,1,17.06378807311401,15.519826402403526,0.17921361750225684,199.44563904802354
Kansas City,Water-cooled evaporative,11,17.080305828668926,0.0261044868741696,Fort Wayne,Water-cooled evaporative,2,16.799944420034144,5.202059116517799,1.6414308470062724,199.2783517099215
Kansas City,Water-cooled evaporative,4,17.39951136286369,0.0159390041801391,Mayes County,Water-cooled evaporative,12,17.04331351118919,3.174402907106473,2.047171579971754,199.1594249697204
Kansas City,Water-cooled evaporative,9,17.847691993264707,0.0166267092563554,Mayes County,Water-cooled evaporative,9,17.925119247041305,3.3010240931505765,0.43194833300413393,198.537428077585
Kansas City,Water-cooled evaporative,7,18.113247036624024,0.0166839666755964,Mayes County,Water-cooled evaporative,9,17.925119247041305,3.3010240931505765,1.0386199073105695,197.85607088145153
Montgomery County / Clarksville,Water-cooled evaporative,5,17.821154768270667,0.14664534676849442,Forest City,Water-cooled evaporative,6,17.995629734477507,28.706840078736402,0.9695407650701285,195.75691088279277
Kansas City,Water-cooled evaporative,2,16.881328443209075,0.0250908454456192,Fort Wayne,Water-cooled evaporative,1,16.75566997613035,4.84178592905253,0.7443636174810324,192.97021854231278
Kansas City,Water-cooled evaporative,1,16.852532170914774,0.0270125979043672,Fort Wayne,Water-cooled evaporative,2,16.799944420034144,5.202059116517799,0.31204658354777726,192.57900091411676
Montgomery County / Clarksville,Water-cooled evaporative,6,18.08988933307039,0.2464654370419071,Forest City,Water-cooled evaporative,8,18.178730541556863,47.387271201364186,0.4887096394513484,192.26740986529003
Montgomery County / Clarksville,Water-cooled evaporative,2,17.033207441225265,0.0778148194990946,Forest City,Water-cooled evaporative,2,17.18346880757389,14.943569593328107,0.8744530457226216,192.040149800797
Kansas City,Water-cooled evaporative,8,18.109453309300104,0.0171914066393065,Mayes County,Water-cooled evaporative,9,17.925119247041305,3.3010240931505765,1.0178886082890977,192.0159392660227
Kansas City,Water-cooled evaporative,6,18.04172106591572,0.0148282923279255,Fort Wayne,Water-cooled evaporative,5,17.64714703608572,2.8409254489710696,2.1870088135628394,191.58817388708164
Kansas City,Water-cooled evaporative,12,16.885069121742546,0.0255611534895248,Fort Wayne,Water-cooled evaporative,1,16.75566997613035,4.84178592905253,0.7663524779153713,189.41969622132817
Kansas City,Water-cooled evaporative,5,17.73642893578077,0.0150073823564826,Fort Wayne,Water-cooled evaporative,5,17.64714703608572,2.8409254489710696,0.5033814868726765,189.30186367537317
Council Bluffs,Water-cooled evaporative,6,18.065271663687067,0.0255542662498215,Fort Wayne,Water-cooled evaporative,6,17.801545760713267,4.8202201951417925,1.4598501914804531,188.62682841364943
Council Bluffs,Water-cooled evaporative,10,17.42218299677707,0.0402559269828757,Fort Wayne,Water-cooled evaporative,11,17.11463249756379,7.5413614034547445,1.7652810745368424,187.33543029980981
Kansas City,Water-cooled evaporative,5,17.73642893578077,0.0150073823564826,Mayes County,Water-cooled evaporative,3,17.328948035857564,2.805691263418541,2.297423576068169,186.95407345349554
Kansas City,Water-cooled evaporative,4,17.39951136286369,0.0159390041801391,Mayes County,Water-cooled evaporative,1,16.97112774996448,2.9657169719923138,2.462043927357195,186.06664120759592
Montgomery County / Clarksville,Water-cooled evaporative,3,17.386294144336638,0.06840600668931116,Forest City,Water-cooled evaporative,3,17.37517355832884,12.70987772498829,0.06396179608764492,185.80060933412568
Kansas City,Water-cooled evaporative,11,17.080305828668926,0.0261044868741696,Fort Wayne,Water-cooled evaporative,1,16.75566997613035,4.84178592905253,1.9006442612618972,185.47715388512304
Montgomery County / Clarksville,Water-cooled evaporative,4,17.495966388685023,0.10614035284181425,Forest City,Water-cooled evaporative,5,17.79722792614906,19.6710405684225,1.69274416619343,185.3304614291149
Montgomery County / Clarksville,Water-cooled evaporative,5,17.821154768270667,0.14664534676849442,Forest City,Water-cooled evaporative,10,17.551068348095612,27.173213441099055,1.5155382672279183,185.29884541100898
Montgomery County / Clarksville,Water-cooled evaporative,1,17.018934267468634,0.10251914500766245,Forest City,Water-cooled evaporative,12,17.161058771530662,18.876077953995914,0.82818027695241,184.1224675896886
Kansas City,Water-cooled evaporative,10,17.474312529217023,0.0192033059303433,Mayes County,Water-cooled evaporative,2,17.03489650235795,3.4988698853981868,2.5146398527803115,182.20143438269105
Henrico,Water-cooled evaporative,5,17.76193221788505,0.2603086423781433,Forest City,Water-cooled evaporative,8,18.178730541556863,47.387271201364186,2.2927801406099584,182.0426351136125
Council Bluffs,Water-cooled evaporative,3,17.0513355964971,0.0475899670194202,Fort Wayne,Water-cooled evaporative,10,17.377248463785236,8.651257190054936,1.8755148029755606,181.7874172202008
Henrico,Water-cooled evaporative,4,17.502653145767887,0.1839295959169961,Forest City,Water-cooled evaporative,9,17.970017364380077,33.386214972073056,2.600800038950394,181.51627423321048
Council Bluffs,Water-cooled evaporative,5,17.678164559991735,0.0266189030219744,Fort Wayne,Water-cooled evaporative,6,17.801545760713267,4.8202201951417925,0.6930926245395244,181.08260100585704
Montgomery County / Clarksville,Water-cooled evaporative,3,17.386294144336638,0.06840600668931116,Forest City,Water-cooled evaporative,4,17.53766580277945,12.316581211122307,0.8631231781074442,180.05116520048006
Montgomery County / Clarksville,Water-cooled evaporative,8,18.225878581836163,0.15943836333341305,Forest City,Water-cooled evaporative,6,17.995629734477507,28.706840078736402,1.2633072601949669,180.04976643359956
Council Bluffs,Water-cooled evaporative,10,17.42218299677707,0.0402559269828757,New Albany,Water-cooled evaporative,12,16.9650384555364,7.223122576219711,2.623922279574476,179.43003968812653
Kansas City,Water-cooled evaporative,1,16.852532170914774,0.0270125979043672,Fort Wayne,Water-cooled evaporative,1,16.75566997613035,4.84178592905253,0.5747634468343936,179.24177253124347
Council Bluffs,Water-cooled evaporative,9,17.812899523243495,0.0269707448142641,Fort Wayne,Water-cooled evaporative,6,17.801545760713267,4.8202201951417925,0.06373899159657842,178.72032190199317
Council Bluffs,Water-cooled evaporative,7,18.12470824694942,0.0270372073180772,Fort Wayne,Water-cooled evaporative,6,17.801545760713267,4.8202201951417925,1.782994141660433,178.28099398117095
Kansas City,Water-cooled evaporative,4,17.39951136286369,0.0159390041801391,Fort Wayne,Water-cooled evaporative,5,17.64714703608572,2.8409254489710696,1.4032618004238933,178.2373237915969
Montgomery County / Clarksville,Water-cooled evaporative,4,17.495966388685023,0.10614035284181425,Forest City,Water-cooled evaporative,12,17.161058771530662,18.876077953995914,1.91419902001499,177.84073115083555
Kansas City,Water-cooled evaporative,3,17.138704051594342,0.0233070019755581,Mayes County,Water-cooled evaporative,11,17.23413316543787,4.143638813801687,0.5537215764057541,177.7851487783411
Council Bluffs,Water-cooled evaporative,10,17.42218299677707,0.0402559269828757,New Albany,Water-cooled evaporative,10,17.342821927071753,7.088610837405631,0.45551736955121264,176.08862517117106
Kansas City,Water-cooled evaporative,4,17.39951136286369,0.0159390041801391,Mayes County,Water-cooled evaporative,3,17.328948035857564,2.805691263418541,0.4055477509370319,176.02675999762837
Council Bluffs,Water-cooled evaporative,10,17.42218299677707,0.0402559269828757,New Albany,Water-cooled evaporative,11,17.184289368160883,7.081530635583124,1.3654639528249477,175.91274543486495
Council Bluffs,Water-cooled evaporative,11,17.14229831979521,0.0493426049820603,Fort Wayne,Water-cooled evaporative,10,17.377248463785236,8.651257190054936,1.3520560776907258,175.33037003620524
Montgomery County / Clarksville,Water-cooled evaporative,12,17.126348403620877,0.13125244922250706,Forest City,Water-cooled evaporative,11,17.332512831225806,22.852894043752038,1.18946646462888,174.11403885508022
Montgomery County / Clarksville,Water-cooled evaporative,9,17.929409655793705,0.19265116217094047,Forest City,Water-cooled evaporative,9,17.970017364380077,33.386214972073056,0.2259747876864241,173.29879869839186
Montgomery County / Clarksville,Water-cooled evaporative,3,17.386294144336638,0.06840600668931116,Fort Wayne,Water-cooled evaporative,9,17.754465867605767,11.829776833810485,2.0736851562562792,172.93476708177673
Council Bluffs,Water-cooled evaporative,8,18.17576209587628,0.0280341972757222,Fort Wayne,Water-cooled evaporative,6,17.801545760713267,4.8202201951417925,2.058875623421121,171.9407246704415
Montgomery County / Clarksville,Water-cooled evaporative,7,18.23208011967617,0.19419104628193018,Forest City,Water-cooled evaporative,9,17.970017364380077,33.386214972073056,1.4373716744107157,171.92458463611308
Kansas City,Water-cooled evaporative,10,17.474312529217023,0.0192033059303433,Mayes County,Water-cooled evaporative,9,17.925119247041305,3.3010240931505765,2.514944038091637,171.89873999427368
Council Bluffs,Water-cooled evaporative,4,17.399657086027492,0.0281100447894364,Fort Wayne,Water-cooled evaporative,6,17.801545760713267,4.8202201951417925,2.257605491612502,171.47678814632144
Kansas City,Water-cooled evaporative,9,17.847691993264707,0.0166267092563554,Fort Wayne,Water-cooled evaporative,5,17.64714703608572,2.8409254489710696,1.1236464482615922,170.86516671271877
Kansas City,Water-cooled evaporative,7,18.113247036624024,0.0166839666755964,Fort Wayne,Water-cooled evaporative,5,17.64714703608572,2.8409254489710696,2.573254809564928,170.27877747601144
Kansas City,Water-cooled evaporative,6,18.04172106591572,0.0148282923279255,Mayes County,Water-cooled evaporative,7,18.31109635555001,2.5031364776930545,1.4711041021453837,168.80814205281092
Kansas City,Water-cooled evaporative,9,17.847691993264707,0.0166267092563554,Mayes County,Water-cooled evaporative,3,17.328948035857564,2.805691263418541,2.9065044242297784,168.74603507883515
Montgomery County / Clarksville,Water-cooled evaporative,6,18.08988933307039,0.2464654370419071,Forest City,Water-cooled evaporative,7,18.187688983789265,40.84580884228518,0.5377244508966774,165.72631575655808
Kansas City,Water-cooled evaporative,10,17.474312529217023,0.0192033059303433,Mayes County,Water-cooled evaporative,12,17.04331351118919,3.174402907106473,2.46647195594793,165.30502188639161
Kansas City,Water-cooled evaporative,8,18.109453309300104,0.0171914066393065,Fort Wayne,Water-cooled evaporative,5,17.64714703608572,2.8409254489710696,2.552844999340577,165.25264677734785
Kansas City,Water-cooled evaporative,2,16.881328443209075,0.0250908454456192,Mayes County,Water-cooled evaporative,11,17.23413316543787,4.143638813801687,2.047127748416889,165.14544409364078
Council Bluffs,Water-cooled evaporative,10,17.42218299677707,0.0402559269828757,New Albany,Water-cooled evaporative,9,17.744729047966636,6.59353106459328,1.8177006271421536,163.79031756983449
Montgomery County / Clarksville,Water-cooled evaporative,2,17.033207441225265,0.0778148194990946,Forest City,Water-cooled evaporative,3,17.37517355832884,12.70987772498829,1.9681306546699313,163.3349252340831
Kansas City,Water-cooled evaporative,6,18.04172106591572,0.0148282923279255,Mayes County,Water-cooled evaporative,8,18.242584178594516,2.4209009003944426,1.1010672101734624,163.26228582877758
Council Bluffs,Water-cooled evaporative,12,16.848479469873773,0.0462184965543775,Fort Wayne,Water-cooled evaporative,11,17.11463249756379,7.5413614034547445,1.5551197358628799,163.16760530239443
Council Bluffs,Water-cooled evaporative,1,16.786137022735872,0.046218602077775,Fort Wayne,Water-cooled evaporative,11,17.11463249756379,7.5413614034547445,1.919383748816563,163.16723276840813
Kansas City,Water-cooled evaporative,12,16.885069121742546,0.0255611534895248,Mayes County,Water-cooled evaporative,11,17.23413316543787,4.143638813801687,2.0254226907991764,162.10687892077283
Kansas City,Water-cooled evaporative,5,17.73642893578077,0.0150073823564826,Mayes County,Water-cooled evaporative,8,18.242584178594516,2.4209009003944426,2.7745808261510447,161.3140015286349
Council Bluffs,Water-cooled evaporative,2,16.780793662112494,0.0468668477096319,Fort Wayne,Water-cooled evaporative,11,17.11463249756379,7.5413614034547445,1.9506047558942128,160.91036141747747
Council Bluffs,Water-cooled evaporative,10,17.42218299677707,0.0402559269828757,New Albany,Water-cooled evaporative,4,17.360773418512416,6.453821140580956,0.35247924026521393,160.31977460924747
Kansas City,Water-cooled evaporative,11,17.080305828668926,0.0261044868741696,Mayes County,Water-cooled evaporative,11,17.23413316543787,4.143638813801687,0.89257368091734,158.7328199085123
Council Bluffs,Water-cooled evaporative,3,17.0513355964971,0.0475899670194202,Fort Wayne,Water-cooled evaporative,11,17.11463249756379,7.5413614034547445,0.3698408427741534,158.46536309590877
Montgomery County / Clarksville,Water-cooled evaporative,2,17.033207441225265,0.0778148194990946,Forest City,Water-cooled evaporative,4,17.53766580277945,12.316581211122307,2.8764281816468213,158.280662866096
Henrico,Water-cooled evaporative,5,17.76193221788505,0.2603086423781433,Forest City,Water-cooled evaporative,7,18.187688983789265,40.84580884228518,2.3409063476051997,156.91299554683854
Council Bluffs,Water-cooled evaporative,10,17.42218299677707,0.0402559269828757,New Albany,Water-cooled evaporative,3,17.140821915955286,6.311753558576083,1.6149588193042983,156.79066491900716
Council Bluffs,Water-cooled evaporative,12,16.848479469873773,0.0462184965543775,New Albany,Water-cooled evaporative,12,16.9650384555364,7.223122576219711,0.6870540610215373,156.2820756776777
Council Bluffs,Water-cooled evaporative,1,16.786137022735872,0.046218602077775,New Albany,Water-cooled evaporative,12,16.9650384555364,7.223122576219711,1.0545300753040519,156.28171886429843
Henrico,Water-cooled evaporative,4,17.502653145767887,0.1839295959169961,Forest City,Water-cooled evaporative,6,17.995629734477507,28.706840078736402,2.7394239378305008,156.07515438511183
Montgomery County / Clarksville,Water-cooled evaporative,5,17.821154768270667,0.14664534676849442,Forest City,Water-cooled evaporative,11,17.332512831225806,22.852894043752038,2.7419207307197278,155.83783970881373
Council Bluffs,Water-cooled evaporative,5,17.678164559991735,0.0266189030219744,Mayes County,Water-cooled evaporative,11,17.23413316543787,4.143638813801687,2.5117505442774974,155.66527329774016
Kansas City,Water-cooled evaporative,10,17.474312529217023,0.0192033059303433,Mayes County,Water-cooled evaporative,1,16.97112774996448,2.9657169719923138,2.8795683859449026,154.43783392036474
Council Bluffs,Water-cooled evaporative,2,16.780793662112494,0.0468668477096319,New Albany,Water-cooled evaporative,12,16.9650384555364,7.223122576219711,1.0860263824735439,154.1200855020433
Kansas City,Water-cooled evaporative,1,16.852532170914774,0.0270125979043672,Mayes County,Water-cooled evaporative,11,17.23413316543787,4.143638813801687,2.214216351121028,153.39653107307288
Council Bluffs,Water-cooled evaporative,12,16.848479469873773,0.0462184965543775,New Albany,Water-cooled evaporative,10,17.342821927071753,7.088610837405631,2.8504153434587427,153.37173136009866
Council Bluffs,Water-cooled evaporative,12,16.848479469873773,0.0462184965543775,New Albany,Water-cooled evaporative,11,17.184289368160883,7.081530635583124,1.9541680839552185,153.21854156920665
Council Bluffs,Water-cooled evaporative,1,16.786137022735872,0.046218602077775,New Albany,Water-cooled evaporative,11,17.184289368160883,7.081530635583124,2.3169555452360404,153.21819175029523
Council Bluffs,Water-cooled evaporative,11,17.14229831979521,0.0493426049820603,Fort Wayne,Water-cooled evaporative,11,17.11463249756379,7.5413614034547445,0.16138922398446615,152.836709902053
Kansas City,Water-cooled evaporative,6,18.04172106591572,0.0148282923279255,Mayes County,Water-cooled evaporative,5,17.821497966615873,2.266069287350972,1.2206324357596408,152.82065103905313
Council Bluffs,Water-cooled evaporative,3,17.0513355964971,0.0475899670194202,New Albany,Water-cooled evaporative,12,16.9650384555364,7.223122576219711,0.5061019441692732,151.77826396206888
Council Bluffs,Water-cooled evaporative,10,17.42218299677707,0.0402559269828757,New Albany,Water-cooled evaporative,5,17.607896950391954,6.099115392109956,1.0547196757120323,151.5085069263076
Montgomery County / Clarksville,Water-cooled evaporative,1,17.018934267468634,0.10251914500766245,Forest City,Water-cooled evaporative,1,17.06378807311401,15.519826402403526,0.26285960334944725,151.38466479839983
Council Bluffs,Climate-responsive hybrid,10,1.050917603755749,0.0024282641463263,New Albany,Climate-responsive hybrid,5,1.0595705290483253,0.3670195788260151,0.8166445796060428,151.14483297926046
Council Bluffs,Water-cooled evaporative,2,16.780793662112494,0.0468668477096319,New Albany,Water-cooled evaporative,11,17.184289368160883,7.081530635583124,2.3480499973189897,151.0989320096251
Kansas City,Water-cooled evaporative,5,17.73642893578077,0.0150073823564826,Fort Wayne,Water-cooled evaporative,4,17.29611907595038,2.2662366496044477,2.482516979176826,151.00812358695734
Kansas City,Water-cooled evaporative,5,17.73642893578077,0.0150073823564826,Mayes County,Water-cooled evaporative,5,17.821497966615873,2.266069287350972,0.47733939646633344,150.9969715919258
Kansas City,Water-cooled evaporative,9,17.847691993264707,0.0166267092563554,Mayes County,Water-cooled evaporative,7,18.31109635555001,2.5031364776930545,2.5307297459818514,150.5491218435936
Kansas City,Water-cooled evaporative,6,18.04172106591572,0.0148282923279255,Mayes County,Water-cooled evaporative,4,17.57357699037506,2.231070572978707,2.5947861283870233,150.4603850287619
Kansas City,Water-cooled evaporative,3,17.138704051594342,0.0233070019755581,Mayes County,Water-cooled evaporative,2,17.03489650235795,3.4988698853981868,0.605690774074229,150.12097605120678
Kansas City,Water-cooled evaporative,7,18.113247036624024,0.0166839666755964,Mayes County,Water-cooled evaporative,7,18.31109635555001,2.5031364776930545,1.0804886560821279,150.03245489301932
Montgomery County / Clarksville,Water-cooled evaporative,9,17.929409655793705,0.19265116217094047,Forest City,Water-cooled evaporative,6,17.995629734477507,28.706840078736402,0.3679786684926742,149.00943111500496
Council Bluffs,Water-cooled evaporative,3,17.0513355964971,0.0475899670194202,New Albany,Water-cooled evaporative,10,17.342821927071753,7.088610837405631,1.6807318428360802,148.95179134108156
Kansas City,Water-cooled evaporative,6,18.04172106591572,0.0148282923279255,Seattle,Water-cooled evaporative,9,17.590738175367985,2.2074385722956293,2.499666683128852,148.86667483203397
Council Bluffs,Water-cooled evaporative,3,17.0513355964971,0.0475899670194202,New Albany,Water-cooled evaporative,11,17.184289368160883,7.081530635583124,0.7736937432520169,148.80301624696105
Kansas City,Water-cooled evaporative,5,17.73642893578077,0.0150073823564826,Mayes County,Water-cooled evaporative,4,17.57357699037506,2.231070572978707,0.918177757176238,148.6648717266121
Kansas City,Water-cooled evaporative,6,18.04172106591572,0.0148282923279255,Mayes County,Water-cooled evaporative,6,18.199521050354782,2.2011470590681332,0.8670556988970122,148.4423836804731
Montgomery County / Clarksville,Water-cooled evaporative,10,17.610932406961034,0.22510495432330285,Forest City,Water-cooled evaporative,9,17.970017364380077,33.386214972073056,1.9982449106076894,148.31399456505395
Kansas City,Climate-responsive hybrid,5,3.803980642533238,0.0032186745249483,Mayes County,Climate-responsive hybrid,5,3.749766396190439,0.4767966464471914,1.425197745136142,148.13447049444986
Kansas City,Water-cooled evaporative,10,17.474312529217023,0.0192033059303433,Fort Wayne,Water-cooled evaporative,5,17.64714703608572,2.8409254489710696,0.9793906432313173,147.93939435616136
Montgomery County / Clarksville,Water-cooled evaporative,7,18.23208011967617,0.19419104628193018,Forest City,Water-cooled evaporative,6,17.995629734477507,28.706840078736402,1.2968919818615938,147.827825372851
Council Bluffs,Water-cooled evaporative,10,17.42218299677707,0.0402559269828757,Mayes County,Water-cooled evaporative,10,17.611557906068775,5.949134315685416,1.0752876622371228,147.78281762623658
Henrico,Water-cooled evaporative,4,17.502653145767887,0.1839295959169961,Forest City,Water-cooled evaporative,10,17.551068348095612,27.173213441099055,0.2758533062916252,147.73703658524758
Council Bluffs,Water-cooled evaporative,4,17.399657086027492,0.0281100447894364,Mayes County,Water-cooled evaporative,11,17.23413316543787,4.143638813801687,0.9513056479862589,147.40776277093815
Kansas City,Water-cooled evaporative,5,17.73642893578077,0.0150073823564826,Seattle,Water-cooled evaporative,9,17.590738175367985,2.2074385722956293,0.821421047834904,147.09018001011367
Kansas City,Water-cooled evaporative,5,17.73642893578077,0.0150073823564826,Mayes County,Water-cooled evaporative,6,18.199521050354782,2.2011470590681332,2.5445291296002885,146.67095212092894
Kansas City,Water-cooled evaporative,6,18.04172106591572,0.0148282923279255,Seattle,Water-cooled evaporative,8,17.708893461695116,2.1745776179476533,1.8447663779115817,146.65057646944027
Council Bluffs,Water-cooled evaporative,11,17.14229831979521,0.0493426049820603,New Albany,Water-cooled evaporative,12,16.9650384555364,7.223122576219711,1.0340495828036993,146.38713498903945
Council Bluffs,Water-cooled evaporative,12,16.848479469873773,0.0462184965543775,New Albany,Water-cooled evaporative,1,16.867860356409007,6.759291788974309,0.11489831031160196,146.24646608791767
Council Bluffs,Water-cooled evaporative,1,16.786137022735872,0.046218602077775,New Albany,Water-cooled evaporative,1,16.867860356409007,6.759291788974309,0.4844914052308031,146.2461321872093
Montgomery County / Clarksville,Water-cooled evaporative,4,17.495966388685023,0.10614035284181425,Forest City,Water-cooled evaporative,1,17.06378807311401,15.519826402403526,2.470159726932886,146.2198493492237
Kansas City,Water-cooled evaporative,10,17.474312529217023,0.0192033059303433,Mayes County,Water-cooled evaporative,3,17.328948035857564,2.805691263418541,0.831875320510662,146.1045964479088
Montgomery County / Clarksville,Water-cooled evaporative,1,17.018934267468634,0.10251914500766245,Forest City,Water-cooled evaporative,2,17.18346880757389,14.943569593328107,0.9575164476263184,145.76369703640427
Kansas City,Water-cooled evaporative,8,18.109453309300104,0.0171914066393065,Mayes County,Water-cooled evaporative,7,18.31109635555001,2.5031364776930545,1.1012068438424707,145.60393632769254
Kansas City,Water-cooled evaporative,9,17.847691993264707,0.0166267092563554,Mayes County,Water-cooled evaporative,8,18.242584178594516,2.4209009003944426,2.1646724031191122,145.6031294628597
Kansas City,Water-cooled evaporative,7,18.113247036624024,0.0166839666755964,Mayes County,Water-cooled evaporative,8,18.242584178594516,2.4209009003944426,0.7089847617217162,145.1034365787537
Kansas City,Water-cooled evaporative,5,17.73642893578077,0.0150073823564826,Seattle,Water-cooled evaporative,8,17.708893461695116,2.1745776179476533,0.15524812906449195,144.90052737333778
Council Bluffs,Water-cooled evaporative,2,16.780793662112494,0.0468668477096319,New Albany,Water-cooled evaporative,1,16.867860356409007,6.759291788974309,0.5161691670243902,144.22330750410518
Montgomery County / Clarksville,Water-cooled evaporative,12,17.126348403620877,0.13125244922250706,Forest City,Water-cooled evaporative,12,17.161058771530662,18.876077953995914,0.2022623916851077,143.81505309661725
Council Bluffs,Water-cooled evaporative,11,17.14229831979521,0.0493426049820603,New Albany,Water-cooled evaporative,10,17.342821927071753,7.088610837405631,1.1562340207364485,143.6610580244571
Council Bluffs,Water-cooled evaporative,10,17.42218299677707,0.0402559269828757,Fort Wayne,Water-cooled evaporative,7,17.95146502148568,5.777467960620443,2.948405737777532,143.51844296314667
Council Bluffs,Water-cooled evaporative,11,17.14229831979521,0.0493426049820603,New Albany,Water-cooled evaporative,11,17.184289368160883,7.081530635583124,0.24435720014977608,143.51756738740863
Council Bluffs,Water-cooled evaporative,10,17.42218299677707,0.0402559269828757,New Albany,Water-cooled evaporative,6,17.889797109319222,5.757620868123333,2.613859227607224,143.02542009708392
Kansas City,Water-cooled evaporative,4,17.39951136286369,0.0159390041801391,Fort Wayne,Water-cooled evaporative,4,17.29611907595038,2.2662366496044477,0.5942252328647888,142.18182164907807
Kansas City,Water-cooled evaporative,4,17.39951136286369,0.0159390041801391,Mayes County,Water-cooled evaporative,5,17.821497966615873,2.266069287350972,2.3678514821967696,142.17132147908097
Council Bluffs,Water-cooled evaporative,3,17.0513355964971,0.0475899670194202,New Albany,Water-cooled evaporative,1,16.867860356409007,6.759291788974309,1.0760168260707086,142.03186537649884
Montgomery County / Clarksville,Water-cooled evaporative,9,17.929409655793705,0.19265116217094047,Forest City,Water-cooled evaporative,10,17.551068348095612,27.173213441099055,2.1101715837913066,141.0487906477725
Kansas City,Water-cooled evaporative,8,18.109453309300104,0.0171914066393065,Mayes County,Water-cooled evaporative,8,18.242584178594516,2.4209009003944426,0.729780759080312,140.82040819506213
Montgomery County / Clarksville,Water-cooled evaporative,4,17.495966388685023,0.10614035284181425,Forest City,Water-cooled evaporative,2,17.18346880757389,14.943569593328107,1.7861121481876499,140.79065306669162
Kansas City,Water-cooled evaporative,4,17.39951136286369,0.0159390041801391,Mayes County,Water-cooled evaporative,4,17.57357699037506,2.231070572978707,0.9904962865938026,139.97553095310352
Council Bluffs,Water-cooled evaporative,12,16.848479469873773,0.0462184965543775,New Albany,Water-cooled evaporative,4,17.360773418512416,6.453821140580956,2.9508705418179435,139.63719336884606
Council Bluffs,Water-cooled evaporative,12,16.848479469873773,0.0462184965543775,New Albany,Water-cooled evaporative,2,16.87703640074658,6.446942234838222,0.1692058380080472,139.4883588922715
Council Bluffs,Water-cooled evaporative,1,16.786137022735872,0.046218602077775,New Albany,Water-cooled evaporative,2,16.87703640074658,6.446942234838222,0.5385979851692825,139.48804042124726
Kansas City,Water-cooled evaporative,2,16.881328443209075,0.0250908454456192,Mayes County,Water-cooled evaporative,2,17.03489650235795,3.4988698853981868,0.9014910018832076,139.44806654608288
Kansas City,Water-cooled evaporative,4,17.39951136286369,0.0159390041801391,Seattle,Water-cooled evaporative,9,17.590738175367985,2.2074385722956293,1.0870880493921808,138.49287868599862
Council Bluffs,Water-cooled evaporative,2,16.780793662112494,0.0468668477096319,New Albany,Water-cooled evaporative,2,16.87703640074658,6.446942234838222,0.5702585237644459,137.55869126895152
Council Bluffs,Water-cooled evaporative,11,17.14229831979521,0.0493426049820603,New Albany,Water-cooled evaporative,1,16.867860356409007,6.759291788974309,1.6009403072241035,136.98692623609583
Kansas City,Water-cooled evaporative,12,16.885069121742546,0.0255611534895248,Mayes County,Water-cooled evaporative,2,17.03489650235795,3.4988698853981868,0.8795320863538181,136.8823158482287
Council Bluffs,Water-cooled evaporative,12,16.848479469873773,0.0462184965543775,New Albany,Water-cooled evaporative,3,17.140821915955286,6.311753558576083,1.7055334190794549,136.56336811280974
Council Bluffs,Water-cooled evaporative,1,16.786137022735872,0.046218602077775,New Albany,Water-cooled evaporative,3,17.140821915955286,6.311753558576083,2.069240873970346,136.56305631994
Kansas City,Water-cooled evaporative,4,17.39951136286369,0.0159390041801391,Seattle,Water-cooled evaporative,8,17.708893461695116,2.1745776179476533,1.7470436506980362,136.43120946397013
Kansas City,Water-cooled evaporative,9,17.847691993264707,0.0166267092563554,Mayes County,Water-cooled evaporative,5,17.821497966615873,2.266069287350972,0.14676422396083216,136.29090714296268
Kansas City,Water-cooled evaporative,3,17.138704051594342,0.0233070019755581,Mayes County,Water-cooled evaporative,12,17.04331351118919,3.174402907106473,0.5565796580534224,136.19953825187164
Kansas City,Water-cooled evaporative,7,18.113247036624024,0.0166839666755964,Mayes County,Water-cooled evaporative,5,17.821497966615873,2.266069287350972,1.6106944791193452,135.82317271500824
Council Bluffs,Water-cooled evaporative,3,17.0513355964971,0.0475899670194202,New Albany,Water-cooled evaporative,4,17.360773418512416,6.453821140580956,1.7823965243699953,135.6130618444708
Council Bluffs,Water-cooled evaporative,3,17.0513355964971,0.0475899670194202,New Albany,Water-cooled evaporative,2,16.87703640074658,6.446942234838222,1.0222025996973976,135.4685165511335
Montgomery County / Clarksville,Water-cooled evaporative,6,18.08988933307039,0.2464654370419071,Forest City,Water-cooled evaporative,9,17.970017364380077,33.386214972073056,0.6626462245469469,135.46002787561778
Council Bluffs,Water-cooled evaporative,2,16.780793662112494,0.0468668477096319,New Albany,Water-cooled evaporative,3,17.140821915955286,6.311753558576083,2.100414178550358,134.67416451136557
Kansas City,Water-cooled evaporative,9,17.847691993264707,0.0166267092563554,Mayes County,Water-cooled evaporative,4,17.57357699037506,2.231070572978707,1.5358568659358993,134.18593773304252
Montgomery County / Clarksville,Water-cooled evaporative,5,17.821154768270667,0.14664534676849442,Forest City,Water-cooled evaporative,5,17.79722792614906,19.6710405684225,0.13426089629280105,134.14023016684405
Kansas City,Water-cooled evaporative,11,17.080305828668926,0.0261044868741696,Mayes County,Water-cooled evaporative,2,17.03489650235795,3.4988698853981868,0.26585780586410246,134.0332756688016
Kansas City,Water-cooled evaporative,7,18.113247036624024,0.0166839666755964,Mayes County,Water-cooled evaporative,4,17.57357699037506,2.231070572978707,2.9794218847552876,133.72542731352306
Kansas City,Water-cooled evaporative,9,17.847691993264707,0.0166267092563554,Seattle,Water-cooled evaporative,9,17.590738175367985,2.2074385722956293,1.4397033408784192,132.7646101378634
Council Bluffs,Water-cooled evaporative,3,17.0513355964971,0.0475899670194202,New Albany,Water-cooled evaporative,3,17.140821915955286,6.311753558576083,0.5220655106094308,132.62781955701763
Kansas City,Water-cooled evaporative,9,17.847691993264707,0.0166267092563554,Mayes County,Water-cooled evaporative,6,18.199521050354782,2.2011470590681332,1.9331775606436452,132.38621215600833
Kansas City,Water-cooled evaporative,7,18.113247036624024,0.0166839666755964,Seattle,Water-cooled evaporative,9,17.590738175367985,2.2074385722956293,2.884678049162328,132.30897754815373
Montgomery County / Clarksville,Water-cooled evaporative,11,17.326333368954696,0.20594604712632414,Forest City,Water-cooled evaporative,10,17.551068348095612,27.173213441099055,1.280463244081097,131.94336002201305
Kansas City,Water-cooled evaporative,7,18.113247036624024,0.0166839666755964,Mayes County,Water-cooled evaporative,6,18.199521050354782,2.2011470590681332,0.47404551741803364,131.93187818384618
Kansas City,Water-cooled evaporative,8,18.109453309300104,0.0171914066393065,Mayes County,Water-cooled evaporative,5,17.821497966615873,2.266069287350972,1.5900830233033705,131.8140705350906
Council Bluffs,Water-cooled evaporative,11,17.14229831979521,0.0493426049820603,New Albany,Water-cooled evaporative,4,17.360773418512416,6.453821140580956,1.2584410466658056,130.79611712692105
Kansas City,Water-cooled evaporative,9,17.847691993264707,0.0166267092563554,Seattle,Water-cooled evaporative,8,17.708893461695116,2.1745776179476533,0.7776833644483033,130.78821457808567
Council Bluffs,Water-cooled evaporative,11,17.14229831979521,0.0493426049820603,New Albany,Water-cooled evaporative,2,16.87703640074658,6.446942234838222,1.5474116369933688,130.65670604910633
Kansas City,Water-cooled evaporative,7,18.113247036624024,0.0166839666755964,Seattle,Water-cooled evaporative,8,17.708893461695116,2.1745776179476533,2.2323638280388214,130.33936474641868
Kansas City,Water-cooled evaporative,8,18.109453309300104,0.0171914066393065,Mayes County,Water-cooled evaporative,4,17.57357699037506,2.231070572978707,2.9590971619769744,129.77824443274923
Kansas City,Water-cooled evaporative,4,17.39951136286369,0.0159390041801391,Fort Wayne,Water-cooled evaporative,3,17.05927373968985,2.0677764897661115,1.9554435528575882,129.7305946090834
Kansas City,Water-cooled evaporative,1,16.852532170914774,0.0270125979043672,Mayes County,Water-cooled evaporative,2,17.03489650235795,3.4988698853981868,1.0705338386877328,129.52733749583246
Council Bluffs,Water-cooled evaporative,6,18.065271663687067,0.0255542662498215,Mayes County,Water-cooled evaporative,9,17.925119247041305,3.3010240931505765,0.7758112872859907,129.17702511507778
Kansas City,Water-cooled evaporative,8,18.109453309300104,0.0171914066393065,Seattle,Water-cooled evaporative,9,17.590738175367985,2.2074385722956293,2.8643334786132555,128.40360411512418
Henrico,Water-cooled evaporative,5,17.76193221788505,0.2603086423781433,Forest City,Water-cooled evaporative,9,17.970017364380077,33.386214972073056,1.157957403577639,128.25626789437828
Kansas City,Water-cooled evaporative,8,18.109453309300104,0.0171914066393065,Mayes County,Water-cooled evaporative,6,18.199521050354782,2.2011470590681332,0.49489072160458103,128.03763561938104
Council Bluffs,Water-cooled evaporative,11,17.14229831979521,0.0493426049820603,New Albany,Water-cooled evaporative,3,17.140821915955286,6.311753558576083,0.0086126364877144,127.91690995785233
Montgomery County / Clarksville,Water-cooled evaporative,10,17.610932406961034,0.22510495432330285,Forest City,Water-cooled evaporative,6,17.995629734477507,28.706840078736402,2.1377263990903237,127.5264694419241
Kansas City,Water-cooled evaporative,3,17.138704051594342,0.0233070019755581,Mayes County,Water-cooled evaporative,1,16.97112774996448,2.9657169719923138,0.9777653031722203,127.24575108812543
Kansas City,Water-cooled evaporative,2,16.881328443209075,0.0250908454456192,Mayes County,Water-cooled evaporative,12,17.04331351118919,3.174402907106473,0.9504317800278081,126.51637881180748
Kansas City,Water-cooled evaporative,8,18.109453309300104,0.0171914066393065,Seattle,Water-cooled evaporative,8,17.708893461695116,2.1745776179476533,2.211882604977815,126.49212851353829
Montgomery County / Clarksville,Water-cooled evaporative,3,17.386294144336638,0.06840600668931116,Fort Wayne,Water-cooled evaporative,10,17.377248463785236,8.651257190054936,0.05202765164506795,126.46926211242713
Council Bluffs,Water-cooled evaporative,4,17.399657086027492,0.0281100447894364,Mayes County,Water-cooled evaporative,2,17.03489650235795,3.4988698853981868,2.0963665080644507,124.47044861035023
Council Bluffs,Climate-responsive hybrid,11,0.527250373248567,0.0015176440409863,New Albany,Climate-responsive hybrid,3,0.5126095862268252,0.18875789013452682,2.7768187116748835,124.37560128517038
Henrico,Water-cooled evaporative,4,17.502653145767887,0.1839295959169961,Forest City,Water-cooled evaporative,11,17.332512831225806,22.852894043752038,0.9720829929331077,124.24805224965053
Kansas City,Water-cooled evaporative,12,16.885069121742546,0.0255611534895248,Mayes County,Water-cooled evaporative,12,17.04331351118919,3.174402907106473,0.9284837091258917,124.1885624765476
Council Bluffs,Water-cooled evaporative,5,17.678164559991735,0.0266189030219744,Mayes County,Water-cooled evaporative,9,17.925119247041305,3.3010240931505765,1.3777017806469087,124.01052328961563
Montgomery County / Clarksville,Water-cooled evaporative,1,17.018934267468634,0.10251914500766245,Forest City,Water-cooled evaporative,3,17.37517355832884,12.70987772498829,2.050277596734804,123.97565083125043
Council Bluffs,Water-cooled evaporative,11,17.14229831979521,0.0493426049820603,New Albany,Water-cooled evaporative,5,17.607896950391954,6.099115392109956,2.6442603106351115,123.60748676174347
Montgomery County / Clarksville,Water-cooled evaporative,8,18.225878581836163,0.15943836333341305,Forest City,Water-cooled evaporative,5,17.79722792614906,19.6710405684225,2.351879245559638,123.37708539623536
Council Bluffs,Water-cooled evaporative,9,17.812899523243495,0.0269707448142641,Mayes County,Water-cooled evaporative,9,17.925119247041305,3.3010240931505765,0.62604729291457,122.39276726999226
Council Bluffs,Water-cooled evaporative,7,18.12470824694942,0.0270372073180772,Mayes County,Water-cooled evaporative,9,17.925119247041305,3.3010240931505765,1.101198414830808,122.09190299559883
Kansas City,Water-cooled evaporative,3,17.138704051594342,0.0233070019755581,Fort Wayne,Water-cooled evaporative,5,17.64714703608572,2.8409254489710696,2.881162510017566,121.89150075802668
Kansas City,Water-cooled evaporative,11,17.080305828668926,0.0261044868741696,Mayes County,Water-cooled evaporative,12,17.04331351118919,3.174402907106473,0.21657877704768963,121.60372745144997
Montgomery County / Clarksville,Water-cooled evaporative,10,17.610932406961034,0.22510495432330285,Forest City,Water-cooled evaporative,10,17.551068348095612,27.173213441099055,0.339925550118855,120.71352904153333
Council Bluffs,Water-cooled evaporative,11,17.14229831979521,0.0493426049820603,Mayes County,Water-cooled evaporative,10,17.611557906068775,5.949134315685416,2.6644978756357687,120.56790106335829
Kansas City,Water-cooled evaporative,3,17.138704051594342,0.0233070019755581,Mayes County,Water-cooled evaporative,3,17.328948035857564,2.805691263418541,1.097839198718608,120.37975825294266
Montgomery County / Clarksville,Water-cooled evaporative,1,17.018934267468634,0.10251914500766245,Forest City,Water-cooled evaporative,4,17.53766580277945,12.316581211122307,2.957814005262923,120.1393282220774
Montgomery County / Clarksville,Water-cooled evaporative,4,17.495966388685023,0.10614035284181425,Forest City,Water-cooled evaporative,3,17.37517355832884,12.70987772498829,0.6904038775148919,119.74595320905324
Council Bluffs,Water-cooled evaporative,10,17.42218299677707,0.0402559269828757,Fort Wayne,Water-cooled evaporative,6,17.801545760713267,4.8202201951417925,2.1310664199365363,119.73939134955818
Henrico,Water-cooled evaporative,3,17.255202194642898,0.2279145531388211,Forest City,Water-cooled evaporative,10,17.551068348095612,27.173213441099055,1.6857444093129348,119.22544246021906
Montgomery County / Clarksville,Water-cooled evaporative,12,17.126348403620877,0.13125244922250706,Forest City,Water-cooled evaporative,1,17.06378807311401,15.519826402403526,0.36528703628170517,118.24408987670303
Kansas City,Water-cooled evaporative,2,16.881328443209075,0.0250908454456192,Mayes County,Water-cooled evaporative,1,16.97112774996448,2.9657169719923138,0.5291298732672264,118.1991646483208
Kansas City,Water-cooled evaporative,10,17.474312529217023,0.0192033059303433,Fort Wayne,Water-cooled evaporative,4,17.29611907595038,2.2662366496044477,1.0197451428701694,118.01283892600746
Kansas City,Water-cooled evaporative,10,17.474312529217023,0.0192033059303433,Mayes County,Water-cooled evaporative,5,17.821497966615873,2.266069287350972,1.9481271330233543,118.0041236426035
Council Bluffs,Water-cooled evaporative,8,18.17576209587628,0.0280341972757222,Mayes County,Water-cooled evaporative,9,17.925119247041305,3.3010240931505765,1.3789949907621244,117.7499059696382
Kansas City,Water-cooled evaporative,1,16.852532170914774,0.0270125979043672,Mayes County,Water-cooled evaporative,12,17.04331351118919,3.174402907106473,1.1193911333565816,117.51564652703244
Council Bluffs,Water-cooled evaporative,4,17.399657086027492,0.0281100447894364,Mayes County,Water-cooled evaporative,9,17.925119247041305,3.3010240931505765,2.9314290955165894,117.43218902273266
Council Bluffs,Water-cooled evaporative,12,16.848479469873773,0.0462184965543775,Fort Wayne,Water-cooled evaporative,12,16.830439289174144,5.42128023027673,0.10707304912520872,117.29676719143005
Council Bluffs,Water-cooled evaporative,1,16.786137022735872,0.046218602077775,Fort Wayne,Water-cooled evaporative,12,16.830439289174144,5.42128023027673,0.2632270357124248,117.2964993868485
Montgomery County / Clarksville,Water-cooled evaporative,6,18.08988933307039,0.2464654370419071,Forest City,Water-cooled evaporative,6,17.995629734477507,28.706840078736402,0.521062328560318,116.47410047947335
Kansas City,Water-cooled evaporative,10,17.474312529217023,0.0192033059303433,Mayes County,Water-cooled evaporative,4,17.57357699037506,2.231070572978707,0.5648506346340448,116.18158774700217
Montgomery County / Clarksville,Water-cooled evaporative,4,17.495966388685023,0.10614035284181425,Forest City,Water-cooled evaporative,4,17.53766580277945,12.316581211122307,0.23777060507002507,116.04051504782787
Kansas City,Water-cooled evaporative,12,16.885069121742546,0.0255611534895248,Mayes County,Water-cooled evaporative,1,16.97112774996448,2.9657169719923138,0.5070884474493131,116.0243794634578
Council Bluffs,Water-cooled evaporative,2,16.780793662112494,0.0468668477096319,Fort Wayne,Water-cooled evaporative,12,16.830439289174144,5.42128023027673,0.2949752303469829,115.67409576732784
Kansas City,Water-cooled evaporative,10,17.474312529217023,0.0192033059303433,Seattle,Water-cooled evaporative,9,17.590738175367985,2.2074385722956293,0.6618576491235058,114.95096627126259
Council Bluffs,Water-cooled evaporative,3,17.0513355964971,0.0475899670194202,Fort Wayne,Water-cooled evaporative,12,16.830439289174144,5.42128023027673,1.2954780349777144,113.91645276964469
Montgomery County / Clarksville,Water-cooled evaporative,12,17.126348403620877,0.13125244922250706,Forest City,Water-cooled evaporative,2,17.18346880757389,14.943569593328107,0.33241486100779427,113.85364373654366
Kansas City,Water-cooled evaporative,6,18.04172106591572,0.0148282923279255,Seattle,Water-cooled evaporative,7,17.641672799526734,1.6856059412636832,2.217350910854916,113.67498724645806
Kansas City,Water-cooled evaporative,11,17.080305828668926,0.0261044868741696,Mayes County,Water-cooled evaporative,1,16.97112774996448,2.9657169719923138,0.6392044720955322,113.60947205313167
Kansas City,Water-cooled evaporative,10,17.474312529217023,0.0192033059303433,Seattle,Water-cooled evaporative,8,17.708893461695116,2.1745776179476533,1.3246504248585498,113.23975287565385
Council Bluffs,Water-cooled evaporative,4,17.399657086027492,0.0281100447894364,Mayes County,Water-cooled evaporative,12,17.04331351118919,3.174402907106473,2.047991940740361,112.92770719096814
Council Bluffs,Water-cooled evaporative,12,16.848479469873773,0.0462184965543775,Fort Wayne,Water-cooled evaporative,2,16.799944420034144,5.202059116517799,0.28806783381498974,112.55362039735357
Council Bluffs,Water-cooled evaporative,1,16.786137022735872,0.046218602077775,Fort Wayne,Water-cooled evaporative,2,16.799944420034144,5.202059116517799,0.08218716058254878,112.55336342202564
Montgomery County / Clarksville,Climate-responsive hybrid,4,1.5260082831725108,0.009257622815291373,Forest City,Climate-responsive hybrid,4,1.4826535468588535,1.0412573157227958,2.8410551103644397,112.4756685920373
Kansas City,Water-cooled evaporative,5,17.73642893578077,0.0150073823564826,Seattle,Water-cooled evaporative,7,17.641672799526734,1.6856059412636832,0.5342458540956734,112.31845109454198
Kansas City,Water-cooled evaporative,2,16.881328443209075,0.0250908454456192,Mayes County,Water-cooled evaporative,3,17.328948035857564,2.805691263418541,2.5830742392571224,111.8213122590657
Montgomery County / Clarksville,Water-cooled evaporative,4,17.495966388685023,0.10614035284181425,Fort Wayne,Water-cooled evaporative,9,17.754465867605767,11.829776833810485,1.4559687734250202,111.45409372664263
Montgomery County / Clarksville,Water-cooled evaporative,2,17.033207441225265,0.0778148194990946,Fort Wayne,Water-cooled evaporative,10,17.377248463785236,8.651257190054936,1.979836009578637,111.17750122334469
Council Bluffs,Water-cooled evaporative,6,18.065271663687067,0.0255542662498215,Fort Wayne,Water-cooled evaporative,5,17.64714703608572,2.8409254489710696,2.314521671112304,111.1722567651855
Council Bluffs,Water-cooled evaporative,2,16.780793662112494,0.0468668477096319,Fort Wayne,Water-cooled evaporative,2,16.799944420034144,5.202059116517799,0.11399298380304777,110.99656517860261
Montgomery County / Clarksville,Water-cooled evaporative,11,17.326333368954696,0.20594604712632414,Forest City,Water-cooled evaporative,11,17.332512831225806,22.852894043752038,0.035652431538818835,110.9654414961139
Henrico,Water-cooled evaporative,5,17.76193221788505,0.2603086423781433,Forest City,Water-cooled evaporative,6,17.995629734477507,28.706840078736402,1.2986348354607462,110.28001151431137
Montgomery County / Clarksville,Water-cooled evaporative,6,18.08988933307039,0.2464654370419071,Forest City,Water-cooled evaporative,10,17.551068348095612,27.173213441099055,2.9785753525299365,110.25161891757962
Montgomery County / Clarksville,Water-cooled evaporative,3,17.386294144336638,0.06840600668931116,Fort Wayne,Water-cooled evaporative,11,17.11463249756379,7.5413614034547445,1.562504605740487,110.2441403677658
Council Bluffs,Water-cooled evaporative,11,17.14229831979521,0.0493426049820603,Fort Wayne,Water-cooled evaporative,12,16.830439289174144,5.42128023027673,1.8192369821317549,109.87016660850735
Kansas City,Water-cooled evaporative,1,16.852532170914774,0.0270125979043672,Mayes County,Water-cooled evaporative,1,16.97112774996448,2.9657169719923138,0.69880788594002,109.79014245471141
Kansas City,Water-cooled evaporative,12,16.885069121742546,0.0255611534895248,Mayes County,Water-cooled evaporative,3,17.328948035857564,2.805691263418541,2.5614879402750295,109.76387527144813
Council Bluffs,Water-cooled evaporative,3,17.0513355964971,0.0475899670194202,Fort Wayne,Water-cooled evaporative,2,16.799944420034144,5.202059116517799,1.4743195630646089,109.30999625183554
Kansas City,Water-cooled evaporative,10,17.474312529217023,0.0192033059303433,Fort Wayne,Water-cooled evaporative,3,17.05927373968985,2.0677764897661115,2.375136583102936,107.67815173421786
Kansas City,Water-cooled evaporative,11,17.080305828668926,0.0261044868741696,Mayes County,Water-cooled evaporative,3,17.328948035857564,2.805691263418541,1.4348372831065126,107.47927269908429
Henrico,Water-cooled evaporative,4,17.502653145767887,0.1839295959169961,Forest City,Water-cooled evaporative,5,17.79722792614906,19.6710405684225,1.6551722639252153,106.94875107157668
Council Bluffs,Water-cooled evaporative,5,17.678164559991735,0.0266189030219744,Fort Wayne,Water-cooled evaporative,5,17.64714703608572,2.8409254489710696,0.17545669857725466,106.72586494739593
Kansas City,Water-cooled evaporative,4,17.39951136286369,0.0159390041801391,Seattle,Water-cooled evaporative,7,17.641672799526734,1.6856059412636832,1.3726670901046258,105.75352902937584
Montgomery County / Clarksville,Water-cooled evaporative,3,17.386294144336638,0.06840600668931116,New Albany,Water-cooled evaporative,12,16.9650384555364,7.223122576219711,2.4229182211176115,105.59193447771257
Council Bluffs,Water-cooled evaporative,4,17.399657086027492,0.0281100447894364,Mayes County,Water-cooled evaporative,1,16.97112774996448,2.9657169719923138,2.462860813545198,105.50381524496233
Council Bluffs,Water-cooled evaporative,11,17.14229831979521,0.0493426049820603,Fort Wayne,Water-cooled evaporative,2,16.799944420034144,5.202059116517799,1.9971295177247554,105.42733036508984
Council Bluffs,Water-cooled evaporative,5,17.678164559991735,0.0266189030219744,Mayes County,Water-cooled evaporative,3,17.328948035857564,2.805691263418541,1.9754116608038532,105.40221214609748
Council Bluffs,Water-cooled evaporative,9,17.812899523243495,0.0269707448142641,Fort Wayne,Water-cooled evaporative,5,17.64714703608572,2.8409254489710696,0.9305194078116799,105.33359269591179
Council Bluffs,Water-cooled evaporative,7,18.12470824694942,0.0270372073180772,Fort Wayne,Water-cooled evaporative,5,17.64714703608572,2.8409254489710696,2.6348628863809704,105.07466305780827
Henrico,Water-cooled evaporative,2,17.064803087888635,0.2592927482258607,Forest City,Water-cooled evaporative,10,17.551068348095612,27.173213441099055,2.7705735660230606,104.79742926489187
Council Bluffs,Water-cooled evaporative,12,16.848479469873773,0.0462184965543775,Fort Wayne,Water-cooled evaporative,1,16.75566997613035,4.84178592905253,0.5508478905136427,104.7586202497093
Council Bluffs,Water-cooled evaporative,1,16.786137022735872,0.046218602077775,Fort Wayne,Water-cooled evaporative,1,16.75566997613035,4.84178592905253,0.18150123857714795,104.75838107143412
Henrico,Water-cooled evaporative,5,17.76193221788505,0.2603086423781433,Forest City,Water-cooled evaporative,10,17.551068348095612,27.173213441099055,1.1871674050028915,104.3884413243002
Kansas City,Water-cooled evaporative,5,17.73642893578077,0.0150073823564826,Seattle,Water-cooled evaporative,10,17.40923985865238,1.5614516299414214,1.8447291634243776,104.04556856425636
Council Bluffs,Water-cooled evaporative,9,17.812899523243495,0.0269707448142641,Mayes County,Water-cooled evaporative,3,17.328948035857564,2.805691263418541,2.7168596934734683,104.02720735894127
Kansas City,Water-cooled evaporative,1,16.852532170914774,0.0270125979043672,Mayes County,Water-cooled evaporative,3,17.328948035857564,2.805691263418541,2.7492486211914127,103.86602848609898
Montgomery County / Clarksville,Water-cooled evaporative,3,17.386294144336638,0.06840600668931116,New Albany,Water-cooled evaporative,10,17.342821927071753,7.088610837405631,0.25003728168860656,103.62556126980101
Montgomery County / Clarksville,Water-cooled evaporative,3,17.386294144336638,0.06840600668931116,New Albany,Water-cooled evaporative,11,17.184289368160883,7.081530635583124,1.1618621800526465,103.52205863655034
Council Bluffs,Water-cooled evaporative,2,16.780793662112494,0.0468668477096319,Fort Wayne,Water-cooled evaporative,1,16.75566997613035,4.84178592905253,0.14971691141682206,103.30940026199936
Council Bluffs,Water-cooled evaporative,10,17.42218299677707,0.0402559269828757,Mayes County,Water-cooled evaporative,11,17.23413316543787,4.143638813801687,1.0793700845295158,102.93239093871398
Henrico,Water-cooled evaporative,4,17.502653145767887,0.1839295959169961,Forest City,Water-cooled evaporative,12,17.161058771530662,18.876077953995914,1.9516719630579087,102.62664831011931
Montgomery County / Clarksville,Water-cooled evaporative,9,17.929409655793705,0.19265116217094047,Forest City,Water-cooled evaporative,5,17.79722792614906,19.6710405684225,0.7372341431327214,102.10704335626211
Council Bluffs,Water-cooled evaporative,3,17.0513355964971,0.0475899670194202,Fort Wayne,Water-cooled evaporative,1,16.75566997613035,4.84178592905253,1.7339733811085785,101.73963615223195
Montgomery County / Clarksville,Water-cooled evaporative,10,17.610932406961034,0.22510495432330285,Forest City,Water-cooled evaporative,11,17.332512831225806,22.852894043752038,1.5809473871194784,101.52106208613245
Kansas City,Water-cooled evaporative,9,17.847691993264707,0.0166267092563554,Seattle,Water-cooled evaporative,7,17.641672799526734,1.6856059412636832,1.1543184060758076,101.37940799195587
Council Bluffs,Water-cooled evaporative,8,18.17576209587628,0.0280341972757222,Fort Wayne,Water-cooled evaporative,5,17.64714703608572,2.8409254489710696,2.9083515563316746,101.33785608448044
Montgomery County / Clarksville,Water-cooled evaporative,7,18.23208011967617,0.19419104628193018,Forest City,Water-cooled evaporative,5,17.79722792614906,19.6710405684225,2.3850936956876088,101.29736125868398
Council Bluffs,Water-cooled evaporative,4,17.399657086027492,0.0281100447894364,Fort Wayne,Water-cooled evaporative,5,17.64714703608572,2.8409254489710696,1.402436039956761,101.06442270909059
Kansas City,Water-cooled evaporative,7,18.113247036624024,0.0166839666755964,Seattle,Water-cooled evaporative,7,17.641672799526734,1.6856059412636832,2.6034770913453102,101.03148573949235
Henrico,Water-cooled evaporative,3,17.255202194642898,0.2279145531388211,Forest City,Water-cooled evaporative,11,17.332512831225806,22.852894043752038,0.44604401759695855,100.2695691390646
Council Bluffs,Water-cooled evaporative,4,17.399657086027492,0.0281100447894364,Mayes County,Water-cooled evaporative,3,17.328948035857564,2.805691263418541,0.40638186040292373,99.81098516331446
Montgomery County / Clarksville,Water-cooled evaporative,3,17.386294144336638,0.06840600668931116,New Albany,Water-cooled evaporative,1,16.867860356409007,6.759291788974309,2.981853312866582,98.81137806616752
Kansas City,Water-cooled evaporative,6,18.04172106591572,0.0148282923279255,Seattle,Water-cooled evaporative,6,17.548201323721468,1.4555128445111398,2.7354360506471056,98.15781968163883
Council Bluffs,Water-cooled evaporative,11,17.14229831979521,0.0493426049820603,Fort Wayne,Water-cooled evaporative,1,16.75566997613035,4.84178592905253,2.2554055264479786,98.12586771235281
Kansas City,Water-cooled evaporative,8,18.109453309300104,0.0171914066393065,Seattle,Water-cooled evaporative,7,17.641672799526734,1.6856059412636832,2.583073612349971,98.0493322407782
Kansas City,Water-cooled evaporative,4,17.39951136286369,0.0159390041801391,Seattle,Water-cooled evaporative,10,17.40923985865238,1.5614516299414214,0.05588122093598542,97.96418975076737
Council Bluffs,Water-cooled evaporative,6,18.065271663687067,0.0255542662498215,Mayes County,Water-cooled evaporative,7,18.31109635555001,2.5031364776930545,1.3424902970839014,97.95376056671317
Kansas City,Water-cooled evaporative,3,17.138704051594342,0.0233070019755581,Fort Wayne,Water-cooled evaporative,4,17.29611907595038,2.2662366496044477,0.9101176030576554,97.23415529723793
Kansas City,Water-cooled evaporative,5,17.73642893578077,0.0150073823564826,Seattle,Water-cooled evaporative,6,17.548201323721468,1.4555128445111398,1.061248646730558,96.9864570607422
Montgomery County / Clarksville,Water-cooled evaporative,2,17.033207441225265,0.0778148194990946,Fort Wayne,Water-cooled evaporative,11,17.11463249756379,7.5413614034547445,0.4757628091056875,96.91420544312244
Montgomery County / Clarksville,Water-cooled evaporative,12,17.126348403620877,0.13125244922250706,Forest City,Water-cooled evaporative,3,17.37517355832884,12.70987772498829,1.4320729164094423,96.83535659926422
Montgomery County / Clarksville,Water-cooled evaporative,3,17.386294144336638,0.06840600668931116,New Albany,Water-cooled evaporative,9,17.744729047966636,6.59353106459328,2.019951404504941,96.38818846040837
Kansas City,Water-cooled evaporative,3,17.138704051594342,0.0233070019755581,Mayes County,Water-cooled evaporative,4,17.57357699037506,2.231070572978707,2.4745840816522144,95.7253350438815
Montgomery County / Clarksville,Water-cooled evaporative,11,17.326333368954696,0.20594604712632414,Forest City,Water-cooled evaporative,5,17.79722792614906,19.6710405684225,2.6458870962847447,95.51550439012111
Council Bluffs,Water-cooled evaporative,6,18.065271663687067,0.0255542662498215,Mayes County,Water-cooled evaporative,8,18.242584178594516,2.4209009003944426,0.9719703807945356,94.73568431695247
Kansas City,Water-cooled evaporative,3,17.138704051594342,0.0233070019755581,Seattle,Water-cooled evaporative,9,17.590738175367985,2.2074385722956293,2.569727997012763,94.71139079194123
Montgomery County / Clarksville,Water-cooled evaporative,3,17.386294144336638,0.06840600668931116,New Albany,Water-cooled evaporative,4,17.360773418512416,6.453821140580956,0.14678646071644494,94.3458250661108
Montgomery County / Clarksville,Water-cooled evaporative,3,17.386294144336638,0.06840600668931116,New Albany,Water-cooled evaporative,2,16.87703640074658,6.446942234838222,2.9290758534413897,94.24526509958656
Kansas City,Water-cooled evaporative,9,17.847691993264707,0.0166267092563554,Seattle,Water-cooled evaporative,10,17.40923985865238,1.5614516299414214,2.456632122393124,93.91224720818232
Montgomery County / Clarksville,Water-cooled evaporative,12,17.126348403620877,0.13125244922250706,Forest City,Water-cooled evaporative,4,17.53766580277945,12.316581211122307,2.345337194721693,93.83886764842381
Montgomery County / Clarksville,Water-cooled evaporative,2,17.033207441225265,0.0778148194990946,New Albany,Water-cooled evaporative,12,16.9650384555364,7.223122576219711,0.4002122672672635,92.82451109847725
Council Bluffs,Water-cooled evaporative,9,17.812899523243495,0.0269707448142641,Mayes County,Water-cooled evaporative,7,18.31109635555001,2.5031364776930545,2.7207373203271588,92.80931968809453
Council Bluffs,Water-cooled evaporative,7,18.12470824694942,0.0270372073180772,Mayes County,Water-cooled evaporative,7,18.31109635555001,2.5031364776930545,1.017897044401143,92.5811770515014
Montgomery County / Clarksville,Water-cooled evaporative,3,17.386294144336638,0.06840600668931116,New Albany,Water-cooled evaporative,3,17.140821915955286,6.311753558576083,1.4118720547547612,92.26899601438555
Kansas City,Water-cooled evaporative,5,17.73642893578077,0.0150073823564826,Seattle,Water-cooled evaporative,5,17.454861151844938,1.379972735117141,1.587511132907973,91.95292705533333
Montgomery County / Clarksville,Water-cooled evaporative,11,17.326333368954696,0.20594604712632414,Forest City,Water-cooled evaporative,12,17.161058771530662,18.876077953995914,0.9538925166946908,91.6554515970759
Kansas City,Water-cooled evaporative,4,17.39951136286369,0.0159390041801391,Seattle,Water-cooled evaporative,6,17.548201323721468,1.4555128445111398,0.8473230852257152,91.31767757014525
Montgomery County / Clarksville,Water-cooled evaporative,2,17.033207441225265,0.0778148194990946,New Albany,Water-cooled evaporative,10,17.342821927071753,7.088610837405631,1.7852601332611677,91.09589770992284
Montgomery County / Clarksville,Water-cooled evaporative,2,17.033207441225265,0.0778148194990946,New Albany,Water-cooled evaporative,11,17.184289368160883,7.081530635583124,0.8791863527132102,91.00490987665299
Kansas City,Water-cooled evaporative,2,16.881328443209075,0.0250908454456192,Fort Wayne,Water-cooled evaporative,4,17.29611907595038,2.2662366496044477,2.3981716992111592,90.32125499781145
Council Bluffs,Climate-responsive hybrid,8,12.524012528114987,0.0193169692717561,Mayes County,Climate-responsive hybrid,7,12.685484560502603,1.7341123941484675,1.2728881708655708,89.77145274460645
Council Bluffs,Water-cooled evaporative,9,17.812899523243495,0.0269707448142641,Mayes County,Water-cooled evaporative,8,18.242584178594516,2.4209009003944426,2.355393573325016,89.7602538256227
Council Bluffs,Water-cooled evaporative,12,16.848479469873773,0.0462184965543775,Mayes County,Water-cooled evaporative,11,17.23413316543787,4.143638813801687,2.237731900189248,89.65325838599199
Council Bluffs,Water-cooled evaporative,1,16.786137022735872,0.046218602077775,Mayes County,Water-cooled evaporative,11,17.23413316543787,4.143638813801687,2.5994701236290294,89.6530536953264
Council Bluffs,Water-cooled evaporative,7,18.12470824694942,0.0270372073180772,Mayes County,Water-cooled evaporative,8,18.242584178594516,2.4209009003944426,0.6461580798591479,89.53960636222281
Council Bluffs,Water-cooled evaporative,8,18.17576209587628,0.0280341972757222,Mayes County,Water-cooled evaporative,7,18.31109635555001,2.5031364776930545,0.7390833243729326,89.28868028837006
Montgomery County / Clarksville,Water-cooled evaporative,3,17.386294144336638,0.06840600668931116,New Albany,Water-cooled evaporative,5,17.607896950391954,6.099115392109956,1.2585421568495878,89.1605238676062
Kansas City,Water-cooled evaporative,3,17.138704051594342,0.0233070019755581,Fort Wayne,Water-cooled evaporative,3,17.05927373968985,2.0677764897661115,0.4634557645979238,88.71911076055922
Council Bluffs,Water-cooled evaporative,6,18.065271663687067,0.0255542662498215,Mayes County,Water-cooled evaporative,5,17.821497966615873,2.266069287350972,1.3494050995159024,88.67675030061959
Kansas City,Water-cooled evaporative,12,16.885069121742546,0.0255611534895248,Fort Wayne,Water-cooled evaporative,4,17.29611907595038,2.2662366496044477,2.3765444282780344,88.6594046130654
Council Bluffs,Water-cooled evaporative,2,16.780793662112494,0.0468668477096319,Mayes County,Water-cooled evaporative,11,17.23413316543787,4.143638813801687,2.630474645713691,88.41300442210245
Henrico,Water-cooled evaporative,2,17.064803087888635,0.2592927482258607,Forest City,Water-cooled evaporative,11,17.332512831225806,22.852894043752038,1.5445524024356838,88.13549241201954
Henrico,Water-cooled evaporative,5,17.76193221788505,0.2603086423781433,Forest City,Water-cooled evaporative,11,17.332512831225806,22.852894043752038,2.4176389223400396,87.79153021955476
Kansas City,Water-cooled evaporative,10,17.474312529217023,0.0192033059303433,Seattle,Water-cooled evaporative,7,17.641672799526734,1.6856059412636832,0.9486644050795495,87.7768623474484
Kansas City,Water-cooled evaporative,9,17.847691993264707,0.0166267092563554,Seattle,Water-cooled evaporative,6,17.548201323721468,1.4555128445111398,1.6780358471911088,87.54064451778298
Kansas City,Water-cooled evaporative,5,17.73642893578077,0.0150073823564826,Seattle,Water-cooled evaporative,4,17.354130306973452,1.3137358722983885,2.155443072512088,87.53930839450534
Montgomery County / Clarksville,Water-cooled evaporative,10,17.610932406961034,0.22510495432330285,Forest City,Water-cooled evaporative,5,17.79722792614906,19.6710405684225,1.04676705811193,87.38608453801658
Council Bluffs,Water-cooled evaporative,6,18.065271663687067,0.0255542662498215,Mayes County,Water-cooled evaporative,4,17.57357699037506,2.231070572978707,2.721767391410788,87.30716629338913
Council Bluffs,Water-cooled evaporative,3,17.0513355964971,0.0475899670194202,Mayes County,Water-cooled evaporative,11,17.23413316543787,4.143638813801687,1.0606716751345608,87.06958784213441
Mayes County,Water-cooled evaporative,10,17.611557906068775,5.949134315685416,Montgomery County / Clarksville,Water-cooled evaporative,3,17.386294144336638,0.06840600668931116,1.279067774319461,86.96801061207105
Council Bluffs,Water-cooled evaporative,10,17.42218299677707,0.0402559269828757,Mayes County,Water-cooled evaporative,2,17.03489650235795,3.4988698853981868,2.222950444790795,86.91564566098693
Montgomery County / Clarksville,Water-cooled evaporative,2,17.033207441225265,0.0778148194990946,New Albany,Water-cooled evaporative,1,16.867860356409007,6.759291788974309,0.9707336999611134,86.8638111928404
Kansas City,Water-cooled evaporative,11,17.080305828668926,0.0261044868741696,Fort Wayne,Water-cooled evaporative,4,17.29611907595038,2.2662366496044477,1.2477553278500106,86.81406612312651
Montgomery County / Clarksville,Water-cooled evaporative,5,17.821154768270667,0.14664534676849442,Forest City,Water-cooled evaporative,3,17.37517355832884,12.70987772498829,2.5025382234818245,86.67085594644253
Kansas City,Water-cooled evaporative,4,17.39951136286369,0.0159390041801391,Seattle,Water-cooled evaporative,5,17.454861151844938,1.379972735117141,0.3171024306623938,86.57835329742022
Council Bluffs,Water-cooled evaporative,6,18.065271663687067,0.0255542662498215,Seattle,Water-cooled evaporative,9,17.590738175367985,2.2074385722956293,2.626771947597888,86.38238917586017
Council Bluffs,Water-cooled evaporative,8,18.17576209587628,0.0280341972757222,Mayes County,Water-cooled evaporative,8,18.242584178594516,2.4209009003944426,0.3662972420137914,86.3552780407577
Council Bluffs,Water-cooled evaporative,6,18.065271663687067,0.0255542662498215,Mayes County,Water-cooled evaporative,6,18.199521050354782,2.2011470590681332,0.7376534047037363,86.13618710666398
Kansas City,Water-cooled evaporative,11,17.080305828668926,0.0261044868741696,Mayes County,Water-cooled evaporative,4,17.57357699037506,2.231070572978707,2.806891061371823,85.46693845134922
Council Bluffs,Water-cooled evaporative,5,17.678164559991735,0.0266189030219744,Fort Wayne,Water-cooled evaporative,4,17.29611907595038,2.2662366496044477,2.161115101880999,85.13636522638168
Council Bluffs,Water-cooled evaporative,5,17.678164559991735,0.0266189030219744,Mayes County,Water-cooled evaporative,5,17.821497966615873,2.266069287350972,0.8042724965804589,85.13007788038033
Council Bluffs,Water-cooled evaporative,6,18.065271663687067,0.0255542662498215,Seattle,Water-cooled evaporative,8,17.708893461695116,2.1745776179476533,1.9727253961439501,85.09646086836256
Kansas City,Water-cooled evaporative,11,17.080305828668926,0.0261044868741696,Seattle,Water-cooled evaporative,9,17.590738175367985,2.2074385722956293,2.901710784450242,84.5616534405007
Montgomery County / Clarksville,Water-cooled evaporative,1,17.018934267468634,0.10251914500766245,Fort Wayne,Water-cooled evaporative,10,17.377248463785236,8.651257190054936,2.0619731430055848,84.3867473671218
Henrico,Water-cooled evaporative,4,17.502653145767887,0.1839295959169961,Forest City,Water-cooled evaporative,1,17.06378807311401,15.519826402403526,2.507420269366376,84.37916869782786
Montgomery County / Clarksville,Water-cooled evaporative,3,17.386294144336638,0.06840600668931116,New Albany,Water-cooled evaporative,6,17.889797109319222,5.757620868123333,2.8144699568465033,84.16835226581054
Council Bluffs,Water-cooled evaporative,9,17.812899523243495,0.0269707448142641,Fort Wayne,Water-cooled evaporative,4,17.29611907595038,2.2662366496044477,2.901158492578845,84.02573474373968
Council Bluffs,Water-cooled evaporative,9,17.812899523243495,0.0269707448142641,Mayes County,Water-cooled evaporative,5,17.821497966615873,2.266069287350972,0.04824759057002428,84.0195294181312
Montgomery County / Clarksville,Water-cooled evaporative,5,17.821154768270667,0.14664534676849442,Forest City,Water-cooled evaporative,4,17.53766580277945,12.316581211122307,1.5907440857645685,83.98889894928753
Council Bluffs,Water-cooled evaporative,11,17.14229831979521,0.0493426049820603,Mayes County,Water-cooled evaporative,11,17.23413316543787,4.143638813801687,0.532866055757489,83.9768961389089
Kansas City,Water-cooled evaporative,1,16.852532170914774,0.0270125979043672,Fort Wayne,Water-cooled evaporative,4,17.29611907595038,2.2662366496044477,2.564661489018058,83.8955459829378
Montgomery County / Clarksville,Water-cooled evaporative,10,17.610932406961034,0.22510495432330285,Forest City,Water-cooled evaporative,12,17.161058771530662,18.876077953995914,2.554513441051827,83.85456468845858
Council Bluffs,Water-cooled evaporative,5,17.678164559991735,0.0266189030219744,Mayes County,Water-cooled evaporative,4,17.57357699037506,2.231070572978707,0.5916200704080612,83.8152710927613
Council Bluffs,Water-cooled evaporative,7,18.12470824694942,0.0270372073180772,Mayes County,Water-cooled evaporative,5,17.821497966615873,2.266069287350972,1.6729112336723095,83.81299372719857
Kansas City,Water-cooled evaporative,5,17.73642893578077,0.0150073823564826,Seattle,Water-cooled evaporative,11,17.292650708839894,1.2495704990225598,2.5020720267179284,83.26372110342044
Kansas City,Water-cooled evaporative,9,17.847691993264707,0.0166267092563554,Seattle,Water-cooled evaporative,5,17.454861151844938,1.379972735117141,2.201017596942027,82.99734564671357
Montgomery County / Clarksville,Water-cooled evaporative,2,17.033207441225265,0.0778148194990946,New Albany,Water-cooled evaporative,4,17.360773418512416,6.453821140580956,1.8868167298229659,82.9382010023945
Council Bluffs,Water-cooled evaporative,5,17.678164559991735,0.0266189030219744,Seattle,Water-cooled evaporative,9,17.590738175367985,2.2074385722956293,0.4945444665766324,82.92748091359542
Montgomery County / Clarksville,Water-cooled evaporative,2,17.033207441225265,0.0778148194990946,New Albany,Water-cooled evaporative,2,16.87703640074658,6.446942234838222,0.9168622000147014,82.84980002958477
Henrico,Water-cooled evaporative,3,17.255202194642898,0.2279145531388211,Forest City,Water-cooled evaporative,12,17.161058771530662,18.876077953995914,0.5455944361026602,82.82085410534812
Council Bluffs,Water-cooled evaporative,9,17.812899523243495,0.0269707448142641,Mayes County,Water-cooled evaporative,4,17.57357699037506,2.231070572978707,1.3435349621556598,82.72187469582798
Council Bluffs,Water-cooled evaporative,5,17.678164559991735,0.0266189030219744,Mayes County,Water-cooled evaporative,6,18.199521050354782,2.2011470590681332,2.8646714873460017,82.69112582329352
Kansas City,Water-cooled evaporative,4,17.39951136286369,0.0159390041801391,Seattle,Water-cooled evaporative,4,17.354130306973452,1.3137358722983885,0.2608179904816015,82.42270705565016
Kansas City,Water-cooled evaporative,2,16.881328443209075,0.0250908454456192,Fort Wayne,Water-cooled evaporative,3,17.05927373968985,2.0677764897661115,1.0431000709412994,82.41159088272732
Council Bluffs,Water-cooled evaporative,10,17.42218299677707,0.0402559269828757,Mayes County,Water-cooled evaporative,9,17.925119247041305,3.3010240931505765,2.80576236806485,82.00094596144278
Henrico,Water-cooled evaporative,6,17.971922725305266,0.5784052032193264,Forest City,Water-cooled evaporative,8,18.178730541556863,47.387271201364186,1.1376361830042614,81.92746354564747
Council Bluffs,Water-cooled evaporative,9,17.812899523243495,0.0269707448142641,Seattle,Water-cooled evaporative,9,17.590738175367985,2.2074385722956293,1.2471936283344447,81.84566601691232
Council Bluffs,Water-cooled evaporative,5,17.678164559991735,0.0266189030219744,Seattle,Water-cooled evaporative,8,17.708893461695116,2.1745776179476533,0.1735224268520664,81.69298397279928
Council Bluffs,Water-cooled evaporative,7,18.12470824694942,0.0270372073180772,Seattle,Water-cooled evaporative,9,17.590738175367985,2.2074385722956293,2.946089196615392,81.64447408811064
Council Bluffs,Water-cooled evaporative,9,17.812899523243495,0.0269707448142641,Mayes County,Water-cooled evaporative,6,18.199521050354782,2.2011470590681332,2.1243500092204406,81.61239425260537
Henrico,Water-cooled evaporative,8,18.13923918554841,1.2094493152781127,Kansas City,Water-cooled evaporative,6,18.04172106591572,0.0148282923279255,0.5376086540078354,81.56362772808353
Montgomery County / Clarksville,Water-cooled evaporative,4,17.495966388685023,0.10614035284181425,Fort Wayne,Water-cooled evaporative,10,17.377248463785236,8.651257190054936,0.6785445414239268,81.50771086043302
Council Bluffs,Water-cooled evaporative,7,18.12470824694942,0.0270372073180772,Mayes County,Water-cooled evaporative,6,18.199521050354782,2.2011470590681332,0.4110701770577806,81.41177574935546
Kansas City,Water-cooled evaporative,10,17.474312529217023,0.0192033059303433,Seattle,Water-cooled evaporative,10,17.40923985865238,1.5614516299414214,0.37239044715402286,81.31160517909362
Henrico,Water-cooled evaporative,4,17.502653145767887,0.1839295959169961,Forest City,Water-cooled evaporative,2,17.18346880757389,14.943569593328107,1.8236340258572379,81.24613941995422
Montgomery County / Clarksville,Water-cooled evaporative,2,17.033207441225265,0.0778148194990946,New Albany,Water-cooled evaporative,3,17.140821915955286,6.311753558576083,0.6278256390368838,81.11248730262135
Kansas City,Water-cooled evaporative,12,16.885069121742546,0.0255611534895248,Fort Wayne,Water-cooled evaporative,3,17.05927373968985,2.0677764897661115,1.0211725341038507,80.8952730014123
Council Bluffs,Water-cooled evaporative,8,18.17576209587628,0.0280341972757222,Mayes County,Water-cooled evaporative,5,17.821497966615873,2.266069287350972,1.949101927015115,80.83232293272769
Montgomery County / Clarksville,Water-cooled evaporative,5,17.821154768270667,0.14664534676849442,Fort Wayne,Water-cooled evaporative,9,17.754465867605767,11.829776833810485,0.37421200551849226,80.66929564758627
Council Bluffs,Water-cooled evaporative,9,17.812899523243495,0.0269707448142641,Seattle,Water-cooled evaporative,8,17.708893461695116,2.1745776179476533,0.5838805827915025,80.62727347438985
Council Bluffs,Water-cooled evaporative,4,17.399657086027492,0.0281100447894364,Fort Wayne,Water-cooled evaporative,4,17.29611907595038,2.2662366496044477,0.5950577621455386,80.62017213348899
Council Bluffs,Water-cooled evaporative,4,17.399657086027492,0.0281100447894364,Mayes County,Water-cooled evaporative,5,17.821497966615873,2.266069287350972,2.3670338002932976,80.61421830969648
Henrico,Water-cooled evaporative,8,18.13923918554841,1.2094493152781127,Kansas City,Water-cooled evaporative,5,17.73642893578077,0.0150073823564826,2.220656807307333,80.59029126792909
Council Bluffs,Water-cooled evaporative,7,18.12470824694942,0.0270372073180772,Seattle,Water-cooled evaporative,8,17.708893461695116,2.1745776179476533,2.294187468227475,80.42907658194864
Montgomery County / Clarksville,Water-cooled evaporative,6,18.08988933307039,0.2464654370419071,Forest City,Water-cooled evaporative,5,17.79722792614906,19.6710405684225,1.617817563904666,79.81257252341548
Council Bluffs,Water-cooled evaporative,4,17.399657086027492,0.0281100447894364,Mayes County,Water-cooled evaporative,4,17.57357699037506,2.231070572978707,0.9896670691619702,79.36915752681871
Kansas City,Water-cooled evaporative,11,17.080305828668926,0.0261044868741696,Fort Wayne,Water-cooled evaporative,3,17.05927373968985,2.0677764897661115,0.12313648941680296,79.21153553920944
Kansas City,Water-cooled evaporative,9,17.847691993264707,0.0166267092563554,Seattle,Water-cooled evaporative,4,17.354130306973452,1.3137358722983885,2.7654090314731623,79.0135830273345
Council Bluffs,Water-cooled evaporative,10,17.42218299677707,0.0402559269828757,Mayes County,Water-cooled evaporative,12,17.04331351118919,3.174402907106473,2.174638423083766,78.85554115936317
Council Bluffs,Water-cooled evaporative,4,17.399657086027492,0.0281100447894364,Seattle,Water-cooled evaporative,9,17.590738175367985,2.2074385722956293,1.0862596409288865,78.52846158129114
Council Bluffs,Water-cooled evaporative,8,18.17576209587628,0.0280341972757222,Mayes County,Water-cooled evaporative,6,18.199521050354782,2.2011470590681332,0.13054714139325796,78.51650030922559
Kansas City,Water-cooled evaporative,4,17.39951136286369,0.0159390041801391,Seattle,Water-cooled evaporative,11,17.292650708839894,1.2495704990225598,0.6141589369680457,78.3970243623874
Council Bluffs,Water-cooled evaporative,8,18.17576209587628,0.0280341972757222,Seattle,Water-cooled evaporative,8,17.708893461695116,2.1745776179476533,2.568633060437601,77.5687492158319
Council Bluffs,Water-cooled evaporative,4,17.399657086027492,0.0281100447894364,Seattle,Water-cooled evaporative,8,17.708893461695116,2.1745776179476533,1.7462207694484773,77.35945048244277
Kansas City,Water-cooled evaporative,1,16.852532170914774,0.0270125979043672,Fort Wayne,Water-cooled evaporative,3,17.05927373968985,2.0677764897661115,1.2119013501382192,76.54859769825428
Kansas City,Water-cooled evaporative,4,17.39951136286369,0.0159390041801391,Seattle,Water-cooled evaporative,12,17.166734198946635,1.2174132739277843,1.3378373625703064,76.37950653433857
Kansas City,Water-cooled evaporative,5,17.73642893578077,0.0150073823564826,Seattle,Water-cooled evaporative,3,17.249131712627936,1.1438702157795326,2.747437068178808,76.22050192420303
Kansas City,Water-cooled evaporative,10,17.474312529217023,0.0192033059303433,Seattle,Water-cooled evaporative,6,17.548201323721468,1.4555128445111398,0.4210619261847797,75.79490999053826
Council Bluffs,Water-cooled evaporative,12,16.848479469873773,0.0462184965543775,Mayes County,Water-cooled evaporative,2,17.03489650235795,3.4988698853981868,1.094324420805094,75.7028061542776
Council Bluffs,Water-cooled evaporative,1,16.786137022735872,0.046218602077775,Mayes County,Water-cooled evaporative,2,17.03489650235795,3.4988698853981868,1.4602934604718258,75.70263331440476
Henrico,Water-cooled evaporative,5,17.76193221788505,0.2603086423781433,Forest City,Water-cooled evaporative,5,17.79722792614906,19.6710405684225,0.19832138134360616,75.56814245086383
Montgomery County / Clarksville,Water-cooled evaporative,11,17.326333368954696,0.20594604712632414,Forest City,Water-cooled evaporative,1,17.06378807311401,15.519826402403526,1.5152963425667025,75.35870010111873
Kansas City,Water-cooled evaporative,4,17.39951136286369,0.0159390041801391,Seattle,Water-cooled evaporative,2,17.173377966103345,1.2003307510335863,1.2996537204084346,75.30776311165451
Montgomery County / Clarksville,Water-cooled evaporative,4,17.495966388685023,0.10614035284181425,Fort Wayne,Water-cooled evaporative,8,17.982517090353113,7.967996641116271,2.705687414189111,75.07038018793224
Council Bluffs,Water-cooled evaporative,2,16.780793662112494,0.0468668477096319,Mayes County,Water-cooled evaporative,2,17.03489650235795,3.4988698853981868,1.4916606051013133,74.65554131303591
Montgomery County / Clarksville,Water-cooled evaporative,8,18.225878581836163,0.15943836333341305,Fort Wayne,Water-cooled evaporative,9,17.754465867605767,11.829776833810485,2.5865020010624047,74.19655211257022
Kansas City,Water-cooled evaporative,4,17.39951136286369,0.0159390041801391,Seattle,Water-cooled evaporative,1,17.125193144448993,1.1806652775159978,1.576585759759809,74.07396749335027
Council Bluffs,Water-cooled evaporative,10,17.42218299677707,0.0402559269828757,Mayes County,Water-cooled evaporative,1,16.97112774996448,2.9657169719923138,2.588970893578783,73.67156079287126
Montgomery County / Clarksville,Water-cooled evaporative,1,17.018934267468634,0.10251914500766245,Fort Wayne,Water-cooled evaporative,11,17.11463249756379,7.5413614034547445,0.5591602981178719,73.56051791976114
Council Bluffs,Water-cooled evaporative,4,17.399657086027492,0.0281100447894364,Fort Wayne,Water-cooled evaporative,3,17.05927373968985,2.0677764897661115,1.9562646818538822,73.56005674324541
Council Bluffs,Water-cooled evaporative,3,17.0513355964971,0.0475899670194202,Mayes County,Water-cooled evaporative,2,17.03489650235795,3.4988698853981868,0.0964094222773306,73.52116642506584
Henrico,Water-cooled evaporative,2,17.064803087888635,0.2592927482258607,Forest City,Water-cooled evaporative,12,17.161058771530662,18.876077953995914,0.5608959500896937,72.79832576556917
Henrico,Water-cooled evaporative,8,18.13923918554841,1.2094493152781127,Kansas City,Water-cooled evaporative,9,17.847691993264707,0.0166267092563554,1.6072735427403042,72.74135228026631
Montgomery County / Clarksville,Water-cooled evaporative,11,17.326333368954696,0.20594604712632414,Forest City,Water-cooled evaporative,2,17.18346880757389,14.943569593328107,0.8245516136540979,72.5606041089099
Henrico,Water-cooled evaporative,8,18.13923918554841,1.2094493152781127,Kansas City,Water-cooled evaporative,7,18.113247036624024,0.0166839666755964,0.14329238761619298,72.49171248029232
Kansas City,Water-cooled evaporative,3,17.138704051594342,0.0233070019755581,Seattle,Water-cooled evaporative,7,17.641672799526734,1.6856059412636832,2.851026394423807,72.32186889722527
Kansas City,Water-cooled evaporative,10,17.474312529217023,0.0192033059303433,Seattle,Water-cooled evaporative,5,17.454861151844938,1.379972735117141,0.11131412088208344,71.86120661321314
Kansas City,Water-cooled evaporative,4,17.39951136286369,0.0159390041801391,Seattle,Water-cooled evaporative,3,17.249131712627936,1.1438702157795326,0.8642751345116267,71.76547561263956
Montgomery County / Clarksville,Water-cooled evaporative,4,17.495966388685023,0.10614035284181425,Fort Wayne,Water-cooled evaporative,11,17.11463249756379,7.5413614034547445,2.179553176141498,71.05084165957103
Council Bluffs,Water-cooled evaporative,11,17.14229831979521,0.0493426049820603,Mayes County,Water-cooled evaporative,2,17.03489650235795,3.4988698853981868,0.6265310253832025,70.90971152962608
Henrico,Water-cooled evaporative,6,17.971922725305266,0.5784052032193264,Forest City,Water-cooled evaporative,7,18.187688983789265,40.84580884228518,1.186331362254501,70.61798305918211
Council Bluffs,Water-cooled evaporative,10,17.42218299677707,0.0402559269828757,Fort Wayne,Water-cooled evaporative,5,17.64714703608572,2.8409254489710696,1.2747898504422932,70.57160676437928
Montgomery County / Clarksville,Water-cooled evaporative,3,17.386294144336638,0.06840600668931116,Fort Wayne,Water-cooled evaporative,6,17.801545760713267,4.8202201951417925,2.3326716789564412,70.46486746455528
Montgomery County / Clarksville,Water-cooled evaporative,1,17.018934267468634,0.10251914500766245,New Albany,Water-cooled evaporative,12,16.9650384555364,7.223122576219711,0.3166814742051926,70.45632867577898
Henrico,Water-cooled evaporative,8,18.13923918554841,1.2094493152781127,Kansas City,Water-cooled evaporative,8,18.109453309300104,0.0171914066393065,0.16420686636093887,70.35196948415047
Council Bluffs,Water-cooled evaporative,10,17.42218299677707,0.0402559269828757,Mayes County,Water-cooled evaporative,3,17.328948035857564,2.805691263418541,0.5351508530059292,69.69635215733679
Montgomery County / Clarksville,Water-cooled evaporative,2,17.033207441225265,0.0778148194990946,Fort Wayne,Water-cooled evaporative,12,16.830439289174144,5.42128023027673,1.1904284777297056,69.66899448169777
Montgomery County / Clarksville,Water-cooled evaporative,1,17.018934267468634,0.10251914500766245,New Albany,Water-cooled evaporative,10,17.342821927071753,7.088610837405631,1.8675603138007109,69.14426409697249
Henrico,Water-cooled evaporative,4,17.502653145767887,0.1839295959169961,Forest City,Water-cooled evaporative,3,17.37517355832884,12.70987772498829,0.7283443622938509,69.10186292544249
Montgomery County / Clarksville,Water-cooled evaporative,1,17.018934267468634,0.10251914500766245,New Albany,Water-cooled evaporative,11,17.184289368160883,7.081530635583124,0.962245788287409,69.0752018567248
Council Bluffs,Water-cooled evaporative,12,16.848479469873773,0.0462184965543775,Mayes County,Water-cooled evaporative,12,17.04331351118919,3.174402907106473,1.1431699662598214,68.68252201522154
Council Bluffs,Water-cooled evaporative,1,16.786137022735872,0.046218602077775,Mayes County,Water-cooled evaporative,12,17.04331351118919,3.174402907106473,1.5089582684991265,68.68236520361872
Kansas City,Water-cooled evaporative,10,17.474312529217023,0.0192033059303433,Seattle,Water-cooled evaporative,4,17.354130306973452,1.3137358722983885,0.6877650954372391,68.4119639120337
Henrico,Water-cooled evaporative,3,17.255202194642898,0.2279145531388211,Forest City,Water-cooled evaporative,1,17.06378807311401,15.519826402403526,1.10931253873289,68.09493377524915
Council Bluffs,Water-cooled evaporative,2,16.780793662112494,0.0468668477096319,Mayes County,Water-cooled evaporative,12,17.04331351118919,3.174402907106473,1.5403099221542105,67.73237506336663
Kansas City,Water-cooled evaporative,3,17.138704051594342,0.0233070019755581,Seattle,Water-cooled evaporative,10,17.40923985865238,1.5614516299414214,1.553978285407922,66.9949584926841
Henrico,Water-cooled evaporative,4,17.502653145767887,0.1839295959169961,Forest City,Water-cooled evaporative,4,17.53766580277945,12.316581211122307,0.19964262864453977,66.96356369249321
Montgomery County / Clarksville,Water-cooled evaporative,2,17.033207441225265,0.0778148194990946,Fort Wayne,Water-cooled evaporative,2,16.799944420034144,5.202059116517799,1.369460343837281,66.8517790056472
Montgomery County / Clarksville,Water-cooled evaporative,4,17.495966388685023,0.10614035284181425,New Albany,Water-cooled evaporative,10,17.342821927071753,7.088610837405631,0.8753129619196742,66.78525789310412
Montgomery County / Clarksville,Water-cooled evaporative,4,17.495966388685023,0.10614035284181425,New Albany,Water-cooled evaporative,11,17.184289368160883,7.081530635583124,1.78142214954018,66.71855186063917
Council Bluffs,Water-cooled evaporative,3,17.0513355964971,0.0475899670194202,Mayes County,Water-cooled evaporative,12,17.04331351118919,3.174402907106473,0.04704666835340737,66.7031961970279
Montgomery County / Clarksville,Water-cooled evaporative,10,17.610932406961034,0.22510495432330285,Forest City,Water-cooled evaporative,2,17.18346880757389,14.943569593328107,2.4272627337901738,66.38489871647019
Henrico,Water-cooled evaporative,1,16.972151884988754,0.3445485859877428,Forest City,Water-cooled evaporative,11,17.332512831225806,22.852894043752038,2.0791038768933405,66.32705799165585
Council Bluffs,Water-cooled evaporative,6,18.065271663687067,0.0255542662498215,Seattle,Water-cooled evaporative,7,17.641672799526734,1.6856059412636832,2.3448242132544688,65.96182119983419
Montgomery County / Clarksville,Water-cooled evaporative,1,17.018934267468634,0.10251914500766245,New Albany,Water-cooled evaporative,1,16.867860356409007,6.759291788974309,0.8876813828959965,65.9319953211579
Montgomery County / Clarksville,Water-cooled evaporative,12,17.126348403620877,0.13125244922250706,Fort Wayne,Water-cooled evaporative,10,17.377248463785236,8.651257190054936,1.4438422785243739,65.91311050804701
Henrico,Water-cooled evaporative,3,17.255202194642898,0.2279145531388211,Forest City,Water-cooled evaporative,2,17.18346880757389,14.943569593328107,0.4157203506504073,65.56654407332245
Kansas City,Water-cooled evaporative,10,17.474312529217023,0.0192033059303433,Seattle,Water-cooled evaporative,11,17.292650708839894,1.2495704990225598,1.0395935180476574,65.07059271748118
Council Bluffs,Water-cooled evaporative,11,17.14229831979521,0.0493426049820603,Mayes County,Water-cooled evaporative,12,17.04331351118919,3.174402907106473,0.5774302066118853,64.33391403353359
Henrico,Water-cooled evaporative,4,17.502653145767887,0.1839295959169961,Fort Wayne,Water-cooled evaporative,9,17.754465867605767,11.829776833810485,1.4183063783255168,64.3168750240121
Council Bluffs,Water-cooled evaporative,12,16.848479469873773,0.0462184965543775,Mayes County,Water-cooled evaporative,1,16.97112774996448,2.9657169719923138,0.7226878608050341,64.16731813210444
Council Bluffs,Water-cooled evaporative,1,16.786137022735872,0.046218602077775,Mayes County,Water-cooled evaporative,1,16.97112774996448,2.9657169719923138,1.0900320235288787,64.16717162933037
Montgomery County / Clarksville,Water-cooled evaporative,9,17.929409655793705,0.19265116217094047,Forest City,Water-cooled evaporative,4,17.53766580277945,12.316581211122307,2.1849233217094057,63.93203691236357
Henrico,Water-cooled evaporative,9,17.989698810550344,0.9464556701585684,Kansas City,Water-cooled evaporative,6,18.04172106591572,0.0148282923279255,0.2883441949651689,63.82769163352331
Kansas City,Water-cooled evaporative,10,17.474312529217023,0.0192033059303433,Seattle,Water-cooled evaporative,12,17.166734198946635,1.2174132739277843,1.7601741399332178,63.39602557724916
Council Bluffs,Water-cooled evaporative,5,17.678164559991735,0.0266189030219744,Seattle,Water-cooled evaporative,7,17.641672799526734,1.6856059412636832,0.2064227897707616,63.3236440987889
Council Bluffs,Water-cooled evaporative,2,16.780793662112494,0.0468668477096319,Mayes County,Water-cooled evaporative,1,16.97112774996448,2.9657169719923138,1.1215170297235277,63.27963404679361
Henrico,Water-cooled evaporative,9,17.989698810550344,0.9464556701585684,Kansas City,Water-cooled evaporative,5,17.73642893578077,0.0150073823564826,1.4078605619625009,63.06600629454454
Montgomery County / Clarksville,Water-cooled evaporative,1,17.018934267468634,0.10251914500766245,New Albany,Water-cooled evaporative,4,17.360773418512416,6.453821140580956,1.9690318098343866,62.952350413170024
Montgomery County / Clarksville,Water-cooled evaporative,1,17.018934267468634,0.10251914500766245,New Albany,Water-cooled evaporative,2,16.87703640074658,6.446942234838222,0.8337647028421123,62.88525167037207
Kansas City,Water-cooled evaporative,10,17.474312529217023,0.0192033059303433,Seattle,Water-cooled evaporative,2,17.173377966103345,1.2003307510335863,1.7221539480338128,62.5064640113312
Atlanta,Water-cooled evaporative,7,18.187990649858357,0.7582102707736409,Forest City,Water-cooled evaporative,8,18.178730541556863,47.387271201364186,0.05091331131493347,62.49885160881891
Council Bluffs,Water-cooled evaporative,9,17.812899523243495,0.0269707448142641,Seattle,Water-cooled evaporative,7,17.641672799526734,1.6856059412636832,0.9612512746357311,62.497567377976594
Kansas City,Water-cooled evaporative,3,17.138704051594342,0.0233070019755581,Seattle,Water-cooled evaporative,6,17.548201323721468,1.4555128445111398,2.3335569530626037,62.44959544936438
Council Bluffs,Water-cooled evaporative,7,18.12470824694942,0.0270372073180772,Seattle,Water-cooled evaporative,7,17.641672799526734,1.6856059412636832,2.665066057016319,62.343936688190404
Council Bluffs,Water-cooled evaporative,3,17.0513355964971,0.0475899670194202,Mayes County,Water-cooled evaporative,1,16.97112774996448,2.9657169719923138,0.47039040477918337,62.31811362218603
Montgomery County / Clarksville,Water-cooled evaporative,2,17.033207441225265,0.0778148194990946,Fort Wayne,Water-cooled evaporative,1,16.75566997613035,4.84178592905253,1.6293905070585564,62.22190014986625
Montgomery County / Clarksville,Water-cooled evaporative,4,17.495966388685023,0.10614035284181425,New Albany,Water-cooled evaporative,9,17.744729047966636,6.59353106459328,1.401896070710187,62.12087003724131
Atlanta,Water-cooled evaporative,8,18.243874995696743,0.7660284885937908,Forest City,Water-cooled evaporative,8,18.178730541556863,47.387271201364186,0.357075753672098,61.86097763590185
Montgomery County / Clarksville,Water-cooled evaporative,11,17.326333368954696,0.20594604712632414,Forest City,Water-cooled evaporative,3,17.37517355832884,12.70987772498829,0.2810918072857555,61.714599053179434
Montgomery County / Clarksville,Water-cooled evaporative,1,17.018934267468634,0.10251914500766245,New Albany,Water-cooled evaporative,3,17.140821915955286,6.311753558576083,0.7110957052368339,61.56658405709813
Kansas City,Water-cooled evaporative,10,17.474312529217023,0.0192033059303433,Seattle,Water-cooled evaporative,1,17.125193144448993,1.1806652775159978,1.997900542206188,61.482396926792646
Montgomery County / Clarksville,Water-cooled evaporative,9,17.929409655793705,0.19265116217094047,Fort Wayne,Water-cooled evaporative,9,17.754465867605767,11.829776833810485,0.9757364662110193,61.40516724894634
Atlanta,Water-cooled evaporative,9,17.983196012479553,0.7762135543356912,Forest City,Water-cooled evaporative,8,18.178730541556863,47.387271201364186,1.0756225723810322,61.04927044454893
Montgomery County / Clarksville,Water-cooled evaporative,7,18.23208011967617,0.19419104628193018,Fort Wayne,Water-cooled evaporative,9,17.754465867605767,11.829776833810485,2.619636645601171,60.91824036333681
Montgomery County / Clarksville,Water-cooled evaporative,4,17.495966388685023,0.10614035284181425,New Albany,Water-cooled evaporative,4,17.360773418512416,6.453821140580956,0.7727093615134,60.80459474446422
Council Bluffs,Water-cooled evaporative,12,16.848479469873773,0.0462184965543775,Mayes County,Water-cooled evaporative,3,17.328948035857564,2.805691263418541,2.772635505569016,60.704944396396755
Mayes County,Water-cooled evaporative,11,17.23413316543787,4.143638813801687,Montgomery County / Clarksville,Water-cooled evaporative,3,17.386294144336638,0.06840600668931116,0.8751777557400366,60.574195371780924
Mayes County,Climate-responsive hybrid,11,0.9563293231642632,0.2299322666362521,Montgomery County / Clarksville,Climate-responsive hybrid,3,0.9656419767190818,0.0037992979395463614,0.9644002414289989,60.51967239602856
Council Bluffs,Water-cooled evaporative,8,18.17576209587628,0.0280341972757222,Seattle,Water-cooled evaporative,7,17.641672799526734,1.6856059412636832,2.938469889362823,60.12677747414688
Council Bluffs,Water-cooled evaporative,11,17.14229831979521,0.0493426049820603,Mayes County,Water-cooled evaporative,1,16.97112774996448,2.9657169719923138,0.9985275406919492,60.10458858162377
Atlanta,Water-cooled evaporative,6,18.028496874075547,0.7898038468567355,Forest City,Water-cooled evaporative,8,18.178730541556863,47.387271201364186,0.8264255149053448,59.99878500206885
Council Bluffs,Water-cooled evaporative,4,17.399657086027492,0.0281100447894364,Seattle,Water-cooled evaporative,7,17.641672799526734,1.6856059412636832,1.3718410734028277,59.96454128373089
Henrico,Water-cooled evaporative,2,17.064803087888635,0.2592927482258607,Forest City,Water-cooled evaporative,1,17.06378807311401,15.519826402403526,0.005948001681563222,59.854456048592446
Kansas City,Water-cooled evaporative,11,17.080305828668926,0.0261044868741696,Seattle,Water-cooled evaporative,10,17.40923985865238,1.5614516299414214,1.8894221267218296,59.815450020834476
Montgomery County / Clarksville,Water-cooled evaporative,11,17.326333368954696,0.20594604712632414,Forest City,Water-cooled evaporative,4,17.53766580277945,12.316581211122307,1.2050203043056134,59.804892509383805
Kansas City,Water-cooled evaporative,10,17.474312529217023,0.0192033059303433,Seattle,Water-cooled evaporative,3,17.249131712627936,1.1438702157795326,1.2886390592624797,59.566317379347375
Montgomery County / Clarksville,Water-cooled evaporative,4,17.495966388685023,0.10614035284181425,New Albany,Water-cooled evaporative,3,17.140821915955286,6.311753558576083,2.0298648547897074,59.46610680654862
Kansas City,Water-cooled evaporative,3,17.138704051594342,0.0233070019755581,Seattle,Water-cooled evaporative,5,17.454861151844938,1.379972735117141,1.8112839598106958,59.20850466157377
Montgomery County / Clarksville,Water-cooled evaporative,5,17.821154768270667,0.14664534676849442,Fort Wayne,Water-cooled evaporative,10,17.377248463785236,8.651257190054936,2.4908952885352593,58.99442008011665
Council Bluffs,Water-cooled evaporative,3,17.0513355964971,0.0475899670194202,Mayes County,Water-cooled evaporative,3,17.328948035857564,2.805691263418541,1.6020155336955264,58.95552023126247
Council Bluffs,Water-cooled evaporative,5,17.678164559991735,0.0266189030219744,Seattle,Water-cooled evaporative,10,17.40923985865238,1.5614516299414214,1.5212252404753068,58.65950331057647
Henrico,Water-cooled evaporative,7,18.240049204659343,0.8095718691530903,Forest City,Water-cooled evaporative,8,18.178730541556863,47.387271201364186,0.3361759741679643,58.533742348208044
Atlanta,Water-cooled evaporative,4,17.602846437659863,0.8648748435260727,Kansas City,Water-cooled evaporative,6,18.04172106591572,0.0148282923279255,2.432554115277699,58.32599090977524
Henrico,Climate-responsive hybrid,10,3.819298950055922,0.1875283880045032,Kansas City,Climate-responsive hybrid,5,3.803980642533238,0.0032186745249483,0.4010764206467692,58.26261293304124
Henrico,Water-cooled evaporative,10,17.56483916631861,0.8624373261930341,Kansas City,Water-cooled evaporative,6,18.04172106591572,0.0148282923279255,2.6432173397139582,58.16160803417951
Council Bluffs,Water-cooled evaporative,9,17.812899523243495,0.0269707448142641,Seattle,Water-cooled evaporative,10,17.40923985865238,1.5614516299414214,2.2661086931096817,57.8942717635151
Henrico,Water-cooled evaporative,6,17.971922725305266,0.5784052032193264,Forest City,Water-cooled evaporative,9,17.970017364380077,33.386214972073056,0.010601875794326011,57.72115255231078
Henrico,Water-cooled evaporative,2,17.064803087888635,0.2592927482258607,Forest City,Water-cooled evaporative,2,17.18346880757389,14.943569593328107,0.6905807029658259,57.632038287130555
Atlanta,Water-cooled evaporative,4,17.602846437659863,0.8648748435260727,Kansas City,Water-cooled evaporative,5,17.73642893578077,0.0150073823564826,0.7531532903527216,57.62995990786366
Council Bluffs,Water-cooled evaporative,11,17.14229831979521,0.0493426049820603,Fort Wayne,Water-cooled evaporative,5,17.64714703608572,2.8409254489710696,2.8607950920234977,57.57550599535547
Henrico,Water-cooled evaporative,10,17.56483916631861,0.8624373261930341,Kansas City,Water-cooled evaporative,5,17.73642893578077,0.0150073823564826,0.9674426012329939,57.46753868908358
Montgomery County / Clarksville,Water-cooled evaporative,4,17.495966388685023,0.10614035284181425,New Albany,Water-cooled evaporative,5,17.607896950391954,6.099115392109956,0.6356838753786507,57.46273899427999
Montgomery County / Clarksville,Water-cooled evaporative,12,17.126348403620877,0.13125244922250706,Fort Wayne,Water-cooled evaporative,11,17.11463249756379,7.5413614034547445,0.06840866354564366,57.45691945656705
Montgomery County / Clarksville,Water-cooled evaporative,11,17.326333368954696,0.20594604712632414,Fort Wayne,Water-cooled evaporative,9,17.754465867605767,11.829776833810485,2.4114073712137256,57.4411453818984
Atlanta,Water-cooled evaporative,5,17.830684138680336,0.8268216358804037,Forest City,Water-cooled evaporative,8,18.178730541556863,47.387271201364186,1.9145803502664136,57.31256796504362
Henrico,Water-cooled evaporative,12,17.17315705786896,0.4764154514832484,Forest City,Water-cooled evaporative,10,17.551068348095612,27.173213441099055,2.1532096094176403,57.03680129705977
Council Bluffs,Water-cooled evaporative,6,18.065271663687067,0.0255542662498215,Seattle,Water-cooled evaporative,6,17.548201323721468,1.4555128445111398,2.8622339569072754,56.957724016877485
Henrico,Water-cooled evaporative,9,17.989698810550344,0.9464556701585684,Kansas City,Water-cooled evaporative,9,17.847691993264707,0.0166267092563554,0.7893785147884447,56.92381189601874
Council Bluffs,Water-cooled evaporative,11,17.14229831979521,0.0493426049820603,Mayes County,Water-cooled evaporative,3,17.328948035857564,2.805691263418541,1.0770977884874156,56.86143373335514
Montgomery County / Clarksville,Water-cooled evaporative,4,17.495966388685023,0.10614035284181425,New Albany,Water-cooled evaporative,8,17.973948046279865,6.021781884775739,2.659302543682227,56.73414232709657
Henrico,Water-cooled evaporative,9,17.989698810550344,0.9464556701585684,Kansas City,Water-cooled evaporative,7,18.113247036624024,0.0166839666755964,0.682087677730405,56.728456041748565
Montgomery County / Clarksville,Water-cooled evaporative,10,17.610932406961034,0.22510495432330285,Forest City,Water-cooled evaporative,3,17.37517355832884,12.70987772498829,1.3387073619055319,56.46200796955345
Kansas City,Water-cooled evaporative,3,17.138704051594342,0.0233070019755581,Seattle,Water-cooled evaporative,4,17.354130306973452,1.3137358722983885,1.2413543725239022,56.366574889215464
Council Bluffs,Water-cooled evaporative,10,17.42218299677707,0.0402559269828757,Fort Wayne,Water-cooled evaporative,4,17.29611907595038,2.2662366496044477,0.7235828073325379,56.295726355238884
Council Bluffs,Water-cooled evaporative,10,17.42218299677707,0.0402559269828757,Mayes County,Water-cooled evaporative,5,17.821497966615873,2.266069287350972,2.2406363964848444,56.29156889903257
Mayes County,Water-cooled evaporative,10,17.611557906068775,5.949134315685416,Montgomery County / Clarksville,Water-cooled evaporative,4,17.495966388685023,0.10614035284181425,0.656338967854288,56.049694168170696
Montgomery County / Clarksville,Water-cooled evaporative,4,17.495966388685023,0.10614035284181425,New Albany,Water-cooled evaporative,7,18.03482783797511,5.944723850658858,2.9878935032328537,56.008141027367294
Henrico,Water-cooled evaporative,3,17.255202194642898,0.2279145531388211,Forest City,Water-cooled evaporative,3,17.37517355832884,12.70987772498829,0.6904757715552878,55.76597698544856
Atlanta,Water-cooled evaporative,5,17.830684138680336,0.8268216358804037,Kansas City,Water-cooled evaporative,6,18.04172106591572,0.0148282923279255,1.1697161621352905,55.75973400006993
Kansas City,Water-cooled evaporative,11,17.080305828668926,0.0261044868741696,Seattle,Water-cooled evaporative,6,17.548201323721468,1.4555128445111398,2.6663444669969993,55.75719038367195
Council Bluffs,Water-cooled evaporative,4,17.399657086027492,0.0281100447894364,Seattle,Water-cooled evaporative,10,17.40923985865238,1.5614516299414214,0.05504417598178969,55.54781721757364
Council Bluffs,Water-cooled evaporative,10,17.42218299677707,0.0402559269828757,Mayes County,Water-cooled evaporative,4,17.57357699037506,2.231070572978707,0.8614865014726713,55.42216364630661
Atlanta,Water-cooled evaporative,5,17.830684138680336,0.8268216358804037,Kansas City,Water-cooled evaporative,5,17.73642893578077,0.0150073823564826,0.5286123749738729,55.09432732772676
Henrico,Water-cooled evaporative,9,17.989698810550344,0.9464556701585684,Kansas City,Water-cooled evaporative,8,18.109453309300104,0.0171914066393065,0.6612816892062677,55.05399819899486
Montgomery County / Clarksville,Water-cooled evaporative,12,17.126348403620877,0.13125244922250706,New Albany,Water-cooled evaporative,12,16.9650384555364,7.223122576219711,0.9418817384934876,55.03228792305916
Council Bluffs,Water-cooled evaporative,10,17.42218299677707,0.0402559269828757,Seattle,Water-cooled evaporative,9,17.590738175367985,2.2074385722956293,0.9582041237299469,54.835119639268086
Henrico,Water-cooled evaporative,1,16.972151884988754,0.3445485859877428,Forest City,Water-cooled evaporative,12,17.161058771530662,18.876077953995914,1.1007880635855334,54.784952606560466
Montgomery County / Clarksville,Water-cooled evaporative,10,17.610932406961034,0.22510495432330285,Forest City,Water-cooled evaporative,4,17.53766580277945,12.316581211122307,0.41602910333483156,54.71483845456748
Council Bluffs,Water-cooled evaporative,5,17.678164559991735,0.0266189030219744,Seattle,Water-cooled evaporative,6,17.548201323721468,1.4555128445111398,0.735162498511826,54.679670432308455
Atlanta,Climate-responsive hybrid,6,6.7901344671001835,0.2974665253708362,Kansas City,Climate-responsive hybrid,6,6.628519416788915,0.0054479072841429,2.380145063316959,54.601980146884145
Henrico,Water-cooled evaporative,7,18.240049204659343,0.8095718691530903,Kansas City,Water-cooled evaporative,6,18.04172106591572,0.0148282923279255,1.087322388872508,54.596433038243894
Montgomery County / Clarksville,Water-cooled evaporative,4,17.495966388685023,0.10614035284181425,Fort Wayne,Water-cooled evaporative,7,17.95146502148568,5.777467960620443,2.5373897464941333,54.432341761958
Montgomery County / Clarksville,Water-cooled evaporative,5,17.821154768270667,0.14664534676849442,Fort Wayne,Water-cooled evaporative,8,17.982517090353113,7.967996641116271,0.8973288960142893,54.335148142785336
Atlanta,Climate-responsive hybrid,7,10.392552069271428,0.4332386061861548,Forest City,Climate-responsive hybrid,7,10.47896140714298,23.533592139350016,0.8245983023914164,54.32016400043088
Atlanta,Water-cooled evaporative,4,17.602846437659863,0.8648748435260727,Kansas City,Water-cooled evaporative,4,17.39951136286369,0.0159390041801391,1.1551261071115921,54.261535648742445
Montgomery County / Clarksville,Water-cooled evaporative,4,17.495966388685023,0.10614035284181425,New Albany,Water-cooled evaporative,6,17.889797109319222,5.757620868123333,2.2014264232714136,54.24535262949592
Henrico,Water-cooled evaporative,10,17.56483916631861,0.8624373261930341,Kansas City,Water-cooled evaporative,4,17.39951136286369,0.0159390041801391,0.9412429108485199,54.108607818026655
Henrico,Water-cooled evaporative,3,17.255202194642898,0.2279145531388211,Forest City,Water-cooled evaporative,4,17.53766580277945,12.316581211122307,1.6106111914379533,54.040345565912
Council Bluffs,Water-cooled evaporative,10,17.42218299677707,0.0402559269828757,Seattle,Water-cooled evaporative,8,17.708893461695116,2.1745776179476533,1.619019649862417,54.018818617012286
Montgomery County / Clarksville,Water-cooled evaporative,12,17.126348403620877,0.13125244922250706,New Albany,Water-cooled evaporative,10,17.342821927071753,7.088610837405631,1.2482024226574444,54.00745570384436
Council Bluffs,Water-cooled evaporative,9,17.812899523243495,0.0269707448142641,Seattle,Water-cooled evaporative,6,17.548201323721468,1.4555128445111398,1.485991649908709,53.966357048521644
Montgomery County / Clarksville,Water-cooled evaporative,12,17.126348403620877,0.13125244922250706,New Albany,Water-cooled evaporative,11,17.184289368160883,7.081530635583124,0.3371740506614068,53.95351231562991
Henrico,Water-cooled evaporative,7,18.240049204659343,0.8095718691530903,Kansas City,Water-cooled evaporative,5,17.73642893578077,0.0150073823564826,2.7610685871939786,53.94490857383847
Atlanta,Water-cooled evaporative,7,18.187990649858357,0.7582102707736409,Forest City,Water-cooled evaporative,7,18.187688983789265,40.84580884228518,0.0016586003088478352,53.871347325073955
Kansas City,Water-cooled evaporative,3,17.138704051594342,0.0233070019755581,Seattle,Water-cooled evaporative,11,17.292650708839894,1.2495704990225598,0.8902432590444629,53.613523538247264
Atlanta,Water-cooled evaporative,3,17.41115935851971,0.8010068027762554,Kansas City,Water-cooled evaporative,5,17.73642893578077,0.0150073823564826,1.8339068052468628,53.374185034357566
Atlanta,Water-cooled evaporative,8,18.243874995696743,0.7660284885937908,Forest City,Water-cooled evaporative,7,18.187688983789265,40.84580884228518,0.30797191890829545,53.321527137021235
Atlanta,Water-cooled evaporative,6,18.028496874075547,0.7898038468567355,Kansas City,Water-cooled evaporative,6,18.04172106591572,0.0148282923279255,0.0732978400001774,53.26330432327201
Mayes County,Water-cooled evaporative,11,17.23413316543787,4.143638813801687,Montgomery County / Clarksville,Water-cooled evaporative,2,17.033207441225265,0.0778148194990946,1.1658591835390473,53.24999582952061
Montgomery County / Clarksville,Water-cooled evaporative,1,17.018934267468634,0.10251914500766245,Fort Wayne,Water-cooled evaporative,12,16.830439289174144,5.42128023027673,1.1075604108466057,52.88066175221744
Kansas City,Water-cooled evaporative,11,17.080305828668926,0.0261044868741696,Seattle,Water-cooled evaporative,5,17.454861151844938,1.379972735117141,2.145851060731134,52.8634307875488
Atlanta,Water-cooled evaporative,11,17.376695685310406,0.7927291293276406,Kansas City,Water-cooled evaporative,5,17.73642893578077,0.0150073823564826,2.0282169075458665,52.8226115985652
Atlanta,Water-cooled evaporative,6,18.028496874075547,0.7898038468567355,Kansas City,Water-cooled evaporative,5,17.73642893578077,0.0150073823564826,1.6200348833005782,52.62768869985986
Atlanta,Water-cooled evaporative,9,17.983196012479553,0.7762135543356912,Forest City,Water-cooled evaporative,7,18.187688983789265,40.84580884228518,1.1243482967625904,52.62187012083595
Montgomery County / Clarksville,Water-cooled evaporative,10,17.610932406961034,0.22510495432330285,Fort Wayne,Water-cooled evaporative,9,17.754465867605767,11.829776833810485,0.8084358139245365,52.552272202859584
Kansas City,Water-cooled evaporative,2,16.881328443209075,0.0250908454456192,Seattle,Water-cooled evaporative,4,17.354130306973452,1.3137358722983885,2.7244342148012493,52.35917120233044
Atlanta,Water-cooled evaporative,9,17.983196012479553,0.7762135543356912,Kansas City,Water-cooled evaporative,6,18.04172106591572,0.0148282923279255,0.3243873088512163,52.34679335757906
Kansas City,Water-cooled evaporative,3,17.138704051594342,0.0233070019755581,Seattle,Water-cooled evaporative,12,17.166734198946635,1.2174132739277843,0.16328176942364034,52.233799748439445
Atlanta,Water-cooled evaporative,4,17.602846437659863,0.8648748435260727,Kansas City,Water-cooled evaporative,9,17.847691993264707,0.0166267092563554,1.371861166683303,52.01719896530233
Henrico,Water-cooled evaporative,3,17.255202194642898,0.2279145531388211,Fort Wayne,Water-cooled evaporative,9,17.754465867605767,11.829776833810485,2.812045581578487,51.90443818041339
Atlanta,Water-cooled evaporative,5,17.830684138680336,0.8268216358804037,Kansas City,Water-cooled evaporative,4,17.39951136286369,0.0159390041801391,2.418150489701604,51.87410872949454
Henrico,Water-cooled evaporative,10,17.56483916631861,0.8624373261930341,Kansas City,Water-cooled evaporative,9,17.847691993264707,0.0166267092563554,1.5848145914487954,51.87059645391801
Council Bluffs,Water-cooled evaporative,5,17.678164559991735,0.0266189030219744,Seattle,Water-cooled evaporative,5,17.454861151844938,1.379972735117141,1.263159460864879,51.841833376001546
Atlanta,Water-cooled evaporative,4,17.602846437659863,0.8648748435260727,Kansas City,Water-cooled evaporative,7,18.113247036624024,0.0166839666755964,2.8178304968300703,51.838682031840975
Council Bluffs,Water-cooled evaporative,4,17.399657086027492,0.0281100447894364,Seattle,Water-cooled evaporative,6,17.548201323721468,1.4555128445111398,0.8464926686997564,51.779100866396114
Atlanta,Water-cooled evaporative,9,17.983196012479553,0.7762135543356912,Kansas City,Water-cooled evaporative,5,17.73642893578077,0.0150073823564826,1.372209236486878,51.722114883039374
Atlanta,Water-cooled evaporative,6,18.028496874075547,0.7898038468567355,Forest City,Water-cooled evaporative,7,18.187688983789265,40.84580884228518,0.8752739826132196,51.71639642531939
Atlanta,Water-cooled evaporative,8,18.243874995696743,0.7660284885937908,Kansas City,Water-cooled evaporative,6,18.04172106591572,0.0148282923279255,1.108064650896291,51.659926285049124
Atlanta,Water-cooled evaporative,12,17.20455766710506,0.7745463045407869,Kansas City,Water-cooled evaporative,5,17.73642893578077,0.0150073823564826,2.998750597436963,51.611019573057874
Kansas City,Water-cooled evaporative,3,17.138704051594342,0.0233070019755581,Seattle,Water-cooled evaporative,2,17.173377966103345,1.2003307510335863,0.2019050333454631,51.50086451669611
Montgomery County / Clarksville,Water-cooled evaporative,12,17.126348403620877,0.13125244922250706,New Albany,Water-cooled evaporative,1,16.867860356409007,6.759291788974309,1.5093004131413086,51.49840501273656
Kansas City,Water-cooled evaporative,12,16.885069121742546,0.0255611534895248,Seattle,Water-cooled evaporative,4,17.354130306973452,1.3137358722983885,2.7028792393152776,51.39579764413878
Council Bluffs,Water-cooled evaporative,10,17.42218299677707,0.0402559269828757,Fort Wayne,Water-cooled evaporative,3,17.05927373968985,2.0677764897661115,2.0830297624261873,51.36576511194772
Council Bluffs,Climate-responsive hybrid,4,0.6882537904196142,0.0011119095496847,Seattle,Climate-responsive hybrid,6,0.6870355726784712,0.056985276281154,0.17700123967357084,51.249920730794244
Council Bluffs,Water-cooled evaporative,9,17.812899523243495,0.0269707448142641,Seattle,Water-cooled evaporative,5,17.454861151844938,1.379972735117141,2.0099948968519348,51.16554046320999
Mayes County,Water-cooled evaporative,2,17.03489650235795,3.4988698853981868,Montgomery County / Clarksville,Water-cooled evaporative,3,17.386294144336638,0.06840600668931116,2.021118698795008,51.148576780537404
Atlanta,Water-cooled evaporative,7,18.187990649858357,0.7582102707736409,Kansas City,Water-cooled evaporative,6,18.04172106591572,0.0148282923279255,0.8042096939596557,51.13267623849951
Atlanta,Water-cooled evaporative,8,18.243874995696743,0.7660284885937908,Kansas City,Water-cooled evaporative,5,17.73642893578077,0.0150073823564826,2.7814598600114704,51.043444512686555
Montgomery County / Clarksville,Water-cooled evaporative,1,17.018934267468634,0.10251914500766245,Fort Wayne,Water-cooled evaporative,2,16.799944420034144,5.202059116517799,1.2867424246010764,50.742318579900264
Kansas City,Water-cooled evaporative,3,17.138704051594342,0.0233070019755581,Seattle,Water-cooled evaporative,1,17.125193144448993,1.1806652775159978,0.07883272331837908,50.657106338865624
Atlanta,Water-cooled evaporative,10,17.631360911378515,0.7507609580400378,Kansas City,Water-cooled evaporative,6,18.04172106591572,0.0148282923279255,2.2745067005411936,50.63030465255674
Atlanta,Water-cooled evaporative,7,18.187990649858357,0.7582102707736409,Kansas City,Water-cooled evaporative,5,17.73642893578077,0.0150073823564826,2.4827465703645757,50.52248638458417
Henrico,Water-cooled evaporative,7,18.240049204659343,0.8095718691530903,Forest City,Water-cooled evaporative,7,18.187688983789265,40.84580884228518,0.287061840034416,50.4535920757904
Kansas City,Water-cooled evaporative,11,17.080305828668926,0.0261044868741696,Seattle,Water-cooled evaporative,4,17.354130306973452,1.3137358722983885,1.5778634449603879,50.32605615390704
Atlanta,Water-cooled evaporative,4,17.602846437659863,0.8648748435260727,Kansas City,Water-cooled evaporative,8,18.109453309300104,0.0171914066393065,2.797471922468652,50.30855599381958
Atlanta,Water-cooled evaporative,3,17.41115935851971,0.8010068027762554,Kansas City,Water-cooled evaporative,4,17.39951136286369,0.0159390041801391,0.06689959821842745,50.25450735337375
Henrico,Water-cooled evaporative,9,17.989698810550344,0.9464556701585684,Forest City,Water-cooled evaporative,8,18.178730541556863,47.387271201364186,1.0398511082739788,50.0681359893221
Henrico,Climate-responsive hybrid,6,6.029480425599063,0.1940517386025172,Forest City,Climate-responsive hybrid,6,6.0880951505970735,9.711800945619709,0.962776099060508,50.04748226199984
Atlanta,Water-cooled evaporative,10,17.631360911378515,0.7507609580400378,Kansas City,Water-cooled evaporative,5,17.73642893578077,0.0150073823564826,0.5923854502091661,50.02610983092188
Atlanta,Water-cooled evaporative,1,17.065796158191247,0.7971616790451956,Kansas City,Water-cooled evaporative,4,17.39951136286369,0.0159390041801391,1.917957336346253,50.01326745610018
Montgomery County / Clarksville,Water-cooled evaporative,8,18.225878581836163,0.15943836333341305,Fort Wayne,Water-cooled evaporative,8,17.982517090353113,7.967996641116271,1.335252456502059,49.97540412813834
Kansas City,Water-cooled evaporative,2,16.881328443209075,0.0250908454456192,Seattle,Water-cooled evaporative,11,17.292650708839894,1.2495704990225598,2.3785958125005875,49.80184911388595
Atlanta,Water-cooled evaporative,11,17.376695685310406,0.7927291293276406,Kansas City,Water-cooled evaporative,4,17.39951136286369,0.0159390041801391,0.13112826606143752,49.73517293604991
Atlanta,Water-cooled evaporative,5,17.830684138680336,0.8268216358804037,Kansas City,Water-cooled evaporative,9,17.847691993264707,0.0166267092563554,0.095294420089663,49.728519524352606
Henrico,Water-cooled evaporative,6,17.971922725305266,0.5784052032193264,Forest City,Water-cooled evaporative,6,17.995629734477507,28.706840078736402,0.1317375914154408,49.63101977464578
Atlanta,Water-cooled evaporative,5,17.830684138680336,0.8268216358804037,Kansas City,Water-cooled evaporative,7,18.113247036624024,0.0166839666755964,1.5599792647467383,49.5578570706326
Atlanta,Water-cooled evaporative,5,17.830684138680336,0.8268216358804037,Forest City,Water-cooled evaporative,7,18.187688983789265,40.84580884228518,1.9628928415651261,49.400991785601214
Council Bluffs,Water-cooled evaporative,5,17.678164559991735,0.0266189030219744,Seattle,Water-cooled evaporative,4,17.354130306973452,1.3137358722983885,1.8329632124345063,49.35349406449526
Henrico,Water-cooled evaporative,9,17.989698810550344,0.9464556701585684,Kansas City,Water-cooled evaporative,10,17.474312529217023,0.0192033059303433,2.8648966653686503,49.286079886019316
Atlanta,Water-cooled evaporative,2,17.19450877402098,0.7840678433968516,Kansas City,Water-cooled evaporative,4,17.39951136286369,0.0159390041801391,1.1782088851084251,49.19177098741491
Montgomery County / Clarksville,Water-cooled evaporative,12,17.126348403620877,0.13125244922250706,New Albany,Water-cooled evaporative,4,17.360773418512416,6.453821140580956,1.3503143508662048,49.17105302652334
Montgomery County / Clarksville,Water-cooled evaporative,12,17.126348403620877,0.13125244922250706,New Albany,Water-cooled evaporative,2,16.87703640074658,6.446942234838222,1.4557218911977055,49.118643294107045
Council Bluffs,Water-cooled evaporative,4,17.399657086027492,0.0281100447894364,Seattle,Water-cooled evaporative,5,17.454861151844938,1.379972735117141,0.31626757346970125,49.09180136332359
Kansas City,Water-cooled evaporative,3,17.138704051594342,0.0233070019755581,Seattle,Water-cooled evaporative,3,17.249131712627936,1.1438702157795326,0.6401925782313471,49.078393565122695
Council Bluffs,Water-cooled evaporative,12,16.848479469873773,0.0462184965543775,Fort Wayne,Water-cooled evaporative,4,17.29611907595038,2.2662366496044477,2.588092762954164,49.03311051968447
Council Bluffs,Water-cooled evaporative,1,16.786137022735872,0.046218602077775,Fort Wayne,Water-cooled evaporative,4,17.29611907595038,2.2662366496044477,2.9485345872972095,49.03299857037879
Henrico,Water-cooled evaporative,2,17.064803087888635,0.2592927482258607,Forest City,Water-cooled evaporative,3,17.37517355832884,12.70987772498829,1.7862870226779854,49.01748240917701
Kansas City,Water-cooled evaporative,12,16.885069121742546,0.0255611534895248,Seattle,Water-cooled evaporative,11,17.292650708839894,1.2495704990225598,2.356964203810547,48.88552856328043
Henrico,Water-cooled evaporative,5,17.76193221788505,0.2603086423781433,Forest City,Water-cooled evaporative,3,17.37517355832884,12.70987772498829,2.1774582562969775,48.82618421298897
Council Bluffs,Water-cooled evaporative,9,17.812899523243495,0.0269707448142641,Seattle,Water-cooled evaporative,4,17.354130306973452,1.3137358722983885,2.57548871070321,48.709662315428126
Henrico,Water-cooled evaporative,7,18.240049204659343,0.8095718691530903,Kansas City,Water-cooled evaporative,9,17.847691993264707,0.0166267092563554,2.1510754000291272,48.69104623596154
Kansas City,Water-cooled evaporative,1,16.852532170914774,0.0270125979043672,Seattle,Water-cooled evaporative,4,17.354130306973452,1.3137358722983885,2.8903674640331594,48.63419197773619
Atlanta,Water-cooled evaporative,12,17.20455766710506,0.7745463045407869,Kansas City,Water-cooled evaporative,4,17.39951136286369,0.0159390041801391,1.120455004125729,48.59439747847706
Henrico,Water-cooled evaporative,7,18.240049204659343,0.8095718691530903,Kansas City,Water-cooled evaporative,7,18.113247036624024,0.0166839666755964,0.6951854494061758,48.52394426903581
Kansas City,Water-cooled evaporative,2,16.881328443209075,0.0250908454456192,Seattle,Water-cooled evaporative,12,17.166734198946635,1.2174132739277843,1.6625512600706147,48.520217326528616
Council Bluffs,Water-cooled evaporative,2,16.780793662112494,0.0468668477096319,Fort Wayne,Water-cooled evaporative,4,17.29611907595038,2.2662366496044477,2.979427995234068,48.35479150731743
Montgomery County / Clarksville,Water-cooled evaporative,5,17.821154768270667,0.14664534676849442,New Albany,Water-cooled evaporative,10,17.342821927071753,7.088610837405631,2.6840732119702575,48.33846414913018
Atlanta,Water-cooled evaporative,3,17.41115935851971,0.8010068027762554,Kansas City,Water-cooled evaporative,9,17.847691993264707,0.0166267092563554,2.4458772311273234,48.17590723612842
Henrico,Climate-responsive hybrid,9,9.913127320261308,0.5215393353757937,Forest City,Climate-responsive hybrid,8,9.634933011430334,25.115790267966865,2.8063223626955396,48.15703929574124
Atlanta,Water-cooled evaporative,5,17.830684138680336,0.8268216358804037,Kansas City,Water-cooled evaporative,8,18.109453309300104,0.0171914066393065,1.5393571846622551,48.0950543040472
Montgomery County / Clarksville,Water-cooled evaporative,12,17.126348403620877,0.13125244922250706,New Albany,Water-cooled evaporative,3,17.140821915955286,6.311753558576083,0.08443884666309935,48.088653552483564
Montgomery County / Clarksville,Water-cooled evaporative,6,18.08988933307039,0.2464654370419071,Fort Wayne,Water-cooled evaporative,9,17.754465867605767,11.829776833810485,1.854204076591168,47.99771106160836
Henrico,Water-cooled evaporative,12,17.17315705786896,0.4764154514832484,Forest City,Water-cooled evaporative,11,17.332512831225806,22.852894043752038,0.919403752407761,47.96841490468658
Kansas City,Water-cooled evaporative,11,17.080305828668926,0.0261044868741696,Seattle,Water-cooled evaporative,11,17.292650708839894,1.2495704990225598,1.2279487034478624,47.86803529392528
Kansas City,Water-cooled evaporative,2,16.881328443209075,0.0250908454456192,Seattle,Water-cooled evaporative,2,17.173377966103345,1.2003307510335863,1.7005945101232571,47.839390411739245
Atlanta,Water-cooled evaporative,11,17.376695685310406,0.7927291293276406,Kansas City,Water-cooled evaporative,9,17.847691993264707,0.0166267092563554,2.638975998308601,47.67805325185605
Kansas City,Water-cooled evaporative,12,16.885069121742546,0.0255611534895248,Seattle,Water-cooled evaporative,12,17.166734198946635,1.2174132739277843,1.6407609854026395,47.62747793939314
Council Bluffs,Water-cooled evaporative,3,17.0513355964971,0.0475899670194202,Fort Wayne,Water-cooled evaporative,4,17.29611907595038,2.2662366496044477,1.4152508917080786,47.62005085398897
Atlanta,Water-cooled evaporative,6,18.028496874075547,0.7898038468567355,Kansas City,Water-cooled evaporative,9,17.847691993264707,0.0166267092563554,1.0028838348183742,47.50211450018834
Henrico,Water-cooled evaporative,2,17.064803087888635,0.2592927482258607,Forest City,Water-cooled evaporative,4,17.53766580277945,12.316581211122307,2.6962693907411244,47.50067749829151
Atlanta,Water-cooled evaporative,6,18.028496874075547,0.7898038468567355,Kansas City,Water-cooled evaporative,7,18.113247036624024,0.0166839666755964,0.46789050233300034,47.33909280770621
Council Bluffs,Water-cooled evaporative,6,18.065271663687067,0.0255542662498215,Henrico,Water-cooled evaporative,8,18.13923918554841,1.2094493152781127,0.4077763190876911,47.328665337301985
Henrico,Water-cooled evaporative,5,17.76193221788505,0.2603086423781433,Forest City,Water-cooled evaporative,4,17.53766580277945,12.316581211122307,1.2626239778112587,47.3152988644547
Montgomery County / Clarksville,Water-cooled evaporative,1,17.018934267468634,0.10251914500766245,Fort Wayne,Water-cooled evaporative,1,16.75566997613035,4.84178592905253,1.5468905819884926,47.22811459938187
Atlanta,Water-cooled evaporative,10,17.631360911378515,0.7507609580400378,Kansas City,Water-cooled evaporative,4,17.39951136286369,0.0159390041801391,1.3149838499715452,47.10212442101799
Henrico,Water-cooled evaporative,7,18.240049204659343,0.8095718691530903,Kansas City,Water-cooled evaporative,8,18.109453309300104,0.0171914066393065,0.7159843369604432,47.091659579622885
Kansas City,Water-cooled evaporative,2,16.881328443209075,0.0250908454456192,Seattle,Water-cooled evaporative,1,17.125193144448993,1.1806652775159978,1.4240113917720394,47.05561955155796
Henrico,Water-cooled evaporative,4,17.502653145767887,0.1839295959169961,Fort Wayne,Water-cooled evaporative,10,17.377248463785236,8.651257190054936,0.7164895569731036,47.03569943120564
Henrico,Water-cooled evaporative,6,17.971922725305266,0.5784052032193264,Forest City,Water-cooled evaporative,10,17.551068348095612,27.173213441099055,2.341732621724844,46.97954529083861
Kansas City,Water-cooled evaporative,12,16.885069121742546,0.0255611534895248,Seattle,Water-cooled evaporative,2,17.173377966103345,1.2003307510335863,1.6788126653350328,46.959177782234796
Council Bluffs,Water-cooled evaporative,5,17.678164559991735,0.0266189030219744,Seattle,Water-cooled evaporative,11,17.292650708839894,1.2495704990225598,2.180734599701125,46.94297499754276
Council Bluffs,Water-cooled evaporative,3,17.0513355964971,0.0475899670194202,Mayes County,Water-cooled evaporative,4,17.57357699037506,2.231070572978707,2.9717421454037916,46.881111980352216
Council Bluffs,Water-cooled evaporative,4,17.399657086027492,0.0281100447894364,Seattle,Water-cooled evaporative,4,17.354130306973452,1.3137358722983885,0.2616533120678522,46.73545994462746
Atlanta,Water-cooled evaporative,9,17.983196012479553,0.7762135543356912,Kansas City,Water-cooled evaporative,9,17.847691993264707,0.0166267092563554,0.7535035436460344,46.68473733243342
Kansas City,Water-cooled evaporative,11,17.080305828668926,0.0261044868741696,Seattle,Water-cooled evaporative,12,17.166734198946635,1.2174132739277843,0.5034642540397228,46.636169475233594
Atlanta,Water-cooled evaporative,9,17.983196012479553,0.7762135543356912,Kansas City,Water-cooled evaporative,7,18.113247036624024,0.0166839666755964,0.7179884638105745,46.52452078264199
Montgomery County / Clarksville,Water-cooled evaporative,12,17.126348403620877,0.13125244922250706,New Albany,Water-cooled evaporative,5,17.607896950391954,6.099115392109956,2.7348441902390688,46.46858346826251
Mayes County,Water-cooled evaporative,12,17.04331351118919,3.174402907106473,Montgomery County / Clarksville,Water-cooled evaporative,3,17.386294144336638,0.06840600668931116,1.972706951234744,46.40532404594365
Council Bluffs,Water-cooled evaporative,9,17.812899523243495,0.0269707448142641,Seattle,Water-cooled evaporative,11,17.292650708839894,1.2495704990225598,2.920629590509645,46.33058922279728
Kansas City,Water-cooled evaporative,1,16.852532170914774,0.0270125979043672,Seattle,Water-cooled evaporative,11,17.292650708839894,1.2495704990225598,2.545118994973592,46.25880500077849
Kansas City,Water-cooled evaporative,12,16.885069121742546,0.0255611534895248,Seattle,Water-cooled evaporative,1,17.125193144448993,1.1806652775159978,1.4021682598323322,46.18982777908851
Atlanta,Water-cooled evaporative,8,18.243874995696743,0.7660284885937908,Kansas City,Water-cooled evaporative,9,17.847691993264707,0.0166267092563554,2.1715945901048155,46.072164779147975
Henrico,Water-cooled evaporative,11,17.314232307912096,0.5899915641596294,Forest City,Water-cooled evaporative,10,17.551068348095612,27.173213441099055,1.3494109616934713,46.05695249186141
Kansas City,Water-cooled evaporative,11,17.080305828668926,0.0261044868741696,Seattle,Water-cooled evaporative,2,17.173377966103345,1.2003307510335863,0.5419559134965976,45.98177917916916
Atlanta,Water-cooled evaporative,6,18.028496874075547,0.7898038468567355,Kansas City,Water-cooled evaporative,8,18.109453309300104,0.0171914066393065,0.4470396419033929,45.941781462543325
Council Bluffs,Water-cooled evaporative,11,17.14229831979521,0.0493426049820603,Fort Wayne,Water-cooled evaporative,4,17.29611907595038,2.2662366496044477,0.8893368245195087,45.92859761717877
Atlanta,Water-cooled evaporative,8,18.243874995696743,0.7660284885937908,Kansas City,Water-cooled evaporative,7,18.113247036624024,0.0166839666755964,0.716009943630563,45.91405050660158
Montgomery County / Clarksville,Climate-responsive hybrid,5,5.538006181194832,0.04557071903630567,New Albany,Climate-responsive hybrid,9,5.61606980705539,2.086801699459442,1.390004550201424,45.792599800694624
Council Bluffs,Water-cooled evaporative,5,17.678164559991735,0.0266189030219744,Seattle,Water-cooled evaporative,12,17.166734198946635,1.2174132739277843,2.8930059979334155,45.73491525637954
Atlanta,Water-cooled evaporative,7,18.187990649858357,0.7582102707736409,Kansas City,Water-cooled evaporative,9,17.847691993264707,0.0166267092563554,1.8710074309187068,45.60194438257963
Kansas City,Water-cooled evaporative,2,16.881328443209075,0.0250908454456192,Seattle,Water-cooled evaporative,3,17.249131712627936,1.1438702157795326,2.1323001965924777,45.589145979903584
Atlanta,Water-cooled evaporative,7,18.187990649858357,0.7582102707736409,Kansas City,Water-cooled evaporative,7,18.113247036624024,0.0166839666755964,0.41095036100051274,45.44544385135181
Henrico,Water-cooled evaporative,5,17.76193221788505,0.2603086423781433,Fort Wayne,Water-cooled evaporative,9,17.754465867605767,11.829776833810485,0.04203568726473165,45.44519431139628
Council Bluffs,Water-cooled evaporative,5,17.678164559991735,0.0266189030219744,Henrico,Water-cooled evaporative,8,18.13923918554841,1.2094493152781127,2.541863089406819,45.43573092699161
Montgomery County / Clarksville,Water-cooled evaporative,4,17.495966388685023,0.10614035284181425,Fort Wayne,Water-cooled evaporative,6,17.801545760713267,4.8202201951417925,1.716588975675563,45.41364397314171
Mayes County,Water-cooled evaporative,10,17.611557906068775,5.949134315685416,Montgomery County / Clarksville,Water-cooled evaporative,12,17.126348403620877,0.13125244922250706,2.755062925357098,45.32589182850284
Kansas City,Water-cooled evaporative,11,17.080305828668926,0.0261044868741696,Seattle,Water-cooled evaporative,1,17.125193144448993,1.1806652775159978,0.2621127563435167,45.22844226768795
Council Bluffs,Water-cooled evaporative,11,17.14229831979521,0.0493426049820603,Mayes County,Water-cooled evaporative,4,17.57357699037506,2.231070572978707,2.4541313974728016,45.21590568211522
Atlanta,Water-cooled evaporative,10,17.631360911378515,0.7507609580400378,Kansas City,Water-cooled evaporative,9,17.847691993264707,0.0166267092563554,1.2120955581698212,45.15391148450297
Atlanta,Water-cooled evaporative,9,17.983196012479553,0.7762135543356912,Kansas City,Water-cooled evaporative,8,18.109453309300104,0.0171914066393065,0.6971899960984007,45.15125321746235
Council Bluffs,Water-cooled evaporative,5,17.678164559991735,0.0266189030219744,Seattle,Water-cooled evaporative,2,17.173377966103345,1.2003307510335863,2.8554242278680664,45.09317119652493
Kansas City,Water-cooled evaporative,1,16.852532170914774,0.0270125979043672,Seattle,Water-cooled evaporative,12,17.166734198946635,1.2174132739277843,1.8302958756776277,45.06835211621618
Henrico,Water-cooled evaporative,1,16.972151884988754,0.3445485859877428,Forest City,Water-cooled evaporative,1,17.06378807311401,15.519826402403526,0.5370213678968534,45.04394164878575
Atlanta,Water-cooled evaporative,4,17.602846437659863,0.8648748435260727,Kansas City,Water-cooled evaporative,10,17.474312529217023,0.0192033059303433,0.7301882050612689,45.037809982471664
Atlanta,Water-cooled evaporative,10,17.631360911378515,0.7507609580400378,Kansas City,Water-cooled evaporative,7,18.113247036624024,0.0166839666755964,2.66040718304764,44.99894854969797
Mayes County,Water-cooled evaporative,2,17.03489650235795,3.4988698853981868,Montgomery County / Clarksville,Water-cooled evaporative,2,17.033207441225265,0.0778148194990946,0.009915300233551966,44.96405579195486
Montgomery County / Clarksville,Water-cooled evaporative,5,17.821154768270667,0.14664534676849442,New Albany,Water-cooled evaporative,9,17.744729047966636,6.59353106459328,0.4288483058353821,44.96242949326127
Henrico,Water-cooled evaporative,10,17.56483916631861,0.8624373261930341,Kansas City,Water-cooled evaporative,10,17.474312529217023,0.0192033059303433,0.5153855167383216,44.91087781038212
Council Bluffs,Water-cooled evaporative,9,17.812899523243495,0.0269707448142641,Henrico,Water-cooled evaporative,8,18.13923918554841,1.2094493152781127,1.7990813118827487,44.84300762203896
Kansas City,Water-cooled evaporative,12,16.885069121742546,0.0255611534895248,Seattle,Water-cooled evaporative,3,17.249131712627936,1.1438702157795326,2.1106140120598775,44.750336335498375
Council Bluffs,Water-cooled evaporative,12,16.848479469873773,0.0462184965543775,Fort Wayne,Water-cooled evaporative,3,17.05927373968985,2.0677764897661115,1.2356579361619962,44.739155185052546
Council Bluffs,Water-cooled evaporative,1,16.786137022735872,0.046218602077775,Fort Wayne,Water-cooled evaporative,3,17.05927373968985,2.0677764897661115,1.601104016043205,44.73905303943489
Council Bluffs,Water-cooled evaporative,11,17.14229831979521,0.0493426049820603,Seattle,Water-cooled evaporative,9,17.590738175367985,2.2074385722956293,2.5492952660776824,44.736968652104956
Council Bluffs,Water-cooled evaporative,7,18.12470824694942,0.0270372073180772,Henrico,Water-cooled evaporative,8,18.13923918554841,1.2094493152781127,0.08010776224046057,44.73277513648643
Atlanta,Water-cooled evaporative,8,18.243874995696743,0.7660284885937908,Kansas City,Water-cooled evaporative,8,18.109453309300104,0.0171914066393065,0.736804469600594,44.55880223566699
Atlanta,Water-cooled evaporative,10,17.631360911378515,0.7507609580400378,Forest City,Water-cooled evaporative,9,17.970017364380077,33.386214972073056,1.8845638606495845,44.46983372608007
Council Bluffs,Water-cooled evaporative,4,17.399657086027492,0.0281100447894364,Seattle,Water-cooled evaporative,11,17.292650708839894,1.2495704990225598,0.6149912993028371,44.452810672579986
Kansas City,Water-cooled evaporative,1,16.852532170914774,0.0270125979043672,Seattle,Water-cooled evaporative,2,17.173377966103345,1.2003307510335863,1.8682742313239347,44.435961149798395
Council Bluffs,Water-cooled evaporative,2,16.780793662112494,0.0468668477096319,Fort Wayne,Water-cooled evaporative,3,17.05927373968985,2.0677764897661115,1.6324263378777293,44.12023830954497
Atlanta,Water-cooled evaporative,7,18.187990649858357,0.7582102707736409,Kansas City,Water-cooled evaporative,8,18.109453309300104,0.0171914066393065,0.4318087801461686,44.10402747614997
Atlanta,Water-cooled evaporative,7,18.187990649858357,0.7582102707736409,Forest City,Water-cooled evaporative,9,17.970017364380077,33.386214972073056,1.198446214727834,44.03292366114665
Montgomery County / Clarksville,Water-cooled evaporative,5,17.821154768270667,0.14664534676849442,New Albany,Water-cooled evaporative,4,17.360773418512416,6.453821140580956,2.5833418526723526,44.0097233413717
Kansas City,Water-cooled evaporative,11,17.080305828668926,0.0261044868741696,Seattle,Water-cooled evaporative,3,17.249131712627936,1.1438702157795326,0.9787500424465608,43.81891210094586
Kansas City,Water-cooled evaporative,1,16.852532170914774,0.0270125979043672,Seattle,Water-cooled evaporative,1,17.125193144448993,1.1806652775159978,1.59216291013103,43.70794996082611
Atlanta,Water-cooled evaporative,10,17.631360911378515,0.7507609580400378,Kansas City,Water-cooled evaporative,8,18.109453309300104,0.0171914066393065,2.6400156302678948,43.67071140784344
Atlanta,Climate-responsive hybrid,7,10.392552069271428,0.4332386061861548,Kansas City,Climate-responsive hybrid,8,10.455076622699242,0.0099250634790629,0.5980305614601159,43.65096576964766
Atlanta,Water-cooled evaporative,8,18.243874995696743,0.7660284885937908,Forest City,Water-cooled evaporative,9,17.970017364380077,33.386214972073056,1.501093552665001,43.58351610833769
Council Bluffs,Water-cooled evaporative,3,17.0513355964971,0.0475899670194202,Fort Wayne,Water-cooled evaporative,3,17.05927373968985,2.0677764897661115,0.04653271477953174,43.44984078098451
Henrico,Water-cooled evaporative,1,16.972151884988754,0.3445485859877428,Forest City,Water-cooled evaporative,2,17.18346880757389,14.943569593328107,1.22976870940049,43.371443683300214
Mayes County,Water-cooled evaporative,1,16.97112774996448,2.9657169719923138,Montgomery County / Clarksville,Water-cooled evaporative,3,17.386294144336638,0.06840600668931116,2.3878946883421523,43.35462798555269
Council Bluffs,Climate-responsive hybrid,1,0.1218946624355591,0.000335622239404,Fort Wayne,Climate-responsive hybrid,3,0.12001904073422939,0.014547662142094964,1.538723405810552,43.34534614848167
Henrico,Water-cooled evaporative,4,17.502653145767887,0.1839295959169961,Fort Wayne,Water-cooled evaporative,8,17.982517090353113,7.967996641116271,2.6685026471775375,43.32090548772844
Council Bluffs,Water-cooled evaporative,4,17.399657086027492,0.0281100447894364,Seattle,Water-cooled evaporative,12,17.166734198946635,1.2174132739277843,1.3386636640552068,43.30883437031312
Henrico,Water-cooled evaporative,9,17.989698810550344,0.9464556701585684,Forest City,Water-cooled evaporative,7,18.187688983789265,40.84580884228518,1.0885944520790412,43.156600071339746
Council Bluffs,Water-cooled evaporative,8,18.17576209587628,0.0280341972757222,Henrico,Water-cooled evaporative,8,18.13923918554841,1.2094493152781127,0.20094293782684244,43.14192781704878
Atlanta,Water-cooled evaporative,5,17.830684138680336,0.8268216358804037,Kansas City,Water-cooled evaporative,10,17.474312529217023,0.0192033059303433,1.9986423778896478,43.05621328325224
Atlanta,Water-cooled evaporative,9,17.983196012479553,0.7762135543356912,Forest City,Water-cooled evaporative,9,17.970017364380077,33.386214972073056,0.07328312548187103,43.01163614779449
Council Bluffs,Water-cooled evaporative,5,17.678164559991735,0.0266189030219744,Seattle,Water-cooled evaporative,3,17.249131712627936,1.1438702157795326,2.4269083247180747,42.97210199966717
Council Bluffs,Water-cooled evaporative,4,17.399657086027492,0.0281100447894364,Seattle,Water-cooled evaporative,2,17.173377966103345,1.2003307510335863,1.300480341683611,42.701132638702305
Kansas City,Water-cooled evaporative,1,16.852532170914774,0.0270125979043672,Seattle,Water-cooled evaporative,3,17.249131712627936,1.1438702157795326,2.2992435116187013,42.345805458222884
Atlanta,Water-cooled evaporative,6,18.028496874075547,0.7898038468567355,Forest City,Water-cooled evaporative,9,17.970017364380077,33.386214972073056,0.32437263130661675,42.27152742411125
Montgomery County / Clarksville,Water-cooled evaporative,11,17.326333368954696,0.20594604712632414,Fort Wayne,Water-cooled evaporative,10,17.377248463785236,8.651257190054936,0.2929986006510089,42.00739616404673
Council Bluffs,Water-cooled evaporative,4,17.399657086027492,0.0281100447894364,Seattle,Water-cooled evaporative,1,17.125193144448993,1.1806652775159978,1.5774100617126716,42.001543802579974
Council Bluffs,Water-cooled evaporative,11,17.14229831979521,0.0493426049820603,Fort Wayne,Water-cooled evaporative,3,17.05927373968985,2.0677764897661115,0.48432583867407075,41.906512445338095
Council Bluffs,Water-cooled evaporative,10,17.42218299677707,0.0402559269828757,Seattle,Water-cooled evaporative,7,17.641672799526734,1.6856059412636832,1.2441552750913258,41.87224261363342
Atlanta,Water-cooled evaporative,3,17.41115935851971,0.8010068027762554,Kansas City,Water-cooled evaporative,10,17.474312529217023,0.0192033059303433,0.3614057525394494,41.71192219098994
Montgomery County / Clarksville,Water-cooled evaporative,5,17.821154768270667,0.14664534676849442,New Albany,Water-cooled evaporative,5,17.607896950391954,6.099115392109956,1.19665543928951,41.590923452473994
Montgomery County / Clarksville,Water-cooled evaporative,3,17.386294144336638,0.06840600668931116,Fort Wayne,Water-cooled evaporative,5,17.64714703608572,2.8409254489710696,1.4781589976877125,41.5303507172124
Atlanta,Water-cooled evaporative,1,17.065796158191247,0.7971616790451956,Kansas City,Water-cooled evaporative,10,17.474312529217023,0.0192033059303433,2.3378108314289174,41.51168980678447
Montgomery County / Clarksville,Water-cooled evaporative,9,17.929409655793705,0.19265116217094047,Fort Wayne,Water-cooled evaporative,8,17.982517090353113,7.967996641116271,0.29532814729200385,41.359712297225705
Montgomery County / Clarksville,Water-cooled evaporative,8,18.225878581836163,0.15943836333341305,New Albany,Water-cooled evaporative,9,17.744729047966636,6.59353106459328,2.639925047833021,41.354733746263264
Montgomery County / Clarksville,Water-cooled evaporative,12,17.126348403620877,0.13125244922250706,Fort Wayne,Water-cooled evaporative,12,16.830439289174144,5.42128023027673,1.7278003896275484,41.304221463221985
Atlanta,Water-cooled evaporative,11,17.376695685310406,0.7927291293276406,Kansas City,Water-cooled evaporative,10,17.474312529217023,0.0192033059303433,0.5586305254836357,41.28086758619217
Henrico,Water-cooled evaporative,7,18.240049204659343,0.8095718691530903,Forest City,Water-cooled evaporative,9,17.970017364380077,33.386214972073056,1.4804337271759531,41.23934667715055
Montgomery County / Clarksville,Water-cooled evaporative,5,17.821154768270667,0.14664534676849442,New Albany,Water-cooled evaporative,8,17.973948046279865,6.021781884775739,0.8500818941713972,41.06357288160111
Montgomery County / Clarksville,Water-cooled evaporative,7,18.23208011967617,0.19419104628193018,Fort Wayne,Water-cooled evaporative,8,17.982517090353113,7.967996641116271,1.3688127064213935,41.03174061665121
Mayes County,Water-cooled evaporative,3,17.328948035857564,2.805691263418541,Montgomery County / Clarksville,Water-cooled evaporative,3,17.386294144336638,0.06840600668931116,0.3298351448733161,41.01527627773289
Henrico,Water-cooled evaporative,4,17.502653145767887,0.1839295959169961,Fort Wayne,Water-cooled evaporative,11,17.11463249756379,7.5413614034547445,2.2169247426234935,41.001348183562676
Atlanta,Water-cooled evaporative,2,17.19450877402098,0.7840678433968516,Kansas City,Water-cooled evaporative,10,17.474312529217023,0.0192033059303433,1.6012289738335086,40.82983660422447
Mayes County,Water-cooled evaporative,12,17.04331351118919,3.174402907106473,Montgomery County / Clarksville,Water-cooled evaporative,2,17.033207441225265,0.0778148194990946,0.05929639185062246,40.79432333764404
Council Bluffs,Water-cooled evaporative,4,17.399657086027492,0.0281100447894364,Seattle,Water-cooled evaporative,3,17.249131712627936,1.1438702157795326,0.8651054021083758,40.69257891077402
Mayes County,Water-cooled evaporative,10,17.611557906068775,5.949134315685416,Montgomery County / Clarksville,Water-cooled evaporative,5,17.821154768270667,0.14664534676849442,1.1761126870132135,40.56817653462387
Montgomery County / Clarksville,Water-cooled evaporative,5,17.821154768270667,0.14664534676849442,New Albany,Water-cooled evaporative,7,18.03482783797511,5.944723850658858,1.1847802020850084,40.53810081027429
Atlanta,Climate-responsive hybrid,11,1.7671340336477637,0.0806170890754026,Kansas City,Climate-responsive hybrid,10,1.8101340647420168,0.0019892375257714,2.3755163737212768,40.52662793204666
Atlanta,Water-cooled evaporative,9,17.983196012479553,0.7762135543356912,Kansas City,Water-cooled evaporative,10,17.474312529217023,0.0192033059303433,2.829772210175469,40.42082947338717
Mayes County,Water-cooled evaporative,11,17.23413316543787,4.143638813801687,Montgomery County / Clarksville,Water-cooled evaporative,1,17.018934267468634,0.10251914500766245,1.2486783982893173,40.418195191658924
Atlanta,Water-cooled evaporative,5,17.830684138680336,0.8268216358804037,Forest City,Water-cooled evaporative,9,17.970017364380077,33.386214972073056,0.7753650031297399,40.37898081431221
Atlanta,Water-cooled evaporative,12,17.20455766710506,0.7745463045407869,Kansas City,Water-cooled evaporative,10,17.474312529217023,0.0192033059303433,1.5437223161765778,40.33400849574135
Montgomery County / Clarksville,Water-cooled evaporative,12,17.126348403620877,0.13125244922250706,Fort Wayne,Water-cooled evaporative,2,16.799944420034144,5.202059116517799,1.9058585980752565,39.633996526030195
Henrico,Water-cooled evaporative,12,17.17315705786896,0.4764154514832484,Forest City,Water-cooled evaporative,12,17.161058771530662,18.876077953995914,0.07044881903501503,39.62104481546109
Montgomery County / Clarksville,Water-cooled evaporative,5,17.821154768270667,0.14664534676849442,Fort Wayne,Water-cooled evaporative,7,17.95146502148568,5.777467960620443,0.7259031675634809,39.39755394858316
Henrico,Water-cooled evaporative,11,17.314232307912096,0.5899915641596294,Kansas City,Water-cooled evaporative,5,17.73642893578077,0.0150073823564826,2.38039252093723,39.31342256398073
Montgomery County / Clarksville,Water-cooled evaporative,5,17.821154768270667,0.14664534676849442,New Albany,Water-cooled evaporative,6,17.889797109319222,5.757620868123333,0.3836954697088087,39.262213189844715
Henrico,Water-cooled evaporative,8,18.13923918554841,1.2094493152781127,Forest City,Water-cooled evaporative,8,18.178730541556863,47.387271201364186,0.21723934967943334,39.18086570702427
Atlanta,Water-cooled evaporative,10,17.631360911378515,0.7507609580400378,Kansas City,Water-cooled evaporative,10,17.474312529217023,0.0192033059303433,0.8907331824858693,39.09540163361947
Mayes County,Water-cooled evaporative,11,17.23413316543787,4.143638813801687,Montgomery County / Clarksville,Water-cooled evaporative,4,17.495966388685023,0.10614035284181425,1.4965347865350507,39.0392409942064
Henrico,Water-cooled evaporative,6,17.971922725305266,0.5784052032193264,Kansas City,Water-cooled evaporative,6,18.04172106591572,0.0148282923279255,0.38687185305351257,39.00686541834896
Council Bluffs,Water-cooled evaporative,10,17.42218299677707,0.0402559269828757,Seattle,Water-cooled evaporative,10,17.40923985865238,1.5614516299414214,0.07429113864252619,38.78811760081045
Henrico,Water-cooled evaporative,11,17.314232307912096,0.5899915641596294,Forest City,Water-cooled evaporative,11,17.332512831225806,22.852894043752038,0.10546955015533485,38.734272542189956
Henrico,Water-cooled evaporative,10,17.56483916631861,0.8624373261930341,Forest City,Water-cooled evaporative,9,17.970017364380077,33.386214972073056,2.254745723644128,38.71146801988069
Atlanta,Water-cooled evaporative,4,17.602846437659863,0.8648748435260727,Forest City,Water-cooled evaporative,9,17.970017364380077,33.386214972073056,2.043241913878249,38.6023656740417
Henrico,Water-cooled evaporative,6,17.971922725305266,0.5784052032193264,Kansas City,Water-cooled evaporative,5,17.73642893578077,0.0150073823564826,1.3103427670146364,38.541378468276186
Henrico,Water-cooled evaporative,4,17.502653145767887,0.1839295959169961,New Albany,Water-cooled evaporative,10,17.342821927071753,7.088610837405631,0.9131828035727294,38.53980541883311
Henrico,Water-cooled evaporative,4,17.502653145767887,0.1839295959169961,New Albany,Water-cooled evaporative,11,17.184289368160883,7.081530635583124,1.8189458189885008,38.50131133207558
Montgomery County / Clarksville,Water-cooled evaporative,10,17.610932406961034,0.22510495432330285,Fort Wayne,Water-cooled evaporative,10,17.377248463785236,8.651257190054936,1.3269254448073986,38.432104775578274
Atlanta,Water-cooled evaporative,10,17.631360911378515,0.7507609580400378,Forest City,Water-cooled evaporative,6,17.995629734477507,28.706840078736402,2.024207146255607,38.236991110565285
Mayes County,Water-cooled evaporative,1,16.97112774996448,2.9657169719923138,Montgomery County / Clarksville,Water-cooled evaporative,2,17.033207441225265,0.0778148194990946,0.36446272068837526,38.11249567991121
Henrico,Water-cooled evaporative,3,17.255202194642898,0.2279145531388211,Fort Wayne,Water-cooled evaporative,10,17.377248463785236,8.651257190054936,0.702333683014813,37.9583360119418
Atlanta,Water-cooled evaporative,7,18.187990649858357,0.7582102707736409,Forest City,Water-cooled evaporative,6,17.995629734477507,28.706840078736402,1.0576259856519514,37.86131787616823
Montgomery County / Clarksville,Water-cooled evaporative,8,18.225878581836163,0.15943836333341305,New Albany,Water-cooled evaporative,8,17.973948046279865,6.021781884775739,1.3822682644630955,37.76871361996584
Atlanta,Water-cooled evaporative,8,18.243874995696743,0.7660284885937908,Forest City,Water-cooled evaporative,6,17.995629734477507,28.706840078736402,1.36070468186057,37.474898787947104
Montgomery County / Clarksville,Water-cooled evaporative,8,18.225878581836163,0.15943836333341305,New Albany,Water-cooled evaporative,7,18.03482783797511,5.944723850658858,1.0482388709175974,37.285404380546844
Atlanta,Water-cooled evaporative,4,17.602846437659863,0.8648748435260727,Kansas City,Water-cooled evaporative,3,17.138704051594342,0.0233070019755581,2.636746208684333,37.107940542205355
Council Bluffs,Water-cooled evaporative,6,18.065271663687067,0.0255542662498215,Henrico,Water-cooled evaporative,9,17.989698810550344,0.9464556701585684,0.4183322262937896,37.03709043749904
Henrico,Water-cooled evaporative,11,17.314232307912096,0.5899915641596294,Kansas City,Water-cooled evaporative,4,17.39951136286369,0.0159390041801391,0.4901232751490301,37.01558500717329
Henrico,Water-cooled evaporative,10,17.56483916631861,0.8624373261930341,Kansas City,Water-cooled evaporative,3,17.138704051594342,0.0233070019755581,2.426068981840731,37.003357493060086
Atlanta,Water-cooled evaporative,9,17.983196012479553,0.7762135543356912,Forest City,Water-cooled evaporative,6,17.995629734477507,28.706840078736402,0.06909300858826242,36.983172888941176
Montgomery County / Clarksville,Water-cooled evaporative,12,17.126348403620877,0.13125244922250706,Fort Wayne,Water-cooled evaporative,1,16.75566997613035,4.84178592905253,2.1643751414759187,36.88910917650338
Henrico,Water-cooled evaporative,1,16.972151884988754,0.3445485859877428,Forest City,Water-cooled evaporative,3,17.37517355832884,12.70987772498829,2.3195260294070286,36.88849190471047
Montgomery County / Clarksville,Water-cooled evaporative,11,17.326333368954696,0.20594604712632414,Fort Wayne,Water-cooled evaporative,11,17.11463249756379,7.5413614034547445,1.2218446158391014,36.618141055307504
Atlanta,Water-cooled evaporative,6,18.028496874075547,0.7898038468567355,Forest City,Water-cooled evaporative,6,17.995629734477507,28.706840078736402,0.18230659953299447,36.34679698381313
Montgomery County / Clarksville,Water-cooled evaporative,8,18.225878581836163,0.15943836333341305,Fort Wayne,Water-cooled evaporative,7,17.95146502148568,5.777467960620443,1.5056259654004336,36.23637272629777
Atlanta,Water-cooled evaporative,10,17.631360911378515,0.7507609580400378,Forest City,Water-cooled evaporative,10,17.551068348095612,27.173213441099055,0.4553962889562636,36.19422820286017
Council Bluffs,Water-cooled evaporative,10,17.42218299677707,0.0402559269828757,Seattle,Water-cooled evaporative,6,17.548201323721468,1.4555128445111398,0.7181267448422014,36.15648560596541
Montgomery County / Clarksville,Water-cooled evaporative,8,18.225878581836163,0.15943836333341305,New Albany,Water-cooled evaporative,6,17.889797109319222,5.757620868123333,1.843979542648104,36.11189144035026
Mayes County,Water-cooled evaporative,3,17.328948035857564,2.805691263418541,Montgomery County / Clarksville,Water-cooled evaporative,2,17.033207441225265,0.0778148194990946,1.7066275114931628,36.056001690670065
Henrico,Water-cooled evaporative,4,17.502653145767887,0.1839295959169961,New Albany,Water-cooled evaporative,9,17.744729047966636,6.59353106459328,1.36421300964575,35.84812455940377
Council Bluffs,Water-cooled evaporative,5,17.678164559991735,0.0266189030219744,Henrico,Water-cooled evaporative,9,17.989698810550344,0.9464556701585684,1.7317368892018599,35.555772879793416
Henrico,Water-cooled evaporative,11,17.314232307912096,0.5899915641596294,Kansas City,Water-cooled evaporative,9,17.847691993264707,0.0166267092563554,2.9889561381601935,35.484566131696255
Henrico,Water-cooled evaporative,7,18.240049204659343,0.8095718691530903,Forest City,Water-cooled evaporative,6,17.995629734477507,28.706840078736402,1.3400154102621582,35.459285546528704
Montgomery County / Clarksville,Water-cooled evaporative,10,17.610932406961034,0.22510495432330285,Fort Wayne,Water-cooled evaporative,8,17.982517090353113,7.967996641116271,2.066366357529666,35.39680708080899
Henrico,Water-cooled evaporative,9,17.989698810550344,0.9464556701585684,Forest City,Water-cooled evaporative,9,17.970017364380077,33.386214972073056,0.10940397822961183,35.274990709791574
Council Bluffs,Water-cooled evaporative,9,17.812899523243495,0.0269707448142641,Henrico,Water-cooled evaporative,9,17.989698810550344,0.9464556701585684,0.9827806967127354,35.09193671425839
Henrico,Water-cooled evaporative,4,17.502653145767887,0.1839295959169961,New Albany,Water-cooled evaporative,4,17.360773418512416,6.453821140580956,0.8106184021008126,35.088540853933274
Atlanta,Water-cooled evaporative,12,17.20455766710506,0.7745463045407869,Forest City,Water-cooled evaporative,10,17.551068348095612,27.173213441099055,1.9742996501301284,35.08274880636028
Montgomery County / Clarksville,Water-cooled evaporative,11,17.326333368954696,0.20594604712632414,New Albany,Water-cooled evaporative,12,16.9650384555364,7.223122576219711,2.0852358414485006,35.07288766649238
Atlanta,Water-cooled evaporative,9,17.983196012479553,0.7762135543356912,Forest City,Water-cooled evaporative,10,17.551068348095612,27.173213441099055,2.4029525345998755,35.007393634545295
Council Bluffs,Water-cooled evaporative,7,18.12470824694942,0.0270372073180772,Henrico,Water-cooled evaporative,9,17.989698810550344,0.9464556701585684,0.7448916394105298,35.005674181658684
Henrico,Water-cooled evaporative,6,17.971922725305266,0.5784052032193264,Kansas City,Water-cooled evaporative,9,17.847691993264707,0.0166267092563554,0.691248977304116,34.787713810430446
Atlanta,Water-cooled evaporative,5,17.830684138680336,0.8268216358804037,Forest City,Water-cooled evaporative,6,17.995629734477507,28.706840078736402,0.9165869615618658,34.71950760960581
Henrico,Water-cooled evaporative,6,17.971922725305266,0.5784052032193264,Kansas City,Water-cooled evaporative,7,18.113247036624024,0.0166839666755964,0.7802262677310594,34.66832645172796
Atlanta,Water-cooled evaporative,2,17.19450877402098,0.7840678433968516,Forest City,Water-cooled evaporative,10,17.551068348095612,27.173213441099055,2.031554814800314,34.65671200514402
Montgomery County / Clarksville,Water-cooled evaporative,11,17.326333368954696,0.20594604712632414,New Albany,Water-cooled evaporative,10,17.342821927071753,7.088610837405631,0.09507425138995995,34.41974699838539
Atlanta,Water-cooled evaporative,6,18.028496874075547,0.7898038468567355,Forest City,Water-cooled evaporative,10,17.551068348095612,27.173213441099055,2.648188195137129,34.405015307589494
Montgomery County / Clarksville,Water-cooled evaporative,11,17.326333368954696,0.20594604712632414,New Albany,Water-cooled evaporative,11,17.184289368160883,7.081530635583124,0.8198156976958989,34.385368082541646
Atlanta,Water-cooled evaporative,3,17.41115935851971,0.8010068027762554,Kansas City,Water-cooled evaporative,3,17.138704051594342,0.0233070019755581,1.5648315044112806,34.36764641013314
Henrico,Water-cooled evaporative,4,17.502653145767887,0.1839295959169961,New Albany,Water-cooled evaporative,3,17.140821915955286,6.311753558576083,2.067293608569805,34.31613888514416
Council Bluffs,Water-cooled evaporative,10,17.42218299677707,0.0402559269828757,Seattle,Water-cooled evaporative,5,17.454861151844938,1.379972735117141,0.18721521061433793,34.27998902383149
Atlanta,Water-cooled evaporative,11,17.376695685310406,0.7927291293276406,Forest City,Water-cooled evaporative,10,17.551068348095612,27.173213441099055,0.9935159463049247,34.278055940931836
Montgomery County / Clarksville,Water-cooled evaporative,9,17.929409655793705,0.19265116217094047,New Albany,Water-cooled evaporative,9,17.744729047966636,6.59353106459328,1.0300428813471347,34.225233786769486
Atlanta,Water-cooled evaporative,1,17.065796158191247,0.7971616790451956,Kansas City,Water-cooled evaporative,3,17.138704051594342,0.0233070019755581,0.42539910359390404,34.20266921851098
Council Bluffs,Water-cooled evaporative,11,17.14229831979521,0.0493426049820603,Seattle,Water-cooled evaporative,7,17.641672799526734,1.6856059412636832,2.830652656390508,34.16126777004429
Mayes County,Water-cooled evaporative,2,17.03489650235795,3.4988698853981868,Montgomery County / Clarksville,Water-cooled evaporative,1,17.018934267468634,0.10251914500766245,0.09370315156951889,34.12894133224263
Atlanta,Water-cooled evaporative,1,17.065796158191247,0.7971616790451956,Forest City,Water-cooled evaporative,10,17.551068348095612,27.173213441099055,2.764915390219075,34.08745572622847
Atlanta,Water-cooled evaporative,11,17.376695685310406,0.7927291293276406,Kansas City,Water-cooled evaporative,3,17.138704051594342,0.0233070019755581,1.3696023572378764,34.01248818526597
Henrico,Water-cooled evaporative,6,17.971922725305266,0.5784052032193264,Forest City,Water-cooled evaporative,5,17.79722792614906,19.6710405684225,0.9720429017326491,34.009100296705675
Montgomery County / Clarksville,Water-cooled evaporative,7,18.23208011967617,0.19419104628193018,New Albany,Water-cooled evaporative,9,17.744729047966636,6.59353106459328,2.673041520827789,33.95383665125666
Atlanta,Water-cooled evaporative,3,17.41115935851971,0.8010068027762554,Forest City,Water-cooled evaporative,10,17.551068348095612,27.173213441099055,0.7971536934449998,33.9238235517075
Atlanta,Water-cooled evaporative,4,17.602846437659863,0.8648748435260727,Council Bluffs,Water-cooled evaporative,6,18.065271663687067,0.0255542662498215,2.5597468703264665,33.84463615863414
Henrico,Water-cooled evaporative,8,18.13923918554841,1.2094493152781127,Forest City,Water-cooled evaporative,7,18.187688983789265,40.84580884228518,0.26638787524923974,33.77223693982802
Council Bluffs,Water-cooled evaporative,8,18.17576209587628,0.0280341972757222,Henrico,Water-cooled evaporative,9,17.989698810550344,0.9464556701585684,1.0236890444783613,33.76075515378517
Council Bluffs,Water-cooled evaporative,6,18.065271663687067,0.0255542662498215,Henrico,Water-cooled evaporative,10,17.56483916631861,0.8624373261930341,2.770135465908188,33.74925023327791
Henrico,Water-cooled evaporative,6,17.971922725305266,0.5784052032193264,Kansas City,Water-cooled evaporative,8,18.109453309300104,0.0171914066393065,0.7594408381406489,33.64501901181597
Atlanta,Water-cooled evaporative,2,17.19450877402098,0.7840678433968516,Kansas City,Water-cooled evaporative,3,17.138704051594342,0.0233070019755581,0.32454967548101404,33.64087085156205
Montgomery County / Clarksville,Water-cooled evaporative,10,17.610932406961034,0.22510495432330285,Fort Wayne,Water-cooled evaporative,11,17.11463249756379,7.5413614034547445,2.8181353373491618,33.50153454474219
Henrico,Water-cooled evaporative,2,17.064803087888635,0.2592927482258607,Fort Wayne,Water-cooled evaporative,10,17.377248463785236,8.651257190054936,1.7980140903650417,33.36482508380502
Henrico,Water-cooled evaporative,11,17.314232307912096,0.5899915641596294,Forest City,Water-cooled evaporative,5,17.79722792614906,19.6710405684225,2.7138811743109073,33.34122344010373
Henrico,Water-cooled evaporative,10,17.56483916631861,0.8624373261930341,Forest City,Water-cooled evaporative,6,17.995629734477507,28.706840078736402,2.3938621460606835,33.28571156057678
Henrico,Water-cooled evaporative,5,17.76193221788505,0.2603086423781433,Fort Wayne,Water-cooled evaporative,10,17.377248463785236,8.651257190054936,2.165776501007386,33.23461376855668
Atlanta,Water-cooled evaporative,12,17.20455766710506,0.7745463045407869,Kansas City,Water-cooled evaporative,3,17.138704051594342,0.0233070019755581,0.38276843139437405,33.23234388331234
Atlanta,Water-cooled evaporative,4,17.602846437659863,0.8648748435260727,Forest City,Water-cooled evaporative,6,17.995629734477507,28.706840078736402,2.1826593601507445,33.19190087862811
Henrico,Water-cooled evaporative,4,17.502653145767887,0.1839295959169961,New Albany,Water-cooled evaporative,5,17.607896950391954,6.099115392109956,0.5977079768275446,33.160054322428735
Atlanta,Water-cooled evaporative,4,17.602846437659863,0.8648748435260727,Kansas City,Water-cooled evaporative,11,17.080305828668926,0.0261044868741696,2.9685006390387167,33.13127155860193
Montgomery County / Clarksville,Water-cooled evaporative,3,17.386294144336638,0.06840600668931116,Fort Wayne,Water-cooled evaporative,4,17.29611907595038,2.2662366496044477,0.5186560611344088,33.12920544971032
Mayes County,Water-cooled evaporative,5,17.821497966615873,2.266069287350972,Montgomery County / Clarksville,Water-cooled evaporative,3,17.386294144336638,0.06840600668931116,2.4420159466644176,33.12675884799249
Henrico,Water-cooled evaporative,3,17.255202194642898,0.2279145531388211,Fort Wayne,Water-cooled evaporative,11,17.11463249756379,7.5413614034547445,0.8146511150286612,33.088546999722986
Henrico,Water-cooled evaporative,10,17.56483916631861,0.8624373261930341,Kansas City,Water-cooled evaporative,11,17.080305828668926,0.0261044868741696,2.7585412713530464,33.03789614215387
Mayes County,Water-cooled evaporative,2,17.03489650235795,3.4988698853981868,Montgomery County / Clarksville,Water-cooled evaporative,4,17.495966388685023,0.10614035284181425,2.635292478758172,32.964558640696346
Montgomery County / Clarksville,Water-cooled evaporative,5,17.821154768270667,0.14664534676849442,Fort Wayne,Water-cooled evaporative,6,17.801545760713267,4.8202201951417925,0.11003219383017547,32.86991576180976
Atlanta,Water-cooled evaporative,5,17.830684138680336,0.8268216358804037,Forest City,Water-cooled evaporative,10,17.551068348095612,27.173213441099055,1.5681719692299991,32.86466181084495
Montgomery County / Clarksville,Water-cooled evaporative,11,17.326333368954696,0.20594604712632414,New Albany,Water-cooled evaporative,1,16.867860356409007,6.759291788974309,2.646105224820273,32.82069203701814
Council Bluffs,Water-cooled evaporative,3,17.0513355964971,0.0475899670194202,Seattle,Water-cooled evaporative,10,17.40923985865238,1.5614516299414214,2.0558293472957234,32.810521371116614
Henrico,Water-cooled evaporative,4,17.502653145767887,0.1839295959169961,New Albany,Water-cooled evaporative,8,17.973948046279865,6.021781884775739,2.62210004890675,32.73960264390106
Council Bluffs,Water-cooled evaporative,10,17.42218299677707,0.0402559269828757,Seattle,Water-cooled evaporative,4,17.354130306973452,1.3137358722983885,0.39060943061043224,32.63459497174747
Mayes County,Water-cooled evaporative,4,17.57357699037506,2.231070572978707,Montgomery County / Clarksville,Water-cooled evaporative,3,17.386294144336638,0.06840600668931116,1.0657070335822634,32.61512666733878
Henrico,Water-cooled evaporative,12,17.17315705786896,0.4764154514832484,Forest City,Water-cooled evaporative,1,17.06378807311401,15.519826402403526,0.6368600973391404,32.57624485957553
Atlanta,Water-cooled evaporative,4,17.602846437659863,0.8648748435260727,Council Bluffs,Water-cooled evaporative,5,17.678164559991735,0.0266189030219744,0.42605170958939853,32.491002458369614
Council Bluffs,Water-cooled evaporative,5,17.678164559991735,0.0266189030219744,Henrico,Water-cooled evaporative,10,17.56483916631861,0.8624373261930341,0.6410472834357344,32.39943154235455
Atlanta,Water-cooled evaporative,5,17.830684138680336,0.8268216358804037,Council Bluffs,Water-cooled evaporative,6,18.065271663687067,0.0255542662498215,1.298555202345915,32.35552247117168
Henrico,Water-cooled evaporative,4,17.502653145767887,0.1839295959169961,Mayes County,Water-cooled evaporative,10,17.611557906068775,5.949134315685416,0.6183709634419132,32.34462776925877
Montgomery County / Clarksville,Water-cooled evaporative,6,18.08988933307039,0.2464654370419071,Fort Wayne,Water-cooled evaporative,8,17.982517090353113,7.967996641116271,0.5935483669376941,32.329062998644524
Henrico,Water-cooled evaporative,4,17.502653145767887,0.1839295959169961,New Albany,Water-cooled evaporative,7,18.03482783797511,5.944723850658858,2.9508165921420577,32.32064867549428
Seattle,Water-cooled evaporative,9,17.590738175367985,2.2074385722956293,Montgomery County / Clarksville,Water-cooled evaporative,3,17.386294144336638,0.06840600668931116,1.162225422226035,32.26965991921517
Atlanta,Water-cooled evaporative,10,17.631360911378515,0.7507609580400378,Kansas City,Water-cooled evaporative,3,17.138704051594342,0.0233070019755581,2.794207788385941,32.21182024300491
Atlanta,Water-cooled evaporative,4,17.602846437659863,0.8648748435260727,Council Bluffs,Water-cooled evaporative,9,17.812899523243495,0.0269707448142641,1.1792189436062301,32.06714718047622
Montgomery County / Clarksville,Water-cooled evaporative,11,17.326333368954696,0.20594604712632414,New Albany,Water-cooled evaporative,9,17.744729047966636,6.59353106459328,2.357858933100385,32.015817524037786
Henrico,Water-cooled evaporative,11,17.314232307912096,0.5899915641596294,Forest City,Water-cooled evaporative,12,17.161058771530662,18.876077953995914,0.8846683679497493,31.99380991299862
Atlanta,Water-cooled evaporative,4,17.602846437659863,0.8648748435260727,Council Bluffs,Water-cooled evaporative,7,18.12470824694942,0.0270372073180772,2.879283915521191,31.988320145321126
Council Bluffs,Water-cooled evaporative,9,17.812899523243495,0.0269707448142641,Henrico,Water-cooled evaporative,10,17.56483916631861,0.8624373261930341,1.392588312762887,31.97677083566911
Seattle,Water-cooled evaporative,8,17.708893461695116,2.1745776179476533,Montgomery County / Clarksville,Water-cooled evaporative,3,17.386294144336638,0.06840600668931116,1.8216797004074243,31.78927879570909
Atlanta,Water-cooled evaporative,1,17.065796158191247,0.7971616790451956,Kansas City,Water-cooled evaporative,2,16.881328443209075,0.0250908454456192,1.0809206512971963,31.771017073654573
Montgomery County / Clarksville,Climate-responsive hybrid,6,8.510715164740699,0.11595411635727118,Fort Wayne,Climate-responsive hybrid,8,8.30393336572785,3.679446700021103,2.42966419402133,31.731919621414754
Henrico,Water-cooled evaporative,3,17.255202194642898,0.2279145531388211,New Albany,Water-cooled evaporative,12,16.9650384555364,7.223122576219711,1.6816015010046172,31.692239379817746
Council Bluffs,Water-cooled evaporative,6,18.065271663687067,0.0255542662498215,Henrico,Water-cooled evaporative,7,18.240049204659343,0.8095718691530903,0.9582076178151396,31.680497543487295
Montgomery County / Clarksville,Water-cooled evaporative,9,17.929409655793705,0.19265116217094047,New Albany,Water-cooled evaporative,5,17.607896950391954,6.099115392109956,1.793214119003957,31.658855951765172
Council Bluffs,Water-cooled evaporative,11,17.14229831979521,0.0493426049820603,Seattle,Water-cooled evaporative,10,17.40923985865238,1.5614516299414214,1.5333325350474831,31.6450992100868
Atlanta,Water-cooled evaporative,11,17.376695685310406,0.7927291293276406,Kansas City,Water-cooled evaporative,2,16.881328443209075,0.0250908454456192,2.8507562719193813,31.594357035348494
Mayes County,Water-cooled evaporative,11,17.23413316543787,4.143638813801687,Montgomery County / Clarksville,Water-cooled evaporative,12,17.126348403620877,0.13125244922250706,0.625414465481505,31.569992318978677
Henrico,Water-cooled evaporative,10,17.56483916631861,0.8624373261930341,Forest City,Water-cooled evaporative,10,17.551068348095612,27.173213441099055,0.07839991071141739,31.507464503011363
Montgomery County / Clarksville,Water-cooled evaporative,10,17.610932406961034,0.22510495432330285,New Albany,Water-cooled evaporative,10,17.342821927071753,7.088610837405631,1.5224093403669243,31.49024799882789
Montgomery County / Clarksville,Water-cooled evaporative,10,17.610932406961034,0.22510495432330285,New Albany,Water-cooled evaporative,11,17.184289368160883,7.081530635583124,2.4226033519469574,31.458795106803404
Atlanta,Water-cooled evaporative,4,17.602846437659863,0.8648748435260727,Forest City,Water-cooled evaporative,10,17.551068348095612,27.173213441099055,0.294146118627023,31.418665538142555
Henrico,Water-cooled evaporative,4,17.502653145767887,0.1839295959169961,Fort Wayne,Water-cooled evaporative,7,17.95146502148568,5.777467960620443,2.500140658050037,31.41130132873072
Henrico,Water-cooled evaporative,12,17.17315705786896,0.4764154514832484,Forest City,Water-cooled evaporative,2,17.18346880757389,14.943569593328107,0.06000970945044267,31.366677018563387
Montgomery County / Clarksville,Water-cooled evaporative,11,17.326333368954696,0.20594604712632414,New Albany,Water-cooled evaporative,4,17.360773418512416,6.453821140580956,0.19837854413211264,31.337436336528867
Montgomery County / Clarksville,Water-cooled evaporative,11,17.326333368954696,0.20594604712632414,New Albany,Water-cooled evaporative,2,16.87703640074658,6.446942234838222,2.59314511986227,31.30403484211458
Henrico,Water-cooled evaporative,4,17.502653145767887,0.1839295959169961,New Albany,Water-cooled evaporative,6,17.889797109319222,5.757620868123333,2.164048933510052,31.303395407456
Montgomery County / Clarksville,Water-cooled evaporative,9,17.929409655793705,0.19265116217094047,New Albany,Water-cooled evaporative,8,17.973948046279865,6.021781884775739,0.24779414278644427,31.257438662283164
Atlanta,Water-cooled evaporative,2,17.19450877402098,0.7840678433968516,Kansas City,Water-cooled evaporative,2,16.881328443209075,0.0250908454456192,1.8213973712647606,31.2491599813249
Atlanta,Water-cooled evaporative,1,17.065796158191247,0.7971616790451956,Kansas City,Water-cooled evaporative,12,16.885069121742546,0.0255611534895248,1.0590014949988464,31.186451713608307
Henrico,Water-cooled evaporative,3,17.255202194642898,0.2279145531388211,New Albany,Water-cooled evaporative,10,17.342821927071753,7.088610837405631,0.505221888325354,31.102054431285083
Mayes County,Water-cooled evaporative,9,17.925119247041305,3.3010240931505765,Montgomery County / Clarksville,Water-cooled evaporative,4,17.495966388685023,0.10614035284181425,2.394142278451607,31.1005569961713
Henrico,Water-cooled evaporative,3,17.255202194642898,0.2279145531388211,New Albany,Water-cooled evaporative,11,17.184289368160883,7.081530635583124,0.4109649118109491,31.070989272325292
Atlanta,Water-cooled evaporative,5,17.830684138680336,0.8268216358804037,Council Bluffs,Water-cooled evaporative,5,17.678164559991735,0.0266189030219744,0.8553770427559657,31.061446641803645
Council Bluffs,Water-cooled evaporative,10,17.42218299677707,0.0402559269828757,Seattle,Water-cooled evaporative,11,17.292650708839894,1.2495704990225598,0.7434905715382486,31.04065892096111
Atlanta,Water-cooled evaporative,11,17.376695685310406,0.7927291293276406,Kansas City,Water-cooled evaporative,12,16.885069121742546,0.0255611534895248,2.8292292877262133,31.013042101269352
Montgomery County / Clarksville,Water-cooled evaporative,7,18.23208011967617,0.19419104628193018,New Albany,Water-cooled evaporative,8,17.973948046279865,6.021781884775739,1.4158125222240894,31.00957536442336
Mayes County,Water-cooled evaporative,12,17.04331351118919,3.174402907106473,Montgomery County / Clarksville,Water-cooled evaporative,1,17.018934267468634,0.10251914500766245,0.14304286372805963,30.964000986052053
Atlanta,Water-cooled evaporative,6,18.028496874075547,0.7898038468567355,Council Bluffs,Water-cooled evaporative,6,18.065271663687067,0.0255542662498215,0.20356621420446913,30.906927208769005
Mayes County,Water-cooled evaporative,10,17.611557906068775,5.949134315685416,Montgomery County / Clarksville,Water-cooled evaporative,9,17.929409655793705,0.19265116217094047,1.772795400556982,30.8803448089595
Atlanta,Water-cooled evaporative,12,17.20455766710506,0.7745463045407869,Kansas City,Water-cooled evaporative,2,16.881328443209075,0.0250908454456192,1.8787418435871603,30.869677397659025
Montgomery County / Clarksville,Water-cooled evaporative,9,17.929409655793705,0.19265116217094047,New Albany,Water-cooled evaporative,7,18.03482783797511,5.944723850658858,0.584525580884293,30.857451279655766
Atlanta,Water-cooled evaporative,4,17.602846437659863,0.8648748435260727,Council Bluffs,Water-cooled evaporative,4,17.399657086027492,0.0281100447894364,1.1542982684758536,30.76746586512334
Henrico,Water-cooled evaporative,11,17.314232307912096,0.5899915641596294,Kansas City,Water-cooled evaporative,10,17.474312529217023,0.0192033059303433,0.9160888077128824,30.72343721959764
Atlanta,Water-cooled evaporative,3,17.41115935851971,0.8010068027762554,Kansas City,Water-cooled evaporative,11,17.080305828668926,0.0261044868741696,1.9002383645916725,30.68464079134426
Council Bluffs,Water-cooled evaporative,4,17.399657086027492,0.0281100447894364,Henrico,Water-cooled evaporative,10,17.56483916631861,0.8624373261930341,0.9404132809132789,30.68075247312069
Atlanta,Water-cooled evaporative,2,17.19450877402098,0.7840678433968516,Kansas City,Water-cooled evaporative,12,16.885069121742546,0.0255611534895248,1.7996422947886972,30.674196441024073
Atlanta,Water-cooled evaporative,5,17.830684138680336,0.8268216358804037,Council Bluffs,Water-cooled evaporative,9,17.812899523243495,0.0269707448142641,0.0997416324495443,30.65624036615852
Montgomery County / Clarksville,Water-cooled evaporative,11,17.326333368954696,0.20594604712632414,New Albany,Water-cooled evaporative,3,17.140821915955286,6.311753558576083,1.0706907748399301,30.647607209011156
Montgomery County / Clarksville,Water-cooled evaporative,7,18.23208011967617,0.19419104628193018,New Albany,Water-cooled evaporative,7,18.03482783797511,5.944723850658858,1.0818967468675282,30.61275977692708
Henrico,Water-cooled evaporative,5,17.76193221788505,0.2603086423781433,Fort Wayne,Water-cooled evaporative,8,17.982517090353113,7.967996641116271,1.2266629380065908,30.60980445490311
Council Bluffs,Water-cooled evaporative,3,17.0513355964971,0.0475899670194202,Seattle,Water-cooled evaporative,6,17.548201323721468,1.4555128445111398,2.8314339347857254,30.58444743021536
Atlanta,Water-cooled evaporative,5,17.830684138680336,0.8268216358804037,Council Bluffs,Water-cooled evaporative,7,18.12470824694942,0.0270372073180772,1.622228089208399,30.58088160338908
Atlanta,Water-cooled evaporative,1,17.065796158191247,0.7971616790451956,Kansas City,Water-cooled evaporative,11,17.080305828668926,0.0261044868741696,0.08494971122428538,30.537343365059108
Atlanta,Water-cooled evaporative,10,17.631360911378515,0.7507609580400378,Forest City,Water-cooled evaporative,11,17.332512831225806,22.852894043752038,1.6949802210664597,30.439641005590623
Atlanta,Water-cooled evaporative,9,17.983196012479553,0.7762135543356912,Council Bluffs,Water-cooled evaporative,6,18.065271663687067,0.0255542662498215,0.45432835296074847,30.375106322652215
Atlanta,Water-cooled evaporative,11,17.376695685310406,0.7927291293276406,Kansas City,Water-cooled evaporative,11,17.080305828668926,0.0261044868741696,1.7056744389673333,30.367543064485453
Henrico,Water-cooled evaporative,9,17.989698810550344,0.9464556701585684,Forest City,Water-cooled evaporative,6,17.995629734477507,28.706840078736402,0.03295757922714136,30.330887102115287
Atlanta,Water-cooled evaporative,12,17.20455766710506,0.7745463045407869,Kansas City,Water-cooled evaporative,12,16.885069121742546,0.0255611534895248,1.8569994738857651,30.301696081837747
Council Bluffs,Water-cooled evaporative,10,17.42218299677707,0.0402559269828757,Seattle,Water-cooled evaporative,12,17.166734198946635,1.2174132739277843,1.4662272682917594,30.24183928109902
Montgomery County / Clarksville,Water-cooled evaporative,8,18.225878581836163,0.15943836333341305,Fort Wayne,Water-cooled evaporative,6,17.801545760713267,4.8202201951417925,2.3281885656024506,30.232499220164993
Montgomery County / Clarksville,Water-cooled evaporative,3,17.386294144336638,0.06840600668931116,Fort Wayne,Water-cooled evaporative,3,17.05927373968985,2.0677764897661115,1.8809091916422618,30.22799590038361
Henrico,Water-cooled evaporative,6,17.971922725305266,0.5784052032193264,Kansas City,Water-cooled evaporative,10,17.474312529217023,0.0192033059303433,2.7688200294094587,30.120084808177932
Atlanta,Water-cooled evaporative,3,17.41115935851971,0.8010068027762554,Council Bluffs,Water-cooled evaporative,5,17.678164559991735,0.0266189030219744,1.5103672135527906,30.09165336809745
Atlanta,Water-cooled evaporative,2,17.19450877402098,0.7840678433968516,Kansas City,Water-cooled evaporative,11,17.080305828668926,0.0261044868741696,0.6641826576901292,30.035750067651666
Council Bluffs,Water-cooled evaporative,9,17.812899523243495,0.0269707448142641,Henrico,Water-cooled evaporative,7,18.240049204659343,0.8095718691530903,2.3418230763694137,30.016667123146323
Montgomery County / Clarksville,Water-cooled evaporative,9,17.929409655793705,0.19265116217094047,Fort Wayne,Water-cooled evaporative,7,17.95146502148568,5.777467960620443,0.1228610905326036,29.989271258556247
Atlanta,Water-cooled evaporative,8,18.243874995696743,0.7660284885937908,Council Bluffs,Water-cooled evaporative,6,18.065271663687067,0.0255542662498215,0.9789769555634616,29.97654016378348
Council Bluffs,Water-cooled evaporative,7,18.12470824694942,0.0270372073180772,Henrico,Water-cooled evaporative,7,18.240049204659343,0.8095718691530903,0.632350035988162,29.942880550825485
Mayes County,Water-cooled evaporative,12,17.04331351118919,3.174402907106473,Montgomery County / Clarksville,Water-cooled evaporative,4,17.495966388685023,0.10614035284181425,2.5871841968590674,29.907597083622182
Henrico,Water-cooled evaporative,12,17.17315705786896,0.4764154514832484,Kansas City,Water-cooled evaporative,4,17.39951136286369,0.0159390041801391,1.3009233436166903,29.889913202788975
Montgomery County / Clarksville,Water-cooled evaporative,9,17.929409655793705,0.19265116217094047,New Albany,Water-cooled evaporative,6,17.889797109319222,5.757620868123333,0.22093614477531354,29.886250377324814
Council Bluffs,Water-cooled evaporative,10,17.42218299677707,0.0402559269828757,Seattle,Water-cooled evaporative,2,17.173377966103345,1.2003307510335863,1.4280933148260018,29.817491261453
Atlanta,Water-cooled evaporative,11,17.376695685310406,0.7927291293276406,Council Bluffs,Water-cooled evaporative,5,17.678164559991735,0.0266189030219744,1.7053177305725384,29.780683624461457
Montgomery County / Clarksville,Water-cooled evaporative,7,18.23208011967617,0.19419104628193018,Fort Wayne,Water-cooled evaporative,7,17.95146502148568,5.777467960620443,1.5391282637445538,29.751464195896073
Atlanta,Water-cooled evaporative,3,17.41115935851971,0.8010068027762554,Council Bluffs,Water-cooled evaporative,9,17.812899523243495,0.0269707448142641,2.255332795200271,29.69909834869019
Atlanta,Water-cooled evaporative,12,17.20455766710506,0.7745463045407869,Kansas City,Water-cooled evaporative,11,17.080305828668926,0.0261044868741696,0.7222030396846658,29.671002853812105
Atlanta,Water-cooled evaporative,6,18.028496874075547,0.7898038468567355,Council Bluffs,Water-cooled evaporative,5,17.678164559991735,0.0266189030219744,1.9432142154212475,29.67078869496379
Atlanta,Water-cooled evaporative,7,18.187990649858357,0.7582102707736409,Council Bluffs,Water-cooled evaporative,6,18.065271663687067,0.0255542662498215,0.6747253643010044,29.670594465960733
Henrico,Water-cooled evaporative,3,17.255202194642898,0.2279145531388211,New Albany,Water-cooled evaporative,1,16.867860356409007,6.759291788974309,2.2447829580006067,29.657131130442878
Montgomery County / Clarksville,Water-cooled evaporative,7,18.23208011967617,0.19419104628193018,New Albany,Water-cooled evaporative,6,17.889797109319222,5.757620868123333,1.8773667519569177,29.649260243257107
Montgomery County / Clarksville,Water-cooled evaporative,11,17.326333368954696,0.20594604712632414,New Albany,Water-cooled evaporative,5,17.607896950391954,6.099115392109956,1.5990755865423782,29.615112682249507
Atlanta,Water-cooled evaporative,1,17.065796158191247,0.7971616790451956,Kansas City,Water-cooled evaporative,1,16.852532170914774,0.0270125979043672,1.249657415919098,29.510737244429066
Atlanta,Water-cooled evaporative,12,17.20455766710506,0.7745463045407869,Forest City,Water-cooled evaporative,11,17.332512831225806,22.852894043752038,0.7382378156398925,29.50487777138265
Council Bluffs,Water-cooled evaporative,11,17.14229831979521,0.0493426049820603,Seattle,Water-cooled evaporative,6,17.548201323721468,1.4555128445111398,2.313074693174186,29.49809490277878
Atlanta,Water-cooled evaporative,5,17.830684138680336,0.8268216358804037,Council Bluffs,Water-cooled evaporative,8,18.17576209587628,0.0280341972757222,1.8985611462984269,29.49332302075354
Council Bluffs,Climate-responsive hybrid,8,12.524012528114987,0.0193169692717561,Henrico,Climate-responsive hybrid,7,12.832675678971778,0.5695693645939708,2.405290670304877,29.48544135371974
Atlanta,Water-cooled evaporative,2,17.19450877402098,0.7840678433968516,Council Bluffs,Water-cooled evaporative,5,17.678164559991735,0.0266189030219744,2.7358936745352938,29.4553026001706
Atlanta,Water-cooled evaporative,5,17.830684138680336,0.8268216358804037,Council Bluffs,Water-cooled evaporative,4,17.399657086027492,0.0281100447894364,2.417333229058842,29.413743096955816
Atlanta,Water-cooled evaporative,11,17.376695685310406,0.7927291293276406,Council Bluffs,Water-cooled evaporative,9,17.812899523243495,0.0269707448142641,2.4488087263047786,29.39218530251295
Atlanta,Water-cooled evaporative,10,17.631360911378515,0.7507609580400378,Council Bluffs,Water-cooled evaporative,6,18.065271663687067,0.0255542662498215,2.4019054924081473,29.379084912887375
Council Bluffs,Water-cooled evaporative,10,17.42218299677707,0.0402559269828757,Seattle,Water-cooled evaporative,1,17.125193144448993,1.1806652775159978,1.704664980175093,29.32898000381996
Montgomery County / Clarksville,Water-cooled evaporative,10,17.610932406961034,0.22510495432330285,New Albany,Water-cooled evaporative,9,17.744729047966636,6.59353106459328,0.7540077994086607,29.290919359879755
Atlanta,Water-cooled evaporative,6,18.028496874075547,0.7898038468567355,Council Bluffs,Water-cooled evaporative,9,17.812899523243495,0.0269707448142641,1.195869807327503,29.283723986703905
Atlanta,Water-cooled evaporative,6,18.028496874075547,0.7898038468567355,Council Bluffs,Water-cooled evaporative,7,18.12470824694942,0.0270372073180772,0.5308299122004773,29.211739125463193
Atlanta,Water-cooled evaporative,9,17.983196012479553,0.7762135543356912,Council Bluffs,Water-cooled evaporative,5,17.678164559991735,0.0266189030219744,1.6962026787459747,29.160238259815305
Atlanta,Water-cooled evaporative,2,17.19450877402098,0.7840678433968516,Forest City,Water-cooled evaporative,11,17.332512831225806,22.852894043752038,0.7962149432608521,29.146577348135384
Montgomery County / Clarksville,Water-cooled evaporative,2,17.033207441225265,0.0778148194990946,Fort Wayne,Water-cooled evaporative,4,17.29611907595038,2.2662366496044477,1.520061428639695,29.123458284585702
Atlanta,Water-cooled evaporative,12,17.20455766710506,0.7745463045407869,Council Bluffs,Water-cooled evaporative,5,17.678164559991735,0.0266189030219744,2.6790501427875406,29.09760420635608
Henrico,Water-cooled evaporative,2,17.064803087888635,0.2592927482258607,Fort Wayne,Water-cooled evaporative,11,17.11463249756379,7.5413614034547445,0.2911509182697793,29.08435139453161
Atlanta,Water-cooled evaporative,2,17.19450877402098,0.7840678433968516,Kansas City,Water-cooled evaporative,1,16.852532170914774,0.0270125979043672,1.9888710262133027,29.02600653860432
Council Bluffs,Water-cooled evaporative,3,17.0513355964971,0.0475899670194202,Seattle,Water-cooled evaporative,5,17.454861151844938,1.379972735117141,2.311823347303943,28.997135773471136
Henrico,Water-cooled evaporative,3,17.255202194642898,0.2279145531388211,New Albany,Water-cooled evaporative,9,17.744729047966636,6.59353106459328,2.758716980126745,28.929837843997646
Mayes County,Water-cooled evaporative,1,16.97112774996448,2.9657169719923138,Montgomery County / Clarksville,Water-cooled evaporative,1,17.018934267468634,0.10251914500766245,0.2809019457554056,28.92842085027778
Mayes County,Water-cooled evaporative,10,17.611557906068775,5.949134315685416,Montgomery County / Clarksville,Water-cooled evaporative,11,17.326333368954696,0.20594604712632414,1.6195304165328457,28.88685846947239
Council Bluffs,Water-cooled evaporative,8,18.17576209587628,0.0280341972757222,Henrico,Water-cooled evaporative,7,18.240049204659343,0.8095718691530903,0.3524503035147564,28.878011422648616
Atlanta,Water-cooled evaporative,11,17.376695685310406,0.7927291293276406,Forest City,Water-cooled evaporative,11,17.332512831225806,22.852894043752038,0.25426499309618544,28.82812451099772
Atlanta,Water-cooled evaporative,9,17.983196012479553,0.7762135543356912,Council Bluffs,Water-cooled evaporative,9,17.812899523243495,0.0269707448142641,0.9469756605993729,28.77983384148786
Henrico,Water-cooled evaporative,9,17.989698810550344,0.9464556701585684,Forest City,Water-cooled evaporative,10,17.551068348095612,27.173213441099055,2.438231273763685,28.710497805508925
Atlanta,Water-cooled evaporative,9,17.983196012479553,0.7762135543356912,Council Bluffs,Water-cooled evaporative,7,18.12470824694942,0.0270372073180772,0.7807697235274728,28.709087636307437
Atlanta,Water-cooled evaporative,12,17.20455766710506,0.7745463045407869,Kansas City,Water-cooled evaporative,1,16.852532170914774,0.0270125979043672,2.0461176799875282,28.673521417040895
Montgomery County / Clarksville,Water-cooled evaporative,10,17.610932406961034,0.22510495432330285,New Albany,Water-cooled evaporative,4,17.360773418512416,6.453821140580956,1.4204755470513202,28.670275871901843
Atlanta,Water-cooled evaporative,1,17.065796158191247,0.7971616790451956,Forest City,Water-cooled evaporative,11,17.332512831225806,22.852894043752038,1.5388228794733596,28.667828176492634
Atlanta,Climate-responsive hybrid,2,0.6978807492502254,0.0318232908659502,Council Bluffs,Climate-responsive hybrid,4,0.6882537904196142,0.0011119095496847,1.3794561378794252,28.62039531450576
Atlanta,Water-cooled evaporative,3,17.41115935851971,0.8010068027762554,Forest City,Water-cooled evaporative,11,17.332512831225806,22.852894043752038,0.4517018406096073,28.530212183647983
Atlanta,Water-cooled evaporative,3,17.41115935851971,0.8010068027762554,Council Bluffs,Water-cooled evaporative,4,17.399657086027492,0.0281100447894364,0.06606264554457017,28.49539404068361
Atlanta,Water-cooled evaporative,7,18.187990649858357,0.7582102707736409,Council Bluffs,Water-cooled evaporative,5,17.678164559991735,0.0266189030219744,2.8030918845375123,28.483903718636498
Council Bluffs,Water-cooled evaporative,12,16.848479469873773,0.0462184965543775,Seattle,Water-cooled evaporative,4,17.354130306973452,1.3137358722983885,2.913720412117066,28.424461422122146
Council Bluffs,Water-cooled evaporative,10,17.42218299677707,0.0402559269828757,Seattle,Water-cooled evaporative,3,17.249131712627936,1.1438702157795326,0.9932812907610266,28.414951573866844
Atlanta,Water-cooled evaporative,8,18.243874995696743,0.7660284885937908,Council Bluffs,Water-cooled evaporative,9,17.812899523243495,0.0269707448142641,2.362302266129888,28.40220000853143
Atlanta,Water-cooled evaporative,1,17.065796158191247,0.7971616790451956,Council Bluffs,Water-cooled evaporative,4,17.399657086027492,0.0281100447894364,1.918778779291842,28.358605794351657
Atlanta,Water-cooled evaporative,8,18.243874995696743,0.7660284885937908,Council Bluffs,Water-cooled evaporative,7,18.12470824694942,0.0270372073180772,0.6531877069725053,28.332382097821938
Henrico,Water-cooled evaporative,3,17.255202194642898,0.2279145531388211,New Albany,Water-cooled evaporative,4,17.360773418512416,6.453821140580956,0.6081020777389071,28.316845290041574
Henrico,Water-cooled evaporative,3,17.255202194642898,0.2279145531388211,New Albany,Water-cooled evaporative,2,16.87703640074658,6.446942234838222,2.1916045354352613,28.286663339622002
Atlanta,Water-cooled evaporative,10,17.631360911378515,0.7507609580400378,Council Bluffs,Water-cooled evaporative,5,17.678164559991735,0.0266189030219744,0.26475400460489035,28.204053240671513
Atlanta,Water-cooled evaporative,11,17.376695685310406,0.7927291293276406,Council Bluffs,Water-cooled evaporative,4,17.399657086027492,0.0281100447894364,0.13196467380684995,28.20092017873781
Atlanta,Water-cooled evaporative,6,18.028496874075547,0.7898038468567355,Council Bluffs,Water-cooled evaporative,8,18.17576209587628,0.0280341972757222,0.8102285946741397,28.172871835381958
Seattle,Water-cooled evaporative,7,17.641672799526734,1.6856059412636832,Forest City,Water-cooled evaporative,8,18.178730541556863,47.387271201364186,2.954319284299893,28.1128999615642
Atlanta,Water-cooled evaporative,7,18.187990649858357,0.7582102707736409,Council Bluffs,Water-cooled evaporative,9,17.812899523243495,0.0269707448142641,2.0623010745707804,28.112322295698856
Atlanta,Water-cooled evaporative,7,18.187990649858357,0.7582102707736409,Council Bluffs,Water-cooled evaporative,7,18.12470824694942,0.0270372073180772,0.34793509699450187,28.043216958531737
Montgomery County / Clarksville,Water-cooled evaporative,10,17.610932406961034,0.22510495432330285,New Albany,Water-cooled evaporative,3,17.140821915955286,6.311753558576083,2.66942419709662,28.039158789508217
Council Bluffs,Water-cooled evaporative,11,17.14229831979521,0.0493426049820603,Seattle,Water-cooled evaporative,5,17.454861151844938,1.379972735117141,1.7906921706833014,27.967164190436712
Mayes County,Water-cooled evaporative,1,16.97112774996448,2.9657169719923138,Montgomery County / Clarksville,Water-cooled evaporative,4,17.495966388685023,0.10614035284181425,2.9997693586103673,27.941465169352277
Atlanta,Water-cooled evaporative,2,17.19450877402098,0.7840678433968516,Council Bluffs,Water-cooled evaporative,4,17.399657086027492,0.0281100447894364,1.179036523491326,27.89279950530353
Henrico,Water-cooled evaporative,2,17.064803087888635,0.2592927482258607,New Albany,Water-cooled evaporative,12,16.9650384555364,7.223122576219711,0.5846222299689994,27.85701731206114
Atlanta,Water-cooled evaporative,10,17.631360911378515,0.7507609580400378,Council Bluffs,Water-cooled evaporative,9,17.812899523243495,0.0269707448142641,1.0191412780838724,27.836122554649684
Atlanta,Water-cooled evaporative,10,17.631360911378515,0.7507609580400378,Council Bluffs,Water-cooled evaporative,7,18.12470824694942,0.0270372073180772,2.7219601488147633,27.76769616801642
Atlanta,Climate-responsive hybrid,10,3.1461787459879296,0.133967433448586,Council Bluffs,Climate-responsive hybrid,5,3.2118857983182028,0.0048362982646162,2.0457468433242085,27.700407650357647
Henrico,Water-cooled evaporative,3,17.255202194642898,0.2279145531388211,New Albany,Water-cooled evaporative,3,17.140821915955286,6.311753558576083,0.6628741720750343,27.693508254085202
Atlanta,Water-cooled evaporative,9,17.983196012479553,0.7762135543356912,Council Bluffs,Water-cooled evaporative,8,18.17576209587628,0.0280341972757222,1.0594663507419946,27.688096316847183
Atlanta,Water-cooled evaporative,5,17.830684138680336,0.8268216358804037,Forest City,Water-cooled evaporative,11,17.332512831225806,22.852894043752038,2.7938990090337636,27.63944852437027
Council Bluffs,Water-cooled evaporative,3,17.0513355964971,0.0475899670194202,Seattle,Water-cooled evaporative,4,17.354130306973452,1.3137358722983885,1.7447991061509964,27.60531167761238
Henrico,Water-cooled evaporative,8,18.13923918554841,1.2094493152781127,Forest City,Water-cooled evaporative,9,17.970017364380077,33.386214972073056,0.9329047345224458,27.60447631027506
Atlanta,Water-cooled evaporative,12,17.20455766710506,0.7745463045407869,Council Bluffs,Water-cooled evaporative,4,17.399657086027492,0.0281100447894364,1.1212831262008212,27.554075788305294
Mayes County,Water-cooled evaporative,3,17.328948035857564,2.805691263418541,Montgomery County / Clarksville,Water-cooled evaporative,1,17.018934267468634,0.10251914500766245,1.7889935831502366,27.36748597746147
Henrico,Water-cooled evaporative,2,17.064803087888635,0.2592927482258607,New Albany,Water-cooled evaporative,10,17.342821927071753,7.088610837405631,1.6030772866850334,27.338253329132808
Atlanta,Water-cooled evaporative,8,18.243874995696743,0.7660284885937908,Council Bluffs,Water-cooled evaporative,8,18.17576209587628,0.0280341972757222,0.3733466702470217,27.32478768911199
Henrico,Water-cooled evaporative,2,17.064803087888635,0.2592927482258607,New Albany,Water-cooled evaporative,11,17.184289368160883,7.081530635583124,0.6953227899760167,27.310947506386313
Council Bluffs,Climate-responsive hybrid,1,0.1218946624355591,0.000335622239404,Seattle,Climate-responsive hybrid,4,0.1210037447384646,0.0091601801607701,0.730891475716167,27.29312627505497
Henrico,Water-cooled evaporative,5,17.76193221788505,0.2603086423781433,New Albany,Water-cooled evaporative,10,17.342821927071753,7.088610837405631,2.359598526061717,27.23156162870766
Montgomery County / Clarksville,Water-cooled evaporative,10,17.610932406961034,0.22510495432330285,New Albany,Water-cooled evaporative,5,17.607896950391954,6.099115392109956,0.01723620589151872,27.094540901797362
Atlanta,Water-cooled evaporative,7,18.187990649858357,0.7582102707736409,Council Bluffs,Water-cooled evaporative,8,18.17576209587628,0.0280341972757222,0.06723422184171728,27.045906230753967
Council Bluffs,Water-cooled evaporative,12,16.848479469873773,0.0462184965543775,Seattle,Water-cooled evaporative,11,17.292650708839894,1.2495704990225598,2.568554968493425,27.03615634819279
Council Bluffs,Water-cooled evaporative,1,16.786137022735872,0.046218602077775,Seattle,Water-cooled evaporative,11,17.292650708839894,1.2495704990225598,2.9290690862395956,27.036094620945644
Atlanta,Water-cooled evaporative,10,17.631360911378515,0.7507609580400378,Council Bluffs,Water-cooled evaporative,8,18.17576209587628,0.0280341972757222,2.9952041715008972,26.780183882425693
Montgomery County / Clarksville,Water-cooled evaporative,4,17.495966388685023,0.10614035284181425,Fort Wayne,Water-cooled evaporative,5,17.64714703608572,2.8409254489710696,0.8566860529441692,26.76574340397218
Henrico,Water-cooled evaporative,3,17.255202194642898,0.2279145531388211,New Albany,Water-cooled evaporative,5,17.607896950391954,6.099115392109956,2.0030487271860418,26.76053506945223
Montgomery County / Clarksville,Water-cooled evaporative,6,18.08988933307039,0.2464654370419071,New Albany,Water-cooled evaporative,9,17.744729047966636,6.59353106459328,1.90802872670293,26.752355801808292
Montgomery County / Clarksville,Water-cooled evaporative,10,17.610932406961034,0.22510495432330285,New Albany,Water-cooled evaporative,8,17.973948046279865,6.021781884775739,2.0196766919773435,26.750996675653195
Atlanta,Water-cooled evaporative,10,17.631360911378515,0.7507609580400378,Council Bluffs,Water-cooled evaporative,4,17.399657086027492,0.0281100447894364,1.3141573501651314,26.70792464628764
Henrico,Water-cooled evaporative,12,17.17315705786896,0.4764154514832484,Forest City,Water-cooled evaporative,3,17.37517355832884,12.70987772498829,1.1626732808262683,26.67813918591008
Council Bluffs,Water-cooled evaporative,2,16.780793662112494,0.0468668477096319,Seattle,Water-cooled evaporative,11,17.292650708839894,1.2495704990225598,2.9599686904318356,26.662140939463114
Mayes County,Water-cooled evaporative,2,17.03489650235795,3.4988698853981868,Montgomery County / Clarksville,Water-cooled evaporative,12,17.126348403620877,0.13125244922250706,0.5339836555210659,26.6575588198487
Council Bluffs,Water-cooled evaporative,11,17.14229831979521,0.0493426049820603,Seattle,Water-cooled evaporative,4,17.354130306973452,1.3137358722983885,1.220643059785729,26.624777365849027
Henrico,Climate-responsive hybrid,12,1.2656126397913117,0.0351104584414664,Forest City,Climate-responsive hybrid,3,1.2760404339728804,0.933419043757523,0.8171993538717534,26.585213785050723
Montgomery County / Clarksville,Water-cooled evaporative,2,17.033207441225265,0.0778148194990946,Fort Wayne,Water-cooled evaporative,3,17.05927373968985,2.0677764897661115,0.15279840667507016,26.573042295499647
Henrico,Water-cooled evaporative,10,17.56483916631861,0.8624373261930341,Forest City,Water-cooled evaporative,11,17.332512831225806,22.852894043752038,1.3226784082276155,26.49803452342346
Mayes County,Water-cooled evaporative,3,17.328948035857564,2.805691263418541,Montgomery County / Clarksville,Water-cooled evaporative,4,17.495966388685023,0.10614035284181425,0.9546106177677184,26.433784967720893
Mayes County,Water-cooled evaporative,10,17.611557906068775,5.949134315685416,Montgomery County / Clarksville,Water-cooled evaporative,10,17.610932406961034,0.22510495432330285,0.0035516398440009283,26.428269131478473
Atlanta,Water-cooled evaporative,4,17.602846437659863,0.8648748435260727,Forest City,Water-cooled evaporative,11,17.332512831225806,22.852894043752038,1.535738026184792,26.42335387000201
Montgomery County / Clarksville,Water-cooled evaporative,10,17.610932406961034,0.22510495432330285,New Albany,Water-cooled evaporative,7,18.03482783797511,5.944723850658858,2.350426823157693,26.408676204082376
Council Bluffs,Water-cooled evaporative,12,16.848479469873773,0.0462184965543775,Seattle,Water-cooled evaporative,12,17.166734198946635,1.2174132739277843,1.8539037500352893,26.34039107039018
Council Bluffs,Water-cooled evaporative,1,16.786137022735872,0.046218602077775,Seattle,Water-cooled evaporative,12,17.166734198946635,1.2174132739277843,2.2170622076394526,26.340330931670437
Montgomery County / Clarksville,Water-cooled evaporative,11,17.326333368954696,0.20594604712632414,Fort Wayne,Water-cooled evaporative,12,16.830439289174144,5.42128023027673,2.862083218767418,26.32378871030916
Henrico,Water-cooled evaporative,11,17.314232307912096,0.5899915641596294,Forest City,Water-cooled evaporative,1,17.06378807311401,15.519826402403526,1.446464563627457,26.305166624728972
Council Bluffs,Water-cooled evaporative,3,17.0513355964971,0.0475899670194202,Seattle,Water-cooled evaporative,11,17.292650708839894,1.2495704990225598,1.3954778616989831,26.257015444298236
Henrico,Water-cooled evaporative,4,17.502653145767887,0.1839295959169961,Fort Wayne,Water-cooled evaporative,6,17.801545760713267,4.8202201951417925,1.6790261866192253,26.20687644699152
Atlanta,Water-cooled evaporative,10,17.631360911378515,0.7507609580400378,Forest City,Water-cooled evaporative,5,17.79722792614906,19.6710405684225,0.9319823034172626,26.201469799090766
Henrico,Water-cooled evaporative,3,17.255202194642898,0.2279145531388211,Mayes County,Water-cooled evaporative,10,17.611557906068775,5.949134315685416,2.0234195823362127,26.102476712234527
Henrico,Water-cooled evaporative,2,17.064803087888635,0.2592927482258607,New Albany,Water-cooled evaporative,1,16.867860356409007,6.759291788974309,1.1540873367557507,26.06818677044732
Council Bluffs,Water-cooled evaporative,2,16.780793662112494,0.0468668477096319,Seattle,Water-cooled evaporative,12,17.166734198946635,1.2174132739277843,2.248188457754667,25.976000807017925
Council Bluffs,Water-cooled evaporative,12,16.848479469873773,0.0462184965543775,Seattle,Water-cooled evaporative,2,17.173377966103345,1.2003307510335863,1.8918729726373804,25.970787466471563
Council Bluffs,Water-cooled evaporative,1,16.786137022735872,0.046218602077775,Seattle,Water-cooled evaporative,2,17.173377966103345,1.2003307510335863,2.254890937192472,25.970728171607462
Atlanta,Water-cooled evaporative,7,18.187990649858357,0.7582102707736409,Forest City,Water-cooled evaporative,5,17.79722792614906,19.6710405684225,2.1484656069599453,25.944043923793235
Henrico,Water-cooled evaporative,12,17.17315705786896,0.4764154514832484,Forest City,Water-cooled evaporative,4,17.53766580277945,12.316581211122307,2.078433635408438,25.8526065281394
Atlanta,Water-cooled evaporative,8,18.243874995696743,0.7660284885937908,Forest City,Water-cooled evaporative,5,17.79722792614906,19.6710405684225,2.4482028607027626,25.679254572545865
Montgomery County / Clarksville,Water-cooled evaporative,10,17.610932406961034,0.22510495432330285,Fort Wayne,Water-cooled evaporative,7,17.95146502148568,5.777467960620443,1.8969628056377141,25.665663281327255
Council Bluffs,Water-cooled evaporative,2,16.780793662112494,0.0468668477096319,Seattle,Water-cooled evaporative,2,17.173377966103345,1.2003307510335863,2.28600514567216,25.611510261376058
Council Bluffs,Water-cooled evaporative,3,17.0513355964971,0.0475899670194202,Seattle,Water-cooled evaporative,12,17.166734198946635,1.2174132739277843,0.6722222241701368,25.581301063541193
Montgomery County / Clarksville,Water-cooled evaporative,10,17.610932406961034,0.22510495432330285,New Albany,Water-cooled evaporative,6,17.889797109319222,5.757620868123333,1.5587918669738339,25.577495108588575
Council Bluffs,Water-cooled evaporative,12,16.848479469873773,0.0462184965543775,Seattle,Water-cooled evaporative,1,17.125193144448993,1.1806652775159978,1.6158280507622444,25.545298214685722
Council Bluffs,Water-cooled evaporative,1,16.786137022735872,0.046218602077775,Seattle,Water-cooled evaporative,1,17.125193144448993,1.1806652775159978,1.9798674318778315,25.545239891271848
Atlanta,Water-cooled evaporative,9,17.983196012479553,0.7762135543356912,Forest City,Water-cooled evaporative,5,17.79722792614906,19.6710405684225,1.0341214442718638,25.342304908934008
Henrico,Water-cooled evaporative,5,17.76193221788505,0.2603086423781433,New Albany,Water-cooled evaporative,9,17.744729047966636,6.59353106459328,0.09685415813653117,25.32966636972059
Henrico,Water-cooled evaporative,11,17.314232307912096,0.5899915641596294,Forest City,Water-cooled evaporative,2,17.18346880757389,14.943569593328107,0.7552370674756946,25.328446203486635
Council Bluffs,Water-cooled evaporative,11,17.14229831979521,0.0493426049820603,Seattle,Water-cooled evaporative,11,17.292650708839894,1.2495704990225598,0.8694583125294093,25.324372304155233
Henrico,Water-cooled evaporative,11,17.314232307912096,0.5899915641596294,Kansas City,Water-cooled evaporative,3,17.138704051594342,0.0233070019755581,1.0137801849727015,25.31391917237359
Council Bluffs,Water-cooled evaporative,3,17.0513355964971,0.0475899670194202,Seattle,Water-cooled evaporative,2,17.173377966103345,1.2003307510335863,0.7106485971899693,25.222348873319525
Council Bluffs,Water-cooled evaporative,2,16.780793662112494,0.0468668477096319,Seattle,Water-cooled evaporative,1,17.125193144448993,1.1806652775159978,2.0110691857985463,25.19190718417684
Atlanta,Water-cooled evaporative,10,17.631360911378515,0.7507609580400378,Forest City,Water-cooled evaporative,12,17.161058771530662,18.876077953995914,2.667418256660721,25.142593993265773
Henrico,Water-cooled evaporative,1,16.972151884988754,0.3445485859877428,Fort Wayne,Water-cooled evaporative,10,17.377248463785236,8.651257190054936,2.331189426454459,25.108961527889427
Montgomery County / Clarksville,Water-cooled evaporative,9,17.929409655793705,0.19265116217094047,Fort Wayne,Water-cooled evaporative,6,17.801545760713267,4.8202201951417925,0.7131517296729283,25.020457394722506
Atlanta,Water-cooled evaporative,6,18.028496874075547,0.7898038468567355,Forest City,Water-cooled evaporative,5,17.79722792614906,19.6710405684225,1.2827966166111473,24.90623544910472
Henrico,Water-cooled evaporative,2,17.064803087888635,0.2592927482258607,New Albany,Water-cooled evaporative,4,17.360773418512416,6.453821140580956,1.7048222650505738,24.890095017078004
Henrico,Water-cooled evaporative,2,17.064803087888635,0.2592927482258607,New Albany,Water-cooled evaporative,2,16.87703640074658,6.446942234838222,1.1003155804084161,24.863565521788214
Montgomery County / Clarksville,Water-cooled evaporative,7,18.23208011967617,0.19419104628193018,Fort Wayne,Water-cooled evaporative,6,17.801545760713267,4.8202201951417925,2.3614110739797955,24.822051723969327
Atlanta,Water-cooled evaporative,11,17.376695685310406,0.7927291293276406,Forest City,Water-cooled evaporative,5,17.79722792614906,19.6710405684225,2.362908665235304,24.814327921955698
Council Bluffs,Water-cooled evaporative,3,17.0513355964971,0.0475899670194202,Seattle,Water-cooled evaporative,1,17.125193144448993,1.1806652775159978,0.4312800873479931,24.809121574599953
Henrico,Water-cooled evaporative,12,17.17315705786896,0.4764154514832484,Kansas City,Water-cooled evaporative,10,17.474312529217023,0.0192033059303433,1.7234181364476155,24.80903304938034
Henrico,Water-cooled evaporative,5,17.76193221788505,0.2603086423781433,New Albany,Water-cooled evaporative,4,17.360773418512416,6.453821140580956,2.2585313042051527,24.792957627606025
Council Bluffs,Water-cooled evaporative,12,16.848479469873773,0.0462184965543775,Seattle,Water-cooled evaporative,3,17.249131712627936,1.1438702157795326,2.322738613334656,24.749187036703663
Council Bluffs,Water-cooled evaporative,1,16.786137022735872,0.046218602077775,Seattle,Water-cooled evaporative,3,17.249131712627936,1.1438702157795326,2.684162296430894,24.749130530920624
Montgomery County / Clarksville,Water-cooled evaporative,6,18.08988933307039,0.2464654370419071,New Albany,Water-cooled evaporative,5,17.607896950391954,6.099115392109956,2.6644296922109825,24.74633143418365
Council Bluffs,Water-cooled evaporative,11,17.14229831979521,0.0493426049820603,Seattle,Water-cooled evaporative,12,17.166734198946635,1.2174132739277843,0.14234436712444276,24.6726591425484
Seattle,Water-cooled evaporative,7,17.641672799526734,1.6856059412636832,Montgomery County / Clarksville,Water-cooled evaporative,3,17.386294144336638,0.06840600668931116,1.44758752807697,24.641197795968832
Atlanta,Water-cooled evaporative,3,17.41115935851971,0.8010068027762554,Forest City,Water-cooled evaporative,5,17.79722792614906,19.6710405684225,2.169262366203144,24.557894515057196
Montgomery County / Clarksville,Water-cooled evaporative,6,18.08988933307039,0.2464654370419071,New Albany,Water-cooled evaporative,8,17.973948046279865,6.021781884775739,0.6409176123513881,24.432561242864413
Council Bluffs,Water-cooled evaporative,2,16.780793662112494,0.0468668477096319,Seattle,Water-cooled evaporative,3,17.249131712627936,1.1438702157795326,2.715139859315792,24.406809326423904
Atlanta,Water-cooled evaporative,12,17.20455766710506,0.7745463045407869,Forest City,Water-cooled evaporative,12,17.161058771530662,18.876077953995914,0.2528335596652257,24.37049643557097
Henrico,Water-cooled evaporative,2,17.064803087888635,0.2592927482258607,New Albany,Water-cooled evaporative,3,17.140821915955286,6.311753558576083,0.44349581624140283,24.342190831646935
Council Bluffs,Water-cooled evaporative,11,17.14229831979521,0.0493426049820603,Seattle,Water-cooled evaporative,2,17.173377966103345,1.2003307510335863,0.18097573098012923,24.32645685143692
Henrico,Water-cooled evaporative,7,18.240049204659343,0.8095718691530903,Forest City,Water-cooled evaporative,5,17.79722792614906,19.6710405684225,2.4277416883128082,24.29807817927367
Seattle,Water-cooled evaporative,5,17.454861151844938,1.379972735117141,Forest City,Water-cooled evaporative,9,17.970017364380077,33.386214972073056,2.8667541165334356,24.193387392714698
Montgomery County / Clarksville,Climate-responsive hybrid,6,8.510715164740699,0.11595411635727118,New Albany,Climate-responsive hybrid,7,8.509378303172815,2.804900862243553,0.01570798155039254,24.189748068979743
Mayes County,Water-cooled evaporative,12,17.04331351118919,3.174402907106473,Montgomery County / Clarksville,Water-cooled evaporative,12,17.126348403620877,0.13125244922250706,0.4848371087331839,24.185475592345206
Mayes County,Water-cooled evaporative,10,17.611557906068775,5.949134315685416,Montgomery County / Clarksville,Water-cooled evaporative,6,18.08988933307039,0.2464654370419071,2.64419211303393,24.13780360884383
Montgomery County / Clarksville,Water-cooled evaporative,6,18.08988933307039,0.2464654370419071,New Albany,Water-cooled evaporative,7,18.03482783797511,5.944723850658858,0.3043771804320456,24.11990874666967
Atlanta,Water-cooled evaporative,2,17.19450877402098,0.7840678433968516,Forest City,Water-cooled evaporative,12,17.161058771530662,18.876077953995914,0.19453886662268918,24.074546753783768
Atlanta,Climate-responsive hybrid,3,0.9227001501405072,0.0424491604474094,Forest City,Climate-responsive hybrid,12,0.9278913832403586,1.0206217644299742,0.559465600566596,24.043391051147655
Council Bluffs,Water-cooled evaporative,3,17.0513355964971,0.0475899670194202,Seattle,Water-cooled evaporative,3,17.249131712627936,1.1438702157795326,1.146701871294949,24.035953109880275
Council Bluffs,Water-cooled evaporative,11,17.14229831979521,0.0493426049820603,Seattle,Water-cooled evaporative,1,17.125193144448993,1.1806652775159978,0.09978344226143959,23.927907291178837
Atlanta,Water-cooled evaporative,11,17.376695685310406,0.7927291293276406,Forest City,Water-cooled evaporative,12,17.161058771530662,18.876077953995914,1.2409546537782472,23.811510458819402
Atlanta,Water-cooled evaporative,5,17.830684138680336,0.8268216358804037,Forest City,Water-cooled evaporative,5,17.79722792614906,19.6710405684225,0.18763280349238073,23.791153635543996
Henrico,Water-cooled evaporative,3,17.255202194642898,0.2279145531388211,Fort Wayne,Water-cooled evaporative,12,16.830439289174144,5.42128023027673,2.461651278711917,23.78645924806156
Seattle,Water-cooled evaporative,3,17.249131712627936,1.1438702157795326,Forest City,Water-cooled evaporative,10,17.551068348095612,27.173213441099055,1.7203319449236718,23.755503960369197
Henrico,Water-cooled evaporative,8,18.13923918554841,1.2094493152781127,Forest City,Water-cooled evaporative,6,17.995629734477507,28.706840078736402,0.7917060335436521,23.735463500705084
Atlanta,Water-cooled evaporative,1,17.065796158191247,0.7971616790451956,Forest City,Water-cooled evaporative,12,17.161058771530662,18.876077953995914,0.5551091841573941,23.67910858008733
Atlanta,Water-cooled evaporative,3,17.41115935851971,0.8010068027762554,Forest City,Water-cooled evaporative,12,17.161058771530662,18.876077953995914,1.4364384463959818,23.565440254155437
Henrico,Water-cooled evaporative,11,17.314232307912096,0.5899915641596294,Kansas City,Water-cooled evaporative,2,16.881328443209075,0.0250908454456192,2.500277557816972,23.514216188464086
Montgomery County / Clarksville,Water-cooled evaporative,6,18.08988933307039,0.2464654370419071,Fort Wayne,Water-cooled evaporative,7,17.95146502148568,5.777467960620443,0.7652026446156945,23.441290713870305
Henrico,Water-cooled evaporative,5,17.76193221788505,0.2603086423781433,New Albany,Water-cooled evaporative,5,17.607896950391954,6.099115392109956,0.8672213450853816,23.430322314270065
Montgomery County / Clarksville,Water-cooled evaporative,11,17.326333368954696,0.20594604712632414,Fort Wayne,Water-cooled evaporative,6,17.801545760713267,4.8202201951417925,2.6695007172204726,23.405257165169786
Montgomery County / Clarksville,Water-cooled evaporative,6,18.08988933307039,0.2464654370419071,New Albany,Water-cooled evaporative,6,17.889797109319222,5.757620868123333,1.1060997669309958,23.36076383458323
Council Bluffs,Water-cooled evaporative,11,17.14229831979521,0.0493426049820603,Seattle,Water-cooled evaporative,3,17.249131712627936,1.1438702157795326,0.6193551919747621,23.182201592222672
Henrico,Water-cooled evaporative,5,17.76193221788505,0.2603086423781433,New Albany,Water-cooled evaporative,8,17.973948046279865,6.021781884775739,1.1795729455148654,23.13323841176222
Henrico,Water-cooled evaporative,11,17.314232307912096,0.5899915641596294,Kansas City,Water-cooled evaporative,12,16.885069121742546,0.0255611534895248,2.478672912188171,23.08157041509936
Seattle,Water-cooled evaporative,1,17.125193144448993,1.1806652775159978,Forest City,Water-cooled evaporative,10,17.551068348095612,27.173213441099055,2.4264916254675115,23.01517115695042
Seattle,Water-cooled evaporative,6,17.548201323721468,1.4555128445111398,Forest City,Water-cooled evaporative,9,17.970017364380077,33.386214972073056,2.3473324043343813,22.937767329209944
Henrico,Water-cooled evaporative,5,17.76193221788505,0.2603086423781433,Mayes County,Water-cooled evaporative,10,17.611557906068775,5.949134315685416,0.8466100983363657,22.854155979359575
Henrico,Water-cooled evaporative,5,17.76193221788505,0.2603086423781433,New Albany,Water-cooled evaporative,7,18.03482783797511,5.944723850658858,1.5131589973675121,22.837212765387633
Seattle,Water-cooled evaporative,10,17.40923985865238,1.5614516299414214,Montgomery County / Clarksville,Water-cooled evaporative,3,17.386294144336638,0.06840600668931116,0.13180193105524102,22.826235670111224
Henrico,Water-cooled evaporative,3,17.255202194642898,0.2279145531388211,Fort Wayne,Water-cooled evaporative,2,16.799944420034144,5.202059116517799,2.6383798316202536,22.824602663039524
Henrico,Water-cooled evaporative,10,17.56483916631861,0.8624373261930341,Forest City,Water-cooled evaporative,5,17.79722792614906,19.6710405684225,1.305758182087481,22.808660955404488
Atlanta,Water-cooled evaporative,4,17.602846437659863,0.8648748435260727,Forest City,Water-cooled evaporative,5,17.79722792614906,19.6710405684225,1.0922009275590352,22.74437823653671
Seattle,Water-cooled evaporative,2,17.173377966103345,1.2003307510335863,Forest City,Water-cooled evaporative,10,17.551068348095612,27.173213441099055,2.1519509496597,22.63810488709101
Council Bluffs,Water-cooled evaporative,6,18.065271663687067,0.0255542662498215,Henrico,Water-cooled evaporative,6,17.971922725305266,0.5784052032193264,0.5167314398567374,22.63438901218174
Henrico,Water-cooled evaporative,11,17.314232307912096,0.5899915641596294,Kansas City,Water-cooled evaporative,11,17.080305828668926,0.0261044868741696,1.3510646910765565,22.6011553877133
Mayes County,Water-cooled evaporative,1,16.97112774996448,2.9657169719923138,Montgomery County / Clarksville,Water-cooled evaporative,12,17.126348403620877,0.13125244922250706,0.9063266143971445,22.59551718509002
Henrico,Water-cooled evaporative,4,17.502653145767887,0.1839295959169961,Mayes County,Water-cooled evaporative,11,17.23413316543787,4.143638813801687,1.5341672950591694,22.528396222169878
Mayes County,Water-cooled evaporative,9,17.925119247041305,3.3010240931505765,Montgomery County / Clarksville,Water-cooled evaporative,5,17.821154768270667,0.14664534676849442,0.5799932337286898,22.510254610136563
Seattle,Water-cooled evaporative,12,17.166734198946635,1.2174132739277843,Forest City,Water-cooled evaporative,10,17.551068348095612,27.173213441099055,2.1898048684351403,22.320451093349046
Henrico,Water-cooled evaporative,5,17.76193221788505,0.2603086423781433,Fort Wayne,Water-cooled evaporative,7,17.95146502148568,5.777467960620443,1.0558068846959503,22.194683618024765
Council Bluffs,Water-cooled evaporative,5,17.678164559991735,0.0266189030219744,Henrico,Water-cooled evaporative,11,17.314232307912096,0.5899915641596294,2.058654057917703,22.164383095448386
Henrico,Water-cooled evaporative,5,17.76193221788505,0.2603086423781433,New Albany,Water-cooled evaporative,6,17.889797109319222,5.757620868123333,0.7147363978072379,22.11843915562125
Montgomery County / Clarksville,Water-cooled evaporative,1,17.018934267468634,0.10251914500766245,Fort Wayne,Water-cooled evaporative,4,17.29611907595038,2.2662366496044477,1.602583835510019,22.105496972639262
Henrico,Water-cooled evaporative,1,16.972151884988754,0.3445485859877428,Fort Wayne,Water-cooled evaporative,11,17.11463249756379,7.5413614034547445,0.8325075785022945,21.887657387521614
Henrico,Water-cooled evaporative,10,17.56483916631861,0.8624373261930341,Forest City,Water-cooled evaporative,12,17.161058771530662,18.876077953995914,2.2987992714571224,21.886898190409486
Council Bluffs,Water-cooled evaporative,9,17.812899523243495,0.0269707448142641,Henrico,Water-cooled evaporative,11,17.314232307912096,0.5899915641596294,2.799472453548076,21.875241793381946
Henrico,Water-cooled evaporative,11,17.314232307912096,0.5899915641596294,Kansas City,Water-cooled evaporative,1,16.852532170914774,0.0270125979043672,2.6665931748318923,21.841348479268035
Atlanta,Water-cooled evaporative,4,17.602846437659863,0.8648748435260727,Forest City,Water-cooled evaporative,12,17.161058771530662,18.876077953995914,2.509751293313747,21.825213318771794
Seattle,Water-cooled evaporative,8,17.708893461695116,2.1745776179476533,Forest City,Water-cooled evaporative,8,18.178730541556863,47.387271201364186,2.5845428468599203,21.791483003530526
Seattle,Water-cooled evaporative,11,17.292650708839894,1.2495704990225598,Forest City,Water-cooled evaporative,10,17.551068348095612,27.173213441099055,1.4723755507667315,21.746042710158818
Council Bluffs,Water-cooled evaporative,5,17.678164559991735,0.0266189030219744,Henrico,Water-cooled evaporative,6,17.971922725305266,0.5784052032193264,1.6345394413470622,21.729114935421723
Montgomery County / Clarksville,Water-cooled evaporative,12,17.126348403620877,0.13125244922250706,Fort Wayne,Water-cooled evaporative,5,17.64714703608572,2.8409254489710696,2.951177498549135,21.64474237090206
Henrico,Water-cooled evaporative,1,16.972151884988754,0.3445485859877428,Kansas City,Water-cooled evaporative,4,17.39951136286369,0.0159390041801391,2.456157928590244,21.616694624942113
Henrico,Water-cooled evaporative,11,17.314232307912096,0.5899915641596294,Forest City,Water-cooled evaporative,3,17.37517355832884,12.70987772498829,0.35073750608684234,21.542473650605416
Mayes County,Water-cooled evaporative,6,18.199521050354782,2.2011470590681332,Forest City,Water-cooled evaporative,8,18.178730541556863,47.387271201364186,0.11423657106357711,21.528444002022212
Council Bluffs,Climate-responsive hybrid,9,5.962326901434639,0.0090276373674023,Henrico,Climate-responsive hybrid,6,6.029480425599063,0.1940517386025172,1.113753083587663,21.495296133982347
Atlanta,Water-cooled evaporative,4,17.602846437659863,0.8648748435260727,Council Bluffs,Water-cooled evaporative,10,17.42218299677707,0.0402559269828757,1.0263308353146667,21.48441008187386
Mayes County,Climate-responsive hybrid,6,9.678634499063692,1.1705856326913675,Forest City,Climate-responsive hybrid,8,9.634933011430334,25.115790267966865,0.4515253431420082,21.455747932102636
Council Bluffs,Water-cooled evaporative,9,17.812899523243495,0.0269707448142641,Henrico,Water-cooled evaporative,6,17.971922725305266,0.5784052032193264,0.8848424539343221,21.44565184248911
Council Bluffs,Water-cooled evaporative,10,17.42218299677707,0.0402559269828757,Henrico,Water-cooled evaporative,10,17.56483916631861,0.8624373261930341,0.8121689483789212,21.423859561348635
Montgomery County / Clarksville,Water-cooled evaporative,10,17.610932406961034,0.22510495432330285,Fort Wayne,Water-cooled evaporative,6,17.801545760713267,4.8202201951417925,1.0707685518687013,21.4132123818956
Council Bluffs,Water-cooled evaporative,7,18.12470824694942,0.0270372073180772,Henrico,Water-cooled evaporative,6,17.971922725305266,0.5784052032193264,0.8429681711972968,21.39293442605672
Mayes County,Water-cooled evaporative,3,17.328948035857564,2.805691263418541,Montgomery County / Clarksville,Water-cooled evaporative,12,17.126348403620877,0.13125244922250706,1.1691398220911169,21.376296442759436
Montgomery County / Clarksville,Water-cooled evaporative,4,17.495966388685023,0.10614035284181425,Fort Wayne,Water-cooled evaporative,4,17.29611907595038,2.2662366496044477,1.1422479232921292,21.351320105199974
Mayes County,Water-cooled evaporative,5,17.821497966615873,2.266069287350972,Montgomery County / Clarksville,Water-cooled evaporative,4,17.495966388685023,0.10614035284181425,1.826622983885259,21.349743303832774
Henrico,Water-cooled evaporative,6,17.971922725305266,0.5784052032193264,Forest City,Water-cooled evaporative,4,17.53766580277945,12.316581211122307,2.4163075323841796,21.294035984755762
Seattle,Water-cooled evaporative,6,17.548201323721468,1.4555128445111398,Montgomery County / Clarksville,Water-cooled evaporative,3,17.386294144336638,0.06840600668931116,0.9226425911011492,21.277559017906718
Henrico,Water-cooled evaporative,3,17.255202194642898,0.2279145531388211,Fort Wayne,Water-cooled evaporative,1,16.75566997613035,4.84178592905253,2.8949658942138337,21.243864695658257
Mayes County,Water-cooled evaporative,4,17.57357699037506,2.231070572978707,Montgomery County / Clarksville,Water-cooled evaporative,4,17.495966388685023,0.10614035284181425,0.44163235368953785,21.020003356346216
Council Bluffs,Water-cooled evaporative,4,17.399657086027492,0.0281100447894364,Henrico,Water-cooled evaporative,11,17.314232307912096,0.5899915641596294,0.4909566762898724,20.988638352555917
Henrico,Water-cooled evaporative,1,16.972151884988754,0.3445485859877428,New Albany,Water-cooled evaporative,12,16.9650384555364,7.223122576219711,0.04191236032152603,20.96401747089646
Mayes County,Water-cooled evaporative,5,17.821497966615873,2.266069287350972,Forest City,Water-cooled evaporative,8,18.178730541556863,47.387271201364186,1.9651128780656675,20.91166032118981
Henrico,Water-cooled evaporative,2,17.064803087888635,0.2592927482258607,Fort Wayne,Water-cooled evaporative,12,16.830439289174144,5.42128023027673,1.3733753475352126,20.907951600537803
Henrico,Water-cooled evaporative,11,17.314232307912096,0.5899915641596294,Forest City,Water-cooled evaporative,4,17.53766580277945,12.316581211122307,1.2740207127903156,20.875859858548598
Seattle,Water-cooled evaporative,9,17.590738175367985,2.2074385722956293,Montgomery County / Clarksville,Water-cooled evaporative,4,17.495966388685023,0.10614035284181425,0.538759577558089,20.797354758990434
Henrico,Water-cooled evaporative,9,17.989698810550344,0.9464556701585684,Forest City,Water-cooled evaporative,5,17.79722792614906,19.6710405684225,1.069894979500197,20.783900597401285
Mayes County,Water-cooled evaporative,9,17.925119247041305,3.3010240931505765,Montgomery County / Clarksville,Water-cooled evaporative,8,18.225878581836163,0.15943836333341305,1.6501774300998215,20.704076635856875
Seattle,Water-cooled evaporative,4,17.354130306973452,1.3137358722983885,Forest City,Water-cooled evaporative,10,17.551068348095612,27.173213441099055,1.122085774018014,20.68392438242503
Council Bluffs,Water-cooled evaporative,8,18.17576209587628,0.0280341972757222,Henrico,Water-cooled evaporative,6,17.971922725305266,0.5784052032193264,1.121490089360607,20.63213002072398
Henrico,Water-cooled evaporative,1,16.972151884988754,0.3445485859877428,New Albany,Water-cooled evaporative,10,17.342821927071753,7.088610837405631,2.1373110076416766,20.573617555515977
Henrico,Water-cooled evaporative,1,16.972151884988754,0.3445485859877428,New Albany,Water-cooled evaporative,11,17.184289368160883,7.081530635583124,1.2344850498454563,20.553068343850487
Atlanta,Water-cooled evaporative,5,17.830684138680336,0.8268216358804037,Council Bluffs,Water-cooled evaporative,10,17.42218299677707,0.0402559269828757,2.291000943800572,20.53912797069912
Seattle,Water-cooled evaporative,8,17.708893461695116,2.1745776179476533,Montgomery County / Clarksville,Water-cooled evaporative,4,17.495966388685023,0.10614035284181425,1.2023736743950748,20.48775569069875
Henrico,Water-cooled evaporative,6,17.971922725305266,0.5784052032193264,Fort Wayne,Water-cooled evaporative,9,17.754465867605767,11.829776833810485,1.2099810411120362,20.45240389949385
Henrico,Water-cooled evaporative,12,17.17315705786896,0.4764154514832484,Kansas City,Water-cooled evaporative,3,17.138704051594342,0.0233070019755581,0.20062127283014936,20.440872317377504
Seattle,Water-cooled evaporative,5,17.454861151844938,1.379972735117141,Montgomery County / Clarksville,Water-cooled evaporative,3,17.386294144336638,0.06840600668931116,0.39282470889808374,20.173268429258712
Montgomery County / Clarksville,Water-cooled evaporative,1,17.018934267468634,0.10251914500766245,Fort Wayne,Water-cooled evaporative,3,17.05927373968985,2.0677764897661115,0.2364665274545835,20.169661867659574
Mayes County,Water-cooled evaporative,11,17.23413316543787,4.143638813801687,Montgomery County / Clarksville,Water-cooled evaporative,11,17.326333368954696,0.20594604712632414,0.5321391523149901,20.120021100769378
Seattle,Water-cooled evaporative,10,17.40923985865238,1.5614516299414214,Montgomery County / Clarksville,Water-cooled evaporative,2,17.033207441225265,0.0778148194990946,2.1599588521966835,20.06625010496348
Henrico,Water-cooled evaporative,2,17.064803087888635,0.2592927482258607,Fort Wayne,Water-cooled evaporative,2,16.799944420034144,5.202059116517799,1.5520757344247806,20.062493656731466
Henrico,Water-cooled evaporative,11,17.314232307912096,0.5899915641596294,Fort Wayne,Water-cooled evaporative,9,17.754465867605767,11.829776833810485,2.4795652146140106,20.050755896248365
Atlanta,Water-cooled evaporative,12,17.20455766710506,0.7745463045407869,Forest City,Water-cooled evaporative,1,17.06378807311401,15.519826402403526,0.8182110619455155,20.03731256791022
Seattle,Water-cooled evaporative,3,17.249131712627936,1.1438702157795326,Forest City,Water-cooled evaporative,11,17.332512831225806,22.852894043752038,0.4810676871252798,19.978572506303163
Mayes County,Climate-responsive hybrid,11,0.9563293231642632,0.2299322666362521,Montgomery County / Clarksville,Climate-responsive hybrid,11,0.971792398126488,0.011551018831264446,1.5911911836350978,19.905799652400212
Atlanta,Water-cooled evaporative,10,17.631360911378515,0.7507609580400378,Forest City,Water-cooled evaporative,2,17.18346880757389,14.943569593328107,2.5403149879120956,19.90456407368372
Atlanta,Water-cooled evaporative,3,17.41115935851971,0.8010068027762554,Council Bluffs,Water-cooled evaporative,10,17.42218299677707,0.0402559269828757,0.06327357633310876,19.8978600869629
Seattle,Water-cooled evaporative,7,17.641672799526734,1.6856059412636832,Forest City,Water-cooled evaporative,9,17.970017364380077,33.386214972073056,1.8271800087638335,19.806654779018942
Atlanta,Water-cooled evaporative,1,17.065796158191247,0.7971616790451956,Council Bluffs,Water-cooled evaporative,10,17.42218299677707,0.0402559269828757,2.045592327045075,19.802343127865292
Atlanta,Water-cooled evaporative,2,17.19450877402098,0.7840678433968516,Forest City,Water-cooled evaporative,1,17.06378807311401,15.519826402403526,0.7602467893963601,19.793984070519073
Seattle,Water-cooled evaporative,6,17.548201323721468,1.4555128445111398,Forest City,Water-cooled evaporative,6,17.995629734477507,28.706840078736402,2.486317052294198,19.722835278982448
Atlanta,Water-cooled evaporative,11,17.376695685310406,0.7927291293276406,Council Bluffs,Water-cooled evaporative,10,17.42218299677707,0.0402559269828757,0.26108847252425316,19.692233883096428
Seattle,Water-cooled evaporative,5,17.454861151844938,1.379972735117141,Forest City,Water-cooled evaporative,10,17.551068348095612,27.173213441099055,0.5481557836968546,19.691123418313346
Henrico,Water-cooled evaporative,1,16.972151884988754,0.3445485859877428,New Albany,Water-cooled evaporative,1,16.867860356409007,6.759291788974309,0.6144861847011223,19.61781897782848
Atlanta,Water-cooled evaporative,11,17.376695685310406,0.7927291293276406,Forest City,Water-cooled evaporative,1,17.06378807311401,15.519826402403526,1.8007313810583343,19.577716811752317
Mayes County,Water-cooled evaporative,8,18.242584178594516,2.4209009003944426,Forest City,Water-cooled evaporative,8,18.178730541556863,47.387271201364186,0.35002517413392215,19.57423007015416
Montgomery County / Clarksville,Water-cooled evaporative,6,18.08988933307039,0.2464654370419071,Fort Wayne,Water-cooled evaporative,6,17.801545760713267,4.8202201951417925,1.5939487912178432,19.557388058116235
Montgomery County / Clarksville,Water-cooled evaporative,4,17.495966388685023,0.10614035284181425,Fort Wayne,Water-cooled evaporative,3,17.05927373968985,2.0677764897661115,2.4959618651164677,19.48153020414217
Atlanta,Water-cooled evaporative,2,17.19450877402098,0.7840678433968516,Council Bluffs,Water-cooled evaporative,10,17.42218299677707,0.0402559269828757,1.306806516716114,19.47707833756711
Atlanta,Water-cooled evaporative,1,17.065796158191247,0.7971616790451956,Forest City,Water-cooled evaporative,1,17.06378807311401,15.519826402403526,0.011766723677125905,19.46885658250968
Atlanta,Water-cooled evaporative,3,17.41115935851971,0.8010068027762554,Forest City,Water-cooled evaporative,1,17.06378807311401,15.519826402403526,1.9951071508384217,19.37539899612896
Montgomery County / Clarksville,Water-cooled evaporative,5,17.821154768270667,0.14664534676849442,Fort Wayne,Water-cooled evaporative,5,17.64714703608572,2.8409254489710696,0.9764110937118151,19.37276232471237
Seattle,Water-cooled evaporative,1,17.125193144448993,1.1806652775159978,Forest City,Water-cooled evaporative,11,17.332512831225806,22.852894043752038,1.1961317369014806,19.355946582787844
Atlanta,Water-cooled evaporative,12,17.20455766710506,0.7745463045407869,Forest City,Water-cooled evaporative,2,17.18346880757389,14.943569593328107,0.12257716785994657,19.293319851532765
Atlanta,Water-cooled evaporative,12,17.20455766710506,0.7745463045407869,Council Bluffs,Water-cooled evaporative,10,17.42218299677707,0.0402559269828757,1.2491277913466357,19.240553195316252
Seattle,Water-cooled evaporative,4,17.354130306973452,1.3137358722983885,Montgomery County / Clarksville,Water-cooled evaporative,3,17.386294144336638,0.06840600668931116,0.18499535954108184,19.204978274278762
Mayes County,Water-cooled evaporative,3,17.328948035857564,2.805691263418541,Montgomery County / Clarksville,Water-cooled evaporative,5,17.821154768270667,0.14664534676849442,2.761923897824187,19.132494315334945
Atlanta,Water-cooled evaporative,2,17.19450877402098,0.7840678433968516,Forest City,Water-cooled evaporative,2,17.18346880757389,14.943569593328107,0.06420634978400715,19.059026229908145
Seattle,Water-cooled evaporative,2,17.173377966103345,1.2003307510335863,Forest City,Water-cooled evaporative,11,17.332512831225806,22.852894043752038,0.918129221492728,19.03883077566226
Henrico,Water-cooled evaporative,4,17.502653145767887,0.1839295959169961,Mayes County,Water-cooled evaporative,2,17.03489650235795,3.4988698853981868,2.672489933464979,19.022875943125324
Henrico,Water-cooled evaporative,12,17.17315705786896,0.4764154514832484,Kansas City,Water-cooled evaporative,2,16.881328443209075,0.0250908454456192,1.6993300281159713,18.98762050548717
Mayes County,Water-cooled evaporative,7,18.31109635555001,2.5031364776930545,Forest City,Water-cooled evaporative,8,18.178730541556863,47.387271201364186,0.7228721395102443,18.931157619115254
Atlanta,Water-cooled evaporative,11,17.376695685310406,0.7927291293276406,Forest City,Water-cooled evaporative,2,17.18346880757389,14.943569593328107,1.1119886153030833,18.85078905325784
Seattle,Water-cooled evaporative,8,17.708893461695116,2.1745776179476533,Forest City,Water-cooled evaporative,7,18.187688983789265,40.84580884228518,2.632525344593812,18.783329923553193
Seattle,Water-cooled evaporative,12,17.166734198946635,1.2174132739277843,Forest City,Water-cooled evaporative,11,17.332512831225806,22.852894043752038,0.9564604618697197,18.77168134533388
Atlanta,Water-cooled evaporative,1,17.065796158191247,0.7971616790451956,Forest City,Water-cooled evaporative,2,17.18346880757389,14.943569593328107,0.6848014839167875,18.745970843990946
Henrico,Water-cooled evaporative,1,16.972151884988754,0.3445485859877428,New Albany,Water-cooled evaporative,4,17.360773418512416,6.453821140580956,2.23850357443903,18.731236763254483
Henrico,Water-cooled evaporative,1,16.972151884988754,0.3445485859877428,New Albany,Water-cooled evaporative,2,16.87703640074658,6.446942234838222,0.5604208876206278,18.711271782922278
Seattle,Water-cooled evaporative,6,17.548201323721468,1.4555128445111398,Montgomery County / Clarksville,Water-cooled evaporative,2,17.033207441225265,0.0778148194990946,2.9347388544034976,18.704828384625053
Henrico,Water-cooled evaporative,2,17.064803087888635,0.2592927482258607,Fort Wayne,Water-cooled evaporative,1,16.75566997613035,4.84178592905253,1.8115246344546792,18.6730479821789
Seattle,Water-cooled evaporative,6,17.548201323721468,1.4555128445111398,Forest City,Water-cooled evaporative,10,17.551068348095612,27.173213441099055,0.016335326814762564,18.66916773944765
Atlanta,Water-cooled evaporative,3,17.41115935851971,0.8010068027762554,Forest City,Water-cooled evaporative,2,17.18346880757389,14.943569593328107,1.307727683477924,18.65598337184445
Atlanta,Water-cooled evaporative,10,17.631360911378515,0.7507609580400378,Council Bluffs,Water-cooled evaporative,10,17.42218299677707,0.0402559269828757,1.186396873462272,18.649699915229895
Henrico,Water-cooled evaporative,12,17.17315705786896,0.4764154514832484,Kansas City,Water-cooled evaporative,12,16.885069121742546,0.0255611534895248,1.6775479031353018,18.638261050249078
Mayes County,Water-cooled evaporative,6,18.199521050354782,2.2011470590681332,Forest City,Water-cooled evaporative,7,18.187688983789265,40.84580884228518,0.06501306563387256,18.55660151102192
Henrico,Water-cooled evaporative,5,17.76193221788505,0.2603086423781433,Fort Wayne,Water-cooled evaporative,6,17.801545760713267,4.8202201951417925,0.2225286689184116,18.517326782180323
Mayes County,Water-cooled evaporative,11,17.23413316543787,4.143638813801687,Montgomery County / Clarksville,Water-cooled evaporative,10,17.610932406961034,0.22510495432330285,2.139575763599126,18.407586035847356
Henrico,Water-cooled evaporative,1,16.972151884988754,0.3445485859877428,New Albany,Water-cooled evaporative,3,17.140821915955286,6.311753558576083,0.984025339003885,18.318907159295733
Seattle,Water-cooled evaporative,11,17.292650708839894,1.2495704990225598,Forest City,Water-cooled evaporative,11,17.332512831225806,22.852894043752038,0.2299846697017745,18.28859921199168
Seattle,Water-cooled evaporative,11,17.292650708839894,1.2495704990225598,Montgomery County / Clarksville,Water-cooled evaporative,3,17.386294144336638,0.06840600668931116,0.5386049190203521,18.266970394835408
Henrico,Water-cooled evaporative,12,17.17315705786896,0.4764154514832484,Kansas City,Water-cooled evaporative,11,17.080305828668926,0.0261044868741696,0.540676527252088,18.250328143958335
Henrico,Water-cooled evaporative,3,17.255202194642898,0.2279145531388211,Mayes County,Water-cooled evaporative,11,17.23413316543787,4.143638813801687,0.12210247650165339,18.18066795970605
Henrico,Water-cooled evaporative,12,17.17315705786896,0.4764154514832484,Fort Wayne,Water-cooled evaporative,10,17.377248463785236,8.651257190054936,1.1744748102187172,18.159060885033302
Council Bluffs,Water-cooled evaporative,3,17.0513355964971,0.0475899670194202,Henrico,Water-cooled evaporative,10,17.56483916631861,0.8624373261930341,2.9234743623851447,18.12225097447738
Mayes County,Water-cooled evaporative,5,17.821497966615873,2.266069287350972,Forest City,Water-cooled evaporative,7,18.187688983789265,40.84580884228518,2.013400479301022,18.024960256194905
Henrico,Water-cooled evaporative,10,17.56483916631861,0.8624373261930341,Forest City,Water-cooled evaporative,1,17.06378807311401,15.519826402403526,2.852580023421944,17.995309260223063
Henrico,Water-cooled evaporative,4,17.502653145767887,0.1839295959169961,Mayes County,Water-cooled evaporative,9,17.925119247041305,3.3010240931505765,2.356838442473122,17.9472154913028
Henrico,Water-cooled evaporative,1,16.972151884988754,0.3445485859877428,Kansas City,Water-cooled evaporative,10,17.474312529217023,0.0192033059303433,2.8737075829945073,17.942149504753697
Council Bluffs,Water-cooled evaporative,5,17.678164559991735,0.0266189030219744,Henrico,Water-cooled evaporative,12,17.17315705786896,0.4764154514832484,2.8566738385594728,17.897636543848503
Seattle,Water-cooled evaporative,12,17.166734198946635,1.2174132739277843,Montgomery County / Clarksville,Water-cooled evaporative,3,17.386294144336638,0.06840600668931116,1.2628334915265529,17.79687680728208
Seattle,Water-cooled evaporative,5,17.454861151844938,1.379972735117141,Montgomery County / Clarksville,Water-cooled evaporative,2,17.033207441225265,0.0778148194990946,2.4156806917659424,17.73406073547722
Henrico,Water-cooled evaporative,12,17.17315705786896,0.4764154514832484,Kansas City,Water-cooled evaporative,1,16.852532170914774,0.0270125979043672,1.867011906277715,17.636787589624063
Henrico,Water-cooled evaporative,5,17.76193221788505,0.2603086423781433,Kansas City,Water-cooled evaporative,6,18.04172106591572,0.0148282923279255,1.55078801522569,17.55486313740355
Seattle,Water-cooled evaporative,2,17.173377966103345,1.2003307510335863,Montgomery County / Clarksville,Water-cooled evaporative,3,17.386294144336638,0.06840600668931116,1.2246208218135295,17.547154250434343
Atlanta,Water-cooled evaporative,4,17.602846437659863,0.8648748435260727,Council Bluffs,Water-cooled evaporative,11,17.14229831979521,0.0493426049820603,2.6163275325708053,17.52795264539679
Council Bluffs,Water-cooled evaporative,11,17.14229831979521,0.0493426049820603,Henrico,Water-cooled evaporative,10,17.56483916631861,0.8624373261930341,2.4056061232467303,17.478552794417606
Seattle,Water-cooled evaporative,10,17.40923985865238,1.5614516299414214,Forest City,Water-cooled evaporative,10,17.551068348095612,27.173213441099055,0.8080903488625539,17.40253295077637
Seattle,Water-cooled evaporative,4,17.354130306973452,1.3137358722983885,Forest City,Water-cooled evaporative,11,17.332512831225806,22.852894043752038,0.12456674788802298,17.395349039050572
Henrico,Water-cooled evaporative,5,17.76193221788505,0.2603086423781433,Kansas City,Water-cooled evaporative,5,17.73642893578077,0.0150073823564826,0.14358394003216446,17.345372843499263
Henrico,Water-cooled evaporative,10,17.56483916631861,0.8624373261930341,Forest City,Water-cooled evaporative,2,17.18346880757389,14.943569593328107,2.171214635861928,17.32713687067781
Atlanta,Water-cooled evaporative,4,17.602846437659863,0.8648748435260727,Forest City,Water-cooled evaporative,2,17.18346880757389,14.943569593328107,2.3824421327038747,17.27830298821452
Montgomery County / Clarksville,Water-cooled evaporative,12,17.126348403620877,0.13125244922250706,Fort Wayne,Water-cooled evaporative,4,17.29611907595038,2.2662366496044477,0.9815535588302116,17.266242748450253
Seattle,Water-cooled evaporative,1,17.125193144448993,1.1806652775159978,Montgomery County / Clarksville,Water-cooled evaporative,3,17.386294144336638,0.06840600668931116,1.5017633874133882,17.25967257346837
Henrico,Water-cooled evaporative,4,17.502653145767887,0.1839295959169961,Mayes County,Water-cooled evaporative,12,17.04331351118919,3.174402907106473,2.624400030973388,17.258793459966174
Atlanta,Water-cooled evaporative,1,17.065796158191247,0.7971616790451956,Council Bluffs,Water-cooled evaporative,12,16.848479469873773,0.0462184965543775,1.2734049223549802,17.24767654671134
Atlanta,Water-cooled evaporative,1,17.065796158191247,0.7971616790451956,Council Bluffs,Water-cooled evaporative,1,16.786137022735872,0.046218602077775,1.6387113315023663,17.247637167903967
Mayes County,Water-cooled evaporative,9,17.925119247041305,3.3010240931505765,Montgomery County / Clarksville,Water-cooled evaporative,9,17.929409655793705,0.19265116217094047,0.02392944795599365,17.134721929274214
Mayes County,Water-cooled evaporative,7,18.31109635555001,2.5031364776930545,Montgomery County / Clarksville,Water-cooled evaporative,5,17.821154768270667,0.14664534676849442,2.6756540283883345,17.069320867335104
Seattle,Water-cooled evaporative,7,17.641672799526734,1.6856059412636832,Forest City,Water-cooled evaporative,6,17.995629734477507,28.706840078736402,1.9669049662242895,17.030575994063682
Atlanta,Water-cooled evaporative,1,17.065796158191247,0.7971616790451956,Council Bluffs,Water-cooled evaporative,2,16.780793662112494,0.0468668477096319,1.6700216821818652,17.009073961707177
Mayes County,Water-cooled evaporative,9,17.925119247041305,3.3010240931505765,Montgomery County / Clarksville,Water-cooled evaporative,7,18.23208011967617,0.19419104628193018,1.6836305600894659,16.998848074375623
Mayes County,Water-cooled evaporative,4,17.57357699037506,2.231070572978707,Montgomery County / Clarksville,Water-cooled evaporative,12,17.126348403620877,0.13125244922250706,2.5448921810233993,16.99831573578076
Mayes County,Water-cooled evaporative,2,17.03489650235795,3.4988698853981868,Montgomery County / Clarksville,Water-cooled evaporative,11,17.326333368954696,0.20594604712632414,1.6820458223373649,16.9892548763125
Atlanta,Water-cooled evaporative,2,17.19450877402098,0.7840678433968516,Council Bluffs,Water-cooled evaporative,12,16.848479469873773,0.0462184965543775,2.012440766380141,16.96437361337298
Atlanta,Water-cooled evaporative,2,17.19450877402098,0.7840678433968516,Council Bluffs,Water-cooled evaporative,1,16.786137022735872,0.046218602077775,2.3750126081072724,16.964334881385
Council Bluffs,Water-cooled evaporative,4,17.399657086027492,0.0281100447894364,Henrico,Water-cooled evaporative,12,17.17315705786896,0.4764154514832484,1.3017499542586968,16.948228117455105
Atlanta,Water-cooled evaporative,10,17.631360911378515,0.7507609580400378,Forest City,Water-cooled evaporative,3,17.37517355832884,12.70987772498829,1.4530208662698478,16.92932695670421
Seattle,Water-cooled evaporative,4,17.354130306973452,1.3137358722983885,Montgomery County / Clarksville,Water-cooled evaporative,2,17.033207441225265,0.0778148194990946,1.8492592833605155,16.882849317843295
Mayes County,Water-cooled evaporative,8,18.242584178594516,2.4209009003944426,Forest City,Water-cooled evaporative,7,18.187688983789265,40.84580884228518,0.300917864858555,16.872152360978546
Atlanta,Water-cooled evaporative,3,17.41115935851971,0.8010068027762554,Council Bluffs,Water-cooled evaporative,3,17.0513355964971,0.0475899670194202,2.0666272395384175,16.831421682838858
Seattle,Water-cooled evaporative,9,17.590738175367985,2.2074385722956293,Montgomery County / Clarksville,Water-cooled evaporative,12,17.126348403620877,0.13125244922250706,2.6399675051578275,16.81826575710939
Mayes County,Climate-responsive hybrid,9,6.508167372930304,1.1985201885809202,Montgomery County / Clarksville,Climate-responsive hybrid,9,6.6437922450398545,0.07138741998767438,2.041377380679025,16.78895509583978
Atlanta,Water-cooled evaporative,12,17.20455766710506,0.7745463045407869,Council Bluffs,Water-cooled evaporative,12,16.848479469873773,0.0462184965543775,2.069673653465124,16.758362177132028
Atlanta,Water-cooled evaporative,12,17.20455766710506,0.7745463045407869,Council Bluffs,Water-cooled evaporative,1,16.786137022735872,0.046218602077775,2.432033723070977,16.75832391549637
Atlanta,Water-cooled evaporative,1,17.065796158191247,0.7971616790451956,Council Bluffs,Water-cooled evaporative,3,17.0513355964971,0.0475899670194202,0.08473417565816936,16.750624742393605
Atlanta,Water-cooled evaporative,2,17.19450877402098,0.7840678433968516,Council Bluffs,Water-cooled evaporative,2,16.780793662112494,0.0468668477096319,2.4060885794746625,16.729690212036875
Seattle,Water-cooled evaporative,3,17.249131712627936,1.1438702157795326,Montgomery County / Clarksville,Water-cooled evaporative,3,17.386294144336638,0.06840600668931116,0.7889112571662171,16.7217803105333
Forest City,Water-cooled evaporative,8,18.178730541556863,47.387271201364186,Fort Wayne,Water-cooled evaporative,5,17.64714703608572,2.8409254489710696,2.9242058693588935,16.680223417522967
Atlanta,Water-cooled evaporative,11,17.376695685310406,0.7927291293276406,Council Bluffs,Water-cooled evaporative,3,17.0513355964971,0.0475899670194202,1.8723933174956389,16.657484318157838
Kansas City,Water-cooled evaporative,6,18.04172106591572,0.0148282923279255,Montgomery County / Clarksville,Water-cooled evaporative,6,18.08988933307039,0.2464654370419071,0.2662717624624242,16.621296073166096
Seattle,Water-cooled evaporative,5,17.454861151844938,1.379972735117141,Forest City,Water-cooled evaporative,11,17.332512831225806,22.852894043752038,0.700941242412575,16.560395334051393
Atlanta,Water-cooled evaporative,12,17.20455766710506,0.7745463045407869,Council Bluffs,Water-cooled evaporative,2,16.780793662112494,0.0468668477096319,2.4630915434855907,16.526528716835482
Mayes County,Water-cooled evaporative,8,18.242584178594516,2.4209009003944426,Montgomery County / Clarksville,Water-cooled evaporative,5,17.821154768270667,0.14664534676849442,2.3101409657648517,16.508542232957875
Seattle,Water-cooled evaporative,3,17.249131712627936,1.1438702157795326,Forest City,Water-cooled evaporative,12,17.161058771530662,18.876077953995914,0.510593475454744,16.501940249516956
Atlanta,Water-cooled evaporative,2,17.19450877402098,0.7840678433968516,Council Bluffs,Water-cooled evaporative,3,17.0513355964971,0.0475899670194202,0.8326680302737111,16.4754861686896
Kansas City,Water-cooled evaporative,5,17.73642893578077,0.0150073823564826,Montgomery County / Clarksville,Water-cooled evaporative,6,18.08988933307039,0.2464654370419071,1.9539113301453641,16.42294646643981
Atlanta,Water-cooled evaporative,12,17.20455766710506,0.7745463045407869,Forest City,Water-cooled evaporative,3,17.37517355832884,12.70987772498829,0.9819521551886528,16.409448538423696
Atlanta,Water-cooled evaporative,10,17.631360911378515,0.7507609580400378,Forest City,Water-cooled evaporative,4,17.53766580277945,12.316581211122307,0.5314116651006645,16.40546312274468
Henrico,Water-cooled evaporative,5,17.76193221788505,0.2603086423781433,Kansas City,Water-cooled evaporative,4,17.39951136286369,0.0159390041801391,2.0404359760838733,16.331549915929035
Mayes County,Water-cooled evaporative,7,18.31109635555001,2.5031364776930545,Forest City,Water-cooled evaporative,7,18.187688983789265,40.84580884228518,0.6739485684773916,16.317851306265798
Atlanta,Water-cooled evaporative,12,17.20455766710506,0.7745463045407869,Council Bluffs,Water-cooled evaporative,3,17.0513355964971,0.0475899670194202,0.8905900027928003,16.27541166869721
Henrico,Water-cooled evaporative,2,17.064803087888635,0.2592927482258607,Kansas City,Water-cooled evaporative,4,17.39951136286369,0.0159390041801391,1.9236647972162888,16.267813553180073
Henrico,Water-cooled evaporative,8,18.13923918554841,1.2094493152781127,Forest City,Water-cooled evaporative,5,17.79722792614906,19.6710405684225,1.8854774221833455,16.26446046141185
Atlanta,Water-cooled evaporative,3,17.41115935851971,0.8010068027762554,Council Bluffs,Water-cooled evaporative,11,17.14229831979521,0.0493426049820603,1.5441880301494209,16.23357346186892
Atlanta,Water-cooled evaporative,2,17.19450877402098,0.7840678433968516,Forest City,Water-cooled evaporative,3,17.37517355832884,12.70987772498829,1.0397869333584628,16.21017598416577
Atlanta,Water-cooled evaporative,1,17.065796158191247,0.7971616790451956,Council Bluffs,Water-cooled evaporative,11,17.14229831979521,0.0493426049820603,0.44627715710454263,16.155646410136292
Seattle,Water-cooled evaporative,7,17.641672799526734,1.6856059412636832,Forest City,Water-cooled evaporative,10,17.551068348095612,27.173213441099055,0.5135819741172912,16.120739003048094
Atlanta,Water-cooled evaporative,11,17.376695685310406,0.7927291293276406,Council Bluffs,Water-cooled evaporative,11,17.14229831979521,0.0493426049820603,1.3489179402119982,16.065814312314004
Seattle,Water-cooled evaporative,11,17.292650708839894,1.2495704990225598,Montgomery County / Clarksville,Water-cooled evaporative,2,17.033207441225265,0.0778148194990946,1.5003094203597287,16.05825865903472
Atlanta,Water-cooled evaporative,11,17.376695685310406,0.7927291293276406,Forest City,Water-cooled evaporative,3,17.37517355832884,12.70987772498829,0.008759588181387801,16.03306508462515
Seattle,Water-cooled evaporative,1,17.125193144448993,1.1806652775159978,Forest City,Water-cooled evaporative,12,17.161058771530662,18.876077953995914,0.2089942558857079,15.987662475946868
Henrico,Water-cooled evaporative,2,17.064803087888635,0.2592927482258607,Mayes County,Water-cooled evaporative,11,17.23413316543787,4.143638813801687,0.9825273828614669,15.980542618925503
Atlanta,Water-cooled evaporative,1,17.065796158191247,0.7971616790451956,Forest City,Water-cooled evaporative,3,17.37517355832884,12.70987772498829,1.7805715672364668,15.943914589837798
Henrico,Water-cooled evaporative,5,17.76193221788505,0.2603086423781433,Mayes County,Water-cooled evaporative,11,17.23413316543787,4.143638813801687,2.971518222075644,15.918176115652493
Atlanta,Water-cooled evaporative,12,17.20455766710506,0.7745463045407869,Forest City,Water-cooled evaporative,4,17.53766580277945,12.316581211122307,1.8993869504663363,15.901671906400177
Atlanta,Water-cooled evaporative,2,17.19450877402098,0.7840678433968516,Council Bluffs,Water-cooled evaporative,11,17.14229831979521,0.0493426049820603,0.30364609371485196,15.890280695190668
Seattle,Water-cooled evaporative,7,17.641672799526734,1.6856059412636832,Montgomery County / Clarksville,Water-cooled evaporative,4,17.495966388685023,0.10614035284181425,0.8259217393807475,15.880915185724112
Atlanta,Water-cooled evaporative,9,17.983196012479553,0.7762135543356912,Forest City,Water-cooled evaporative,4,17.53766580277945,12.316581211122307,2.477480695816938,15.86751628121624
Atlanta,Water-cooled evaporative,3,17.41115935851971,0.8010068027762554,Forest City,Water-cooled evaporative,3,17.37517355832884,12.70987772498829,0.2066823894369975,15.867378005950009
Henrico,Water-cooled evaporative,12,17.17315705786896,0.4764154514832484,Fort Wayne,Water-cooled evaporative,11,17.11463249756379,7.5413614034547445,0.34079092218138723,15.829380386332646
Atlanta,Water-cooled evaporative,10,17.631360911378515,0.7507609580400378,Fort Wayne,Water-cooled evaporative,9,17.754465867605767,11.829776833810485,0.6933745973843408,15.757048508081326
Montgomery County / Clarksville,Water-cooled evaporative,12,17.126348403620877,0.13125244922250706,Fort Wayne,Water-cooled evaporative,3,17.05927373968985,2.0677764897661115,0.3916460318934439,15.754193556119414
Seattle,Water-cooled evaporative,11,17.292650708839894,1.2495704990225598,Forest City,Water-cooled evaporative,5,17.79722792614906,19.6710405684225,2.835144997878023,15.742241501227502
Henrico,Water-cooled evaporative,1,16.972151884988754,0.3445485859877428,Fort Wayne,Water-cooled evaporative,12,16.830439289174144,5.42128023027673,0.8349712916483487,15.734443415970338
Seattle,Water-cooled evaporative,2,17.173377966103345,1.2003307510335863,Forest City,Water-cooled evaporative,12,17.161058771530662,18.876077953995914,0.07173425401221914,15.725730543637255
Atlanta,Water-cooled evaporative,2,17.19450877402098,0.7840678433968516,Forest City,Water-cooled evaporative,4,17.53766580277945,12.316581211122307,1.9566858703858068,15.708565674320527
Seattle,Water-cooled evaporative,6,17.548201323721468,1.4555128445111398,Forest City,Water-cooled evaporative,11,17.332512831225806,22.852894043752038,1.2291202301406057,15.700922276249369
Mayes County,Water-cooled evaporative,7,18.31109635555001,2.5031364776930545,Montgomery County / Clarksville,Water-cooled evaporative,8,18.225878581836163,0.15943836333341305,0.46538870234287066,15.699712574561277
Atlanta,Water-cooled evaporative,12,17.20455766710506,0.7745463045407869,Council Bluffs,Water-cooled evaporative,11,17.14229831979521,0.0493426049820603,0.361877059059126,15.69731279534982
Henrico,Water-cooled evaporative,5,17.76193221788505,0.2603086423781433,Kansas City,Water-cooled evaporative,9,17.847691993264707,0.0166267092563554,0.4805090507614124,15.656053062853843
Seattle,Water-cooled evaporative,12,17.166734198946635,1.2174132739277843,Montgomery County / Clarksville,Water-cooled evaporative,2,17.033207441225265,0.0778148194990946,0.7778227132424711,15.645005434240572
Henrico,Water-cooled evaporative,5,17.76193221788505,0.2603086423781433,Kansas City,Water-cooled evaporative,7,18.113247036624024,0.0166839666755964,1.9395463332920593,15.602323322720139
Atlanta,Water-cooled evaporative,7,18.187990649858357,0.7582102707736409,Fort Wayne,Water-cooled evaporative,9,17.754465867605767,11.829776833810485,2.383577111944283,15.602237650698077
Atlanta,Water-cooled evaporative,6,18.028496874075547,0.7898038468567355,Forest City,Water-cooled evaporative,4,17.53766580277945,12.316581211122307,2.722529086725455,15.594481161543952
Atlanta,Water-cooled evaporative,11,17.376695685310406,0.7927291293276406,Forest City,Water-cooled evaporative,4,17.53766580277945,12.316581211122307,0.9178537171322634,15.536935323126968
Seattle,Water-cooled evaporative,12,17.166734198946635,1.2174132739277843,Forest City,Water-cooled evaporative,12,17.161058771530662,18.876077953995914,0.03306061217119085,15.505069936600366
Montgomery County / Clarksville,Water-cooled evaporative,5,17.821154768270667,0.14664534676849442,Fort Wayne,Water-cooled evaporative,4,17.29611907595038,2.2662366496044477,2.9461373246983804,15.453859938577544
Mayes County,Water-cooled evaporative,5,17.821497966615873,2.266069287350972,Montgomery County / Clarksville,Water-cooled evaporative,5,17.821154768270667,0.14664534676849442,0.0019257547589373008,15.452718666405163
Atlanta,Water-cooled evaporative,1,17.065796158191247,0.7971616790451956,Forest City,Water-cooled evaporative,4,17.53766580277945,12.316581211122307,2.690606890874948,15.450543515682481
Henrico,Water-cooled evaporative,4,17.502653145767887,0.1839295959169961,Fort Wayne,Water-cooled evaporative,5,17.64714703608572,2.8409254489710696,0.8187946188829539,15.445722233050112
Atlanta,Water-cooled evaporative,8,18.243874995696743,0.7660284885937908,Fort Wayne,Water-cooled evaporative,9,17.754465867605767,11.829776833810485,2.682594175888703,15.442998543731148
Seattle,Water-cooled evaporative,2,17.173377966103345,1.2003307510335863,Montgomery County / Clarksville,Water-cooled evaporative,2,17.033207441225265,0.0778148194990946,0.8162082332011051,15.425477547339842
Mayes County,Water-cooled evaporative,12,17.04331351118919,3.174402907106473,Montgomery County / Clarksville,Water-cooled evaporative,11,17.326333368954696,0.20594604712632414,1.6334665375457957,15.413759823995763
Atlanta,Water-cooled evaporative,3,17.41115935851971,0.8010068027762554,Forest City,Water-cooled evaporative,4,17.53766580277945,12.316581211122307,0.7213414013151619,15.376375292236673
Atlanta,Water-cooled evaporative,5,17.830684138680336,0.8268216358804037,Forest City,Water-cooled evaporative,3,17.37517355832884,12.70987772498829,2.554644436571852,15.371970414701051
Seattle,Water-cooled evaporative,8,17.708893461695116,2.1745776179476533,Forest City,Water-cooled evaporative,9,17.970017364380077,33.386214972073056,1.4531087944442238,15.352965420283624
Henrico,Water-cooled evaporative,3,17.255202194642898,0.2279145531388211,Mayes County,Water-cooled evaporative,2,17.03489650235795,3.4988698853981868,1.2767494104087977,15.351673849747762
Henrico,Climate-responsive hybrid,5,4.549498742331113,0.0666748316900342,Kansas City,Climate-responsive hybrid,9,4.685342098032238,0.0043648120361973,2.8993263001687066,15.275533318983987
Henrico,Water-cooled evaporative,4,17.502653145767887,0.1839295959169961,Mayes County,Water-cooled evaporative,3,17.328948035857564,2.805691263418541,0.9924501643473648,15.254158796090087
Atlanta,Water-cooled evaporative,9,17.983196012479553,0.7762135543356912,Fort Wayne,Water-cooled evaporative,9,17.754465867605767,11.829776833810485,1.2719104252384152,15.240363644428745
Seattle,Water-cooled evaporative,10,17.40923985865238,1.5614516299414214,Montgomery County / Clarksville,Water-cooled evaporative,1,17.018934267468634,0.10251914500766245,2.241945049598276,15.230829615529041
Atlanta,Water-cooled evaporative,10,17.631360911378515,0.7507609580400378,Council Bluffs,Water-cooled evaporative,11,17.14229831979521,0.0493426049820603,2.773822134556192,15.215267988242518
Mayes County,Water-cooled evaporative,4,17.57357699037506,2.231070572978707,Montgomery County / Clarksville,Water-cooled evaporative,5,17.821154768270667,0.14664534676849442,1.3892353279844822,15.214056375759716
Henrico,Water-cooled evaporative,3,17.255202194642898,0.2279145531388211,Kansas City,Water-cooled evaporative,5,17.73642893578077,0.0150073823564826,2.7132110013818105,15.186829236770327
Mayes County,Water-cooled evaporative,8,18.242584178594516,2.4209009003944426,Montgomery County / Clarksville,Water-cooled evaporative,8,18.225878581836163,0.15943836333341305,0.0915747275430141,15.18392970035651
Kansas City,Water-cooled evaporative,6,18.04172106591572,0.0148282923279255,Montgomery County / Clarksville,Water-cooled evaporative,10,17.610932406961034,0.22510495432330285,2.3877359448180844,15.1807739789006
Seattle,Water-cooled evaporative,1,17.125193144448993,1.1806652775159978,Montgomery County / Clarksville,Water-cooled evaporative,2,17.033207441225265,0.0778148194990946,0.5371367344463729,15.172756103735935
Mayes County,Water-cooled evaporative,6,18.199521050354782,2.2011470590681332,Forest City,Water-cooled evaporative,9,17.970017364380077,33.386214972073056,1.2610424490826464,15.167643994766655
Henrico,Water-cooled evaporative,12,17.17315705786896,0.4764154514832484,New Albany,Water-cooled evaporative,12,16.9650384555364,7.223122576219711,1.2118831827558187,15.16139443784117
Henrico,Water-cooled evaporative,5,17.76193221788505,0.2603086423781433,Kansas City,Water-cooled evaporative,8,18.109453309300104,0.0171914066393065,1.9190037682506096,15.141788443475741
Seattle,Water-cooled evaporative,9,17.590738175367985,2.2074385722956293,Forest City,Water-cooled evaporative,9,17.970017364380077,33.386214972073056,2.110622273320079,15.124414056674295
Seattle,Water-cooled evaporative,11,17.292650708839894,1.2495704990225598,Forest City,Water-cooled evaporative,12,17.161058771530662,18.876077953995914,0.7609703077039681,15.106052814756092
Mayes County,Climate-responsive hybrid,8,11.516439493655293,1.528300950489363,Montgomery County / Clarksville,Climate-responsive hybrid,8,11.56847950730673,0.10120002888306819,0.449843158891956,15.101783738177012
Henrico,Water-cooled evaporative,1,16.972151884988754,0.3445485859877428,Fort Wayne,Water-cooled evaporative,2,16.799944420034144,5.202059116517799,1.0146472063269791,15.098187390915198
Seattle,Water-cooled evaporative,9,17.590738175367985,2.2074385722956293,Montgomery County / Clarksville,Water-cooled evaporative,5,17.821154768270667,0.14664534676849442,1.2929386220971628,15.052905673034829
Mayes County,Water-cooled evaporative,6,18.199521050354782,2.2011470590681332,Montgomery County / Clarksville,Water-cooled evaporative,5,17.821154768270667,0.14664534676849442,2.0789903263786162,15.01000275544394
Kansas City,Water-cooled evaporative,5,17.73642893578077,0.0150073823564826,Montgomery County / Clarksville,Water-cooled evaporative,10,17.610932406961034,0.22510495432330285,0.7075636774128923,14.999614787989083
Atlanta,Water-cooled evaporative,6,18.028496874075547,0.7898038468567355,Fort Wayne,Water-cooled evaporative,9,17.754465867605767,11.829776833810485,1.5199880965330437,14.978120049542271
Seattle,Water-cooled evaporative,4,17.354130306973452,1.3137358722983885,Forest City,Water-cooled evaporative,5,17.79722792614906,19.6710405684225,2.4897001994595658,14.97336031024859
Mayes County,Water-cooled evaporative,4,17.57357699037506,2.231070572978707,Forest City,Water-cooled evaporative,9,17.970017364380077,33.386214972073056,2.2061212628032068,14.964212865529865
Atlanta,Water-cooled evaporative,11,17.376695685310406,0.7927291293276406,Fort Wayne,Water-cooled evaporative,9,17.754465867605767,11.829776833810485,2.127747379799403,14.922848670697899
Atlanta,Water-cooled evaporative,5,17.830684138680336,0.8268216358804037,Forest City,Water-cooled evaporative,4,17.53766580277945,12.316581211122307,1.6433375950238347,14.896297673690592
Henrico,Water-cooled evaporative,12,17.17315705786896,0.4764154514832484,New Albany,Water-cooled evaporative,10,17.342821927071753,7.088610837405631,0.9783002438487313,14.879053177927583
Henrico,Water-cooled evaporative,12,17.17315705786896,0.4764154514832484,New Albany,Water-cooled evaporative,11,17.184289368160883,7.081530635583124,0.06478190662076268,14.864191775341952
Seattle,Water-cooled evaporative,8,17.708893461695116,2.1745776179476533,Montgomery County / Clarksville,Water-cooled evaporative,5,17.821154768270667,0.14664534676849442,0.6299328412512548,14.828821137984065
Kansas City,Water-cooled evaporative,9,17.847691993264707,0.0166267092563554,Montgomery County / Clarksville,Water-cooled evaporative,6,18.08988933307039,0.2464654370419071,1.3388547345224324,14.823464658089097
Henrico,Water-cooled evaporative,1,16.972151884988754,0.3445485859877428,Kansas City,Water-cooled evaporative,3,17.138704051594342,0.0233070019755581,0.9717897345341796,14.783050447632373
Kansas City,Water-cooled evaporative,7,18.113247036624024,0.0166839666755964,Montgomery County / Clarksville,Water-cooled evaporative,6,18.08988933307039,0.2464654370419071,0.12895370723099844,14.772592263829653
Atlanta,Water-cooled evaporative,3,17.41115935851971,0.8010068027762554,Fort Wayne,Water-cooled evaporative,9,17.754465867605767,11.829776833810485,1.933634678993308,14.768634664286225
Montgomery County / Clarksville,Water-cooled evaporative,9,17.929409655793705,0.19265116217094047,Fort Wayne,Water-cooled evaporative,5,17.64714703608572,2.8409254489710696,1.5742995733090146,14.746474492846819
Henrico,Water-cooled evaporative,10,17.56483916631861,0.8624373261930341,Forest City,Water-cooled evaporative,3,17.37517355832884,12.70987772498829,1.0798027023979977,14.737160995909301
Mayes County,Water-cooled evaporative,5,17.821497966615873,2.266069287350972,Forest City,Water-cooled evaporative,9,17.970017364380077,33.386214972073056,0.8264844421274585,14.73309539052155
Seattle,Water-cooled evaporative,10,17.40923985865238,1.5614516299414214,Montgomery County / Clarksville,Water-cooled evaporative,4,17.495966388685023,0.10614035284181425,0.4956944252518113,14.711196902355535
Seattle,Water-cooled evaporative,3,17.249131712627936,1.1438702157795326,Montgomery County / Clarksville,Water-cooled evaporative,2,17.033207441225265,0.0778148194990946,1.2517979165559627,14.699901935682597
Atlanta,Water-cooled evaporative,4,17.602846437659863,0.8648748435260727,Forest City,Water-cooled evaporative,3,17.37517355832884,12.70987772498829,1.293386726614489,14.695626563920444
Mayes County,Water-cooled evaporative,9,17.925119247041305,3.3010240931505765,Montgomery County / Clarksville,Water-cooled evaporative,10,17.610932406961034,0.22510495432330285,1.752774058293256,14.664377792456497
Henrico,Water-cooled evaporative,11,17.314232307912096,0.5899915641596294,Fort Wayne,Water-cooled evaporative,10,17.377248463785236,8.651257190054936,0.36263598350721193,14.663357436945036
Council Bluffs,Water-cooled evaporative,10,17.42218299677707,0.0402559269828757,Henrico,Water-cooled evaporative,11,17.314232307912096,0.5899915641596294,0.6196163183737905,14.656017346479276
Seattle,Water-cooled evaporative,10,17.40923985865238,1.5614516299414214,Forest City,Water-cooled evaporative,11,17.332512831225806,22.852894043752038,0.44072589067374757,14.635672092262874
Henrico,Water-cooled evaporative,7,18.240049204659343,0.8095718691530903,Fort Wayne,Water-cooled evaporative,9,17.754465867605767,11.829776833810485,2.6621821663152976,14.612386230991271
Mayes County,Water-cooled evaporative,1,16.97112774996448,2.9657169719923138,Montgomery County / Clarksville,Water-cooled evaporative,11,17.326333368954696,0.20594604712632414,2.050091103676167,14.400455912480751
Forest City,Water-cooled evaporative,7,18.187688983789265,40.84580884228518,Fort Wayne,Water-cooled evaporative,5,17.64714703608572,2.8409254489710696,2.9720210642777736,14.377641925478464
Kansas City,Climate-responsive hybrid,7,8.757832132443449,0.0080667689869583,Montgomery County / Clarksville,Climate-responsive hybrid,6,8.510715164740699,0.11595411635727118,2.8216682389618266,14.37429490601955
Seattle,Water-cooled evaporative,4,17.354130306973452,1.3137358722983885,Forest City,Water-cooled evaporative,12,17.161058771530662,18.876077953995914,1.1125393899180758,14.368244296299915
Mayes County,Water-cooled evaporative,9,17.925119247041305,3.3010240931505765,Forest City,Water-cooled evaporative,8,18.178730541556863,47.387271201364186,1.3950990358529083,14.355324246099833
Kansas City,Water-cooled evaporative,8,18.109453309300104,0.0171914066393065,Montgomery County / Clarksville,Water-cooled evaporative,6,18.08988933307039,0.2464654370419071,0.10803184334487023,14.336548614840368
Atlanta,Water-cooled evaporative,5,17.830684138680336,0.8268216358804037,Fort Wayne,Water-cooled evaporative,9,17.754465867605767,11.829776833810485,0.4274556740603604,14.307531782491493
Henrico,Water-cooled evaporative,3,17.255202194642898,0.2279145531388211,Kansas City,Water-cooled evaporative,4,17.39951136286369,0.0159390041801391,0.829386327071213,14.299171426456837
Henrico,Water-cooled evaporative,10,17.56483916631861,0.8624373261930341,Forest City,Water-cooled evaporative,4,17.53766580277945,12.316581211122307,0.15470317309403714,14.281131900320325
Seattle,Water-cooled evaporative,5,17.454861151844938,1.379972735117141,Forest City,Water-cooled evaporative,5,17.79722792614906,19.6710405684225,1.9237084321490863,14.25465885509158
Atlanta,Water-cooled evaporative,4,17.602846437659863,0.8648748435260727,Forest City,Water-cooled evaporative,4,17.53766580277945,12.316581211122307,0.3702846304502449,14.24088271651875
Mayes County,Water-cooled evaporative,5,17.821497966615873,2.266069287350972,Montgomery County / Clarksville,Water-cooled evaporative,8,18.225878581836163,0.15943836333341305,2.2187167186732744,14.21282331287001
Henrico,Water-cooled evaporative,12,17.17315705786896,0.4764154514832484,New Albany,Water-cooled evaporative,1,16.867860356409007,6.759291788974309,1.777755251589345,14.187809752874855
Kansas City,Water-cooled evaporative,4,17.39951136286369,0.0159390041801391,Montgomery County / Clarksville,Water-cooled evaporative,10,17.610932406961034,0.22510495432330285,1.200510224057043,14.122899509857481
Henrico,Water-cooled evaporative,1,16.972151884988754,0.3445485859877428,Fort Wayne,Water-cooled evaporative,1,16.75566997613035,4.84178592905253,1.2755124413532715,14.052549120676916
Atlanta,Climate-responsive hybrid,5,5.231181385434931,0.2425736397466431,Fort Wayne,Climate-responsive hybrid,9,5.103321445497154,3.4003362456305584,2.4441886166244413,14.017748380170458
Henrico,Water-cooled evaporative,3,17.255202194642898,0.2279145531388211,Mayes County,Water-cooled evaporative,12,17.04331351118919,3.174402907106473,1.2279698670786456,13.928039536698506
Mayes County,Water-cooled evaporative,6,18.199521050354782,2.2011470590681332,Montgomery County / Clarksville,Water-cooled evaporative,8,18.225878581836163,0.15943836333341305,0.14461597208075586,13.80563004441507
Montgomery County / Clarksville,Water-cooled evaporative,11,17.326333368954696,0.20594604712632414,Fort Wayne,Water-cooled evaporative,5,17.64714703608572,2.8409254489710696,1.8179350264097,13.794513119392331
Mayes County,Water-cooled evaporative,8,18.242584178594516,2.4209009003944426,Forest City,Water-cooled evaporative,9,17.970017364380077,33.386214972073056,1.49412392206069,13.790822650622902
Henrico,Water-cooled evaporative,6,17.971922725305266,0.5784052032193264,Fort Wayne,Water-cooled evaporative,8,17.982517090353113,7.967996641116271,0.05891480594521843,13.775803877225622
Henrico,Water-cooled evaporative,1,16.972151884988754,0.3445485859877428,Kansas City,Water-cooled evaporative,2,16.881328443209075,0.0250908454456192,0.5351321529240487,13.732043694362645
Kansas City,Water-cooled evaporative,5,17.73642893578077,0.0150073823564826,Montgomery County / Clarksville,Water-cooled evaporative,11,17.326333368954696,0.20594604712632414,2.3121653649160563,13.722982611778631
Henrico,Water-cooled evaporative,10,17.56483916631861,0.8624373261930341,Fort Wayne,Water-cooled evaporative,9,17.754465867605767,11.829776833810485,1.0680507242583046,13.716680012018283
Seattle,Water-cooled evaporative,6,17.548201323721468,1.4555128445111398,Montgomery County / Clarksville,Water-cooled evaporative,4,17.495966388685023,0.10614035284181425,0.2976654648122508,13.71309596718937
Seattle,Water-cooled evaporative,5,17.454861151844938,1.379972735117141,Forest City,Water-cooled evaporative,12,17.161058771530662,18.876077953995914,1.6832123599174051,13.678587608032409
Atlanta,Water-cooled evaporative,4,17.602846437659863,0.8648748435260727,Fort Wayne,Water-cooled evaporative,9,17.754465867605767,11.829776833810485,0.8539791119401854,13.678021649445585
Seattle,Water-cooled evaporative,8,17.708893461695116,2.1745776179476533,Montgomery County / Clarksville,Water-cooled evaporative,8,18.225878581836163,0.15943836333341305,2.8365443005654205,13.638986078903967
Mayes County,Water-cooled evaporative,3,17.328948035857564,2.805691263418541,Montgomery County / Clarksville,Water-cooled evaporative,11,17.326333368954696,0.20594604712632414,0.015088434089928793,13.623428575434485
Seattle,Water-cooled evaporative,3,17.249131712627936,1.1438702157795326,Forest City,Water-cooled evaporative,1,17.06378807311401,15.519826402403526,1.0745099672364125,13.56782105898873
Seattle,Water-cooled evaporative,7,17.641672799526734,1.6856059412636832,Forest City,Water-cooled evaporative,11,17.332512831225806,22.852894043752038,1.7524413462039847,13.557672931918734
Henrico,Water-cooled evaporative,5,17.76193221788505,0.2603086423781433,Kansas City,Water-cooled evaporative,10,17.474312529217023,0.0192033059303433,1.619304055098316,13.555407767931639
Henrico,Water-cooled evaporative,12,17.17315705786896,0.4764154514832484,New Albany,Water-cooled evaporative,4,17.360773418512416,6.453821140580956,1.0806912579332129,13.546624318098726
Kansas City,Water-cooled evaporative,9,17.847691993264707,0.0166267092563554,Montgomery County / Clarksville,Water-cooled evaporative,10,17.610932406961034,0.22510495432330285,1.3265557607841996,13.538755676337978
Henrico,Water-cooled evaporative,12,17.17315705786896,0.4764154514832484,New Albany,Water-cooled evaporative,2,16.87703640074658,6.446942234838222,1.724322767936799,13.532185437660827
Seattle,Water-cooled evaporative,6,17.548201323721468,1.4555128445111398,Forest City,Water-cooled evaporative,5,17.79722792614906,19.6710405684225,1.3992437668436106,13.51485192494428
Henrico,Water-cooled evaporative,2,17.064803087888635,0.2592927482258607,Kansas City,Water-cooled evaporative,10,17.474312529217023,0.0192033059303433,2.343493860738096,13.502505723045848
Henrico,Water-cooled evaporative,2,17.064803087888635,0.2592927482258607,Mayes County,Water-cooled evaporative,2,17.03489650235795,3.4988698853981868,0.17525303618599172,13.493897956415063
Kansas City,Water-cooled evaporative,7,18.113247036624024,0.0166839666755964,Montgomery County / Clarksville,Water-cooled evaporative,10,17.610932406961034,0.22510495432330285,2.7731893053042165,13.492292252810799
Henrico,Water-cooled evaporative,1,16.972151884988754,0.3445485859877428,Kansas City,Water-cooled evaporative,12,16.885069121742546,0.0255611534895248,0.513092057131716,13.479383320042347
Seattle,Water-cooled evaporative,5,17.454861151844938,1.379972735117141,Montgomery County / Clarksville,Water-cooled evaporative,1,17.018934267468634,0.10251914500766245,2.497452604085754,13.46063445041411
Mayes County,Water-cooled evaporative,9,17.925119247041305,3.3010240931505765,Montgomery County / Clarksville,Water-cooled evaporative,6,18.08988933307039,0.2464654370419071,0.9108407630104441,13.393456432551618
Mayes County,Water-cooled evaporative,7,18.31109635555001,2.5031364776930545,Forest City,Water-cooled evaporative,9,17.970017364380077,33.386214972073056,1.8626901663731006,13.337752563472897
Henrico,Water-cooled evaporative,12,17.17315705786896,0.4764154514832484,New Albany,Water-cooled evaporative,3,17.140821915955286,6.311753558576083,0.18828886153380348,13.248423280406588
Seattle,Water-cooled evaporative,8,17.708893461695116,2.1745776179476533,Forest City,Water-cooled evaporative,6,17.995629734477507,28.706840078736402,1.593366150632888,13.201110800464164
Henrico,Water-cooled evaporative,1,16.972151884988754,0.3445485859877428,Kansas City,Water-cooled evaporative,11,17.080305828668926,0.0261044868741696,0.6332084727583618,13.198826226638982
Seattle,Water-cooled evaporative,1,17.125193144448993,1.1806652775159978,Forest City,Water-cooled evaporative,1,17.06378807311401,15.519826402403526,0.3585657155340476,13.14498418642047
Forest City,Water-cooled evaporative,10,17.551068348095612,27.173213441099055,Fort Wayne,Water-cooled evaporative,3,17.05927373968985,2.0677764897661115,2.8020779057539498,13.141272074416827
Kansas City,Climate-responsive hybrid,6,6.628519416788915,0.0054479072841429,Montgomery County / Clarksville,Climate-responsive hybrid,9,6.6437922450398545,0.07138741998767438,0.22988118363186,13.103640767797227
Kansas City,Water-cooled evaporative,6,18.04172106591572,0.0148282923279255,Montgomery County / Clarksville,Water-cooled evaporative,7,18.23208011967617,0.19419104628193018,1.0440885105315698,13.095981788558237
Kansas City,Water-cooled evaporative,8,18.109453309300104,0.0171914066393065,Montgomery County / Clarksville,Water-cooled evaporative,10,17.610932406961034,0.22510495432330285,2.75282137911394,13.094039309652649
Seattle,Water-cooled evaporative,3,17.249131712627936,1.1438702157795326,Forest City,Water-cooled evaporative,2,17.18346880757389,14.943569593328107,0.3806736834525566,13.064042919540709
Mayes County,Water-cooled evaporative,6,18.199521050354782,2.2011470590681332,Forest City,Water-cooled evaporative,6,17.995629734477507,28.706840078736402,1.120311437389724,13.041763820582522
Henrico,Water-cooled evaporative,9,17.989698810550344,0.9464556701585684,Forest City,Water-cooled evaporative,4,17.53766580277945,12.316581211122307,2.512732495030942,13.013373578351322
Henrico,Water-cooled evaporative,3,17.255202194642898,0.2279145531388211,Mayes County,Water-cooled evaporative,1,16.97112774996448,2.9657169719923138,1.6463118859691588,13.012407198876488
Seattle,Water-cooled evaporative,9,17.590738175367985,2.2074385722956293,Forest City,Water-cooled evaporative,6,17.995629734477507,28.706840078736402,2.249943820158723,13.004592942707655
Seattle,Water-cooled evaporative,5,17.454861151844938,1.379972735117141,Montgomery County / Clarksville,Water-cooled evaporative,4,17.495966388685023,0.10614035284181425,0.23494121974690585,13.001395776154771
Mayes County,Water-cooled evaporative,7,18.31109635555001,2.5031364776930545,Montgomery County / Clarksville,Water-cooled evaporative,9,17.929409655793705,0.19265116217094047,2.0844557439108073,12.993103438805147
Kansas City,Water-cooled evaporative,6,18.04172106591572,0.0148282923279255,Montgomery County / Clarksville,Water-cooled evaporative,9,17.929409655793705,0.19265116217094047,0.6225094031311263,12.99213408465981
Seattle,Water-cooled evaporative,6,17.548201323721468,1.4555128445111398,Forest City,Water-cooled evaporative,12,17.161058771530662,18.876077953995914,2.2061665754168818,12.968678376957769
Kansas City,Water-cooled evaporative,5,17.73642893578077,0.0150073823564826,Montgomery County / Clarksville,Water-cooled evaporative,7,18.23208011967617,0.19419104628193018,2.7185662888816022,12.939701386234573
Seattle,Water-cooled evaporative,2,17.173377966103345,1.2003307510335863,Forest City,Water-cooled evaporative,1,17.06378807311401,15.519826402403526,0.6381382463347703,12.929624929661797
Kansas City,Water-cooled evaporative,4,17.39951136286369,0.0159390041801391,Montgomery County / Clarksville,Water-cooled evaporative,11,17.326333368954696,0.20594604712632414,0.4205749942218573,12.92088544546243
Mayes County,Water-cooled evaporative,7,18.31109635555001,2.5031364776930545,Montgomery County / Clarksville,Water-cooled evaporative,7,18.23208011967617,0.19419104628193018,0.4315210533523909,12.890071533261912
Mayes County,Water-cooled evaporative,4,17.57357699037506,2.231070572978707,Forest City,Water-cooled evaporative,6,17.995629734477507,28.706840078736402,2.3453068902270457,12.866845372986045
Seattle,Water-cooled evaporative,7,17.641672799526734,1.6856059412636832,Montgomery County / Clarksville,Water-cooled evaporative,12,17.126348403620877,0.13125244922250706,2.9210631087074774,12.842472283363966
Kansas City,Water-cooled evaporative,5,17.73642893578077,0.0150073823564826,Montgomery County / Clarksville,Water-cooled evaporative,9,17.929409655793705,0.19265116217094047,1.0763361634195079,12.837092944974692
Seattle,Water-cooled evaporative,4,17.354130306973452,1.3137358722983885,Montgomery County / Clarksville,Water-cooled evaporative,1,17.018934267468634,0.10251914500766245,1.9315058350698573,12.814541832164107
Henrico,Water-cooled evaporative,12,17.17315705786896,0.4764154514832484,New Albany,Water-cooled evaporative,5,17.607896950391954,6.099115392109956,2.4690052068558774,12.802093998255664
Henrico,Water-cooled evaporative,11,17.314232307912096,0.5899915641596294,Fort Wayne,Water-cooled evaporative,11,17.11463249756379,7.5413614034547445,1.1528077410460495,12.782151240071522
Council Bluffs,Water-cooled evaporative,12,16.848479469873773,0.0462184965543775,Henrico,Water-cooled evaporative,11,17.314232307912096,0.5899915641596294,2.6899999362113673,12.765269494767878
Henrico,Water-cooled evaporative,1,16.972151884988754,0.3445485859877428,Kansas City,Water-cooled evaporative,1,16.852532170914774,0.0270125979043672,0.7047999268718529,12.755107346859026
Seattle,Water-cooled evaporative,12,17.166734198946635,1.2174132739277843,Forest City,Water-cooled evaporative,1,17.06378807311401,15.519826402403526,0.5996838107911083,12.748198770932857
Henrico,Water-cooled evaporative,5,17.76193221788505,0.2603086423781433,Mayes County,Water-cooled evaporative,9,17.925119247041305,3.3010240931505765,0.9103818329308485,12.681192844743391
Mayes County,Water-cooled evaporative,5,17.821497966615873,2.266069287350972,Forest City,Water-cooled evaporative,6,17.995629734477507,28.706840078736402,0.9676336445621505,12.668121067160577
Seattle,Water-cooled evaporative,1,17.125193144448993,1.1806652775159978,Forest City,Water-cooled evaporative,2,17.18346880757389,14.943569593328107,0.3391379457633905,12.656906134114395
Atlanta,Water-cooled evaporative,4,17.602846437659863,0.8648748435260727,Montgomery County / Clarksville,Water-cooled evaporative,3,17.386294144336638,0.06840600668931116,1.2302117960873036,12.643258763140379
Seattle,Climate-responsive hybrid,8,2.800683593830202,0.3439121631890704,Forest City,Climate-responsive hybrid,10,2.803651662870455,4.340717245166307,0.1058644010438129,12.621586875309028
Montgomery County / Clarksville,Water-cooled evaporative,10,17.610932406961034,0.22510495432330285,Fort Wayne,Water-cooled evaporative,5,17.64714703608572,2.8409254489710696,0.20521520589493863,12.620448348244004
Henrico,Water-cooled evaporative,10,17.56483916631861,0.8624373261930341,Montgomery County / Clarksville,Water-cooled evaporative,3,17.386294144336638,0.06840600668931116,1.0164910722572391,12.607625674015482
Seattle,Water-cooled evaporative,10,17.40923985865238,1.5614516299414214,Forest City,Water-cooled evaporative,5,17.79722792614906,19.6710405684225,2.1800477529796454,12.597918623428937
Mayes County,Water-cooled evaporative,8,18.242584178594516,2.4209009003944426,Montgomery County / Clarksville,Water-cooled evaporative,9,17.929409655793705,0.19265116217094047,1.7167223663864652,12.566240831946622
Henrico,Water-cooled evaporative,9,17.989698810550344,0.9464556701585684,Fort Wayne,Water-cooled evaporative,9,17.754465867605767,11.829776833810485,1.307598006069014,12.499028963320104
Seattle,Water-cooled evaporative,8,17.708893461695116,2.1745776179476533,Forest City,Water-cooled evaporative,10,17.551068348095612,27.173213441099055,0.8912195103600602,12.495858145888988
Henrico,Water-cooled evaporative,12,17.17315705786896,0.4764154514832484,Mayes County,Water-cooled evaporative,10,17.611557906068775,5.949134315685416,2.4892792025442967,12.487282469877236
Mayes County,Water-cooled evaporative,8,18.242584178594516,2.4209009003944426,Montgomery County / Clarksville,Water-cooled evaporative,7,18.23208011967617,0.19419104628193018,0.057579884601393086,12.466593835020248
Henrico,Water-cooled evaporative,3,17.255202194642898,0.2279145531388211,Fort Wayne,Water-cooled evaporative,5,17.64714703608572,2.8409254489710696,2.221009665989377,12.464870759001872
Mayes County,Water-cooled evaporative,3,17.328948035857564,2.805691263418541,Montgomery County / Clarksville,Water-cooled evaporative,10,17.610932406961034,0.22510495432330285,1.6011893327806423,12.463924980473413
Seattle,Water-cooled evaporative,2,17.173377966103345,1.2003307510335863,Forest City,Water-cooled evaporative,2,17.18346880757389,14.943569593328107,0.058724123653652545,12.44954324502678
Seattle,Water-cooled evaporative,11,17.292650708839894,1.2495704990225598,Forest City,Water-cooled evaporative,1,17.06378807311401,15.519826402403526,1.323467637086366,12.420128687851912
Henrico,Water-cooled evaporative,4,17.502653145767887,0.1839295959169961,Kansas City,Water-cooled evaporative,6,18.04172106591572,0.0148282923279255,2.9878963219658448,12.403963440254627
Council Bluffs,Water-cooled evaporative,3,17.0513355964971,0.0475899670194202,Henrico,Water-cooled evaporative,11,17.314232307912096,0.5899915641596294,1.518385029955153,12.397393843934994
Kansas City,Water-cooled evaporative,9,17.847691993264707,0.0166267092563554,Montgomery County / Clarksville,Water-cooled evaporative,11,17.326333368954696,0.20594604712632414,2.9211543123153367,12.386458676277343
Seattle,Water-cooled evaporative,4,17.354130306973452,1.3137358722983885,Montgomery County / Clarksville,Water-cooled evaporative,4,17.495966388685023,0.10614035284181425,0.8106787505221695,12.377346005776976
Mayes County,Water-cooled evaporative,9,17.925119247041305,3.3010240931505765,Forest City,Water-cooled evaporative,7,18.187688983789265,40.84580884228518,1.4436674004156804,12.373677891972294
Henrico,Water-cooled evaporative,4,17.502653145767887,0.1839295959169961,Fort Wayne,Water-cooled evaporative,4,17.29611907595038,2.2662366496044477,1.1800157844494987,12.321218009021
Henrico,Water-cooled evaporative,4,17.502653145767887,0.1839295959169961,Mayes County,Water-cooled evaporative,5,17.821497966615873,2.266069287350972,1.789102248561045,12.320308083390808
Henrico,Water-cooled evaporative,3,17.255202194642898,0.2279145531388211,Mayes County,Water-cooled evaporative,3,17.328948035857564,2.805691263418541,0.4255644431622133,12.310276920796781
Seattle,Water-cooled evaporative,9,17.590738175367985,2.2074385722956293,Forest City,Water-cooled evaporative,10,17.551068348095612,27.173213441099055,0.22551542110905964,12.309839006228938
Seattle,Water-cooled evaporative,12,17.166734198946635,1.2174132739277843,Forest City,Water-cooled evaporative,2,17.18346880757389,14.943569593328107,0.09738783719781055,12.2748535056753
Council Bluffs,Water-cooled evaporative,4,17.399657086027492,0.0281100447894364,Henrico,Water-cooled evaporative,1,16.972151884988754,0.3445485859877428,2.4569748640738367,12.257134009164663
Henrico,Water-cooled evaporative,4,17.502653145767887,0.1839295959169961,Kansas City,Water-cooled evaporative,5,17.73642893578077,0.0150073823564826,1.3180544452286638,12.255941212662295
Henrico,Water-cooled evaporative,11,17.314232307912096,0.5899915641596294,New Albany,Water-cooled evaporative,12,16.9650384555364,7.223122576219711,2.0168023979678478,12.24275568500401
Henrico,Water-cooled evaporative,2,17.064803087888635,0.2592927482258607,Mayes County,Water-cooled evaporative,12,17.04331351118919,3.174402907106473,0.12592923919934512,12.242544108257759
Seattle,Water-cooled evaporative,11,17.292650708839894,1.2495704990225598,Montgomery County / Clarksville,Water-cooled evaporative,1,17.018934267468634,0.10251914500766245,1.5828483786545098,12.188655093925773
Mayes County,Water-cooled evaporative,4,17.57357699037506,2.231070572978707,Forest City,Water-cooled evaporative,10,17.551068348095612,27.173213441099055,0.12808230385752115,12.179450426267799
Henrico,Water-cooled evaporative,4,17.502653145767887,0.1839295959169961,Mayes County,Water-cooled evaporative,4,17.57357699037506,2.231070572978707,0.4035822908791809,12.130024870959573
Mayes County,Climate-responsive hybrid,8,11.516439493655293,1.528300950489363,Montgomery County / Clarksville,Climate-responsive hybrid,7,11.839180136443627,0.126099861492769,2.7260387887406723,12.119767082987645
Seattle,Water-cooled evaporative,10,17.40923985865238,1.5614516299414214,Forest City,Water-cooled evaporative,12,17.161058771530662,18.876077953995914,1.4255710710905776,12.088800954214674
Atlanta,Water-cooled evaporative,5,17.830684138680336,0.8268216358804037,Montgomery County / Clarksville,Water-cooled evaporative,3,17.386294144336638,0.06840600668931116,2.492276745454075,12.086974169325389
Kansas City,Water-cooled evaporative,4,17.39951136286369,0.0159390041801391,Montgomery County / Clarksville,Water-cooled evaporative,9,17.929409655793705,0.19265116217094047,2.955469829196426,12.086775308773348
Henrico,Water-cooled evaporative,1,16.972151884988754,0.3445485859877428,Mayes County,Water-cooled evaporative,11,17.23413316543787,4.143638813801687,1.520130301502522,12.026283033270365
Henrico,Water-cooled evaporative,11,17.314232307912096,0.5899915641596294,New Albany,Water-cooled evaporative,10,17.342821927071753,7.088610837405631,0.16484986860776865,12.014766427215765
Henrico,Water-cooled evaporative,11,17.314232307912096,0.5899915641596294,New Albany,Water-cooled evaporative,11,17.184289368160883,7.081530635583124,0.750497841546422,12.00276591355996
Henrico,Water-cooled evaporative,4,17.502653145767887,0.1839295959169961,Seattle,Water-cooled evaporative,9,17.590738175367985,2.2074385722956293,0.500746635655358,12.001540922711559
Mayes County,Water-cooled evaporative,5,17.821497966615873,2.266069287350972,Forest City,Water-cooled evaporative,10,17.551068348095612,27.173213441099055,1.5174348364365509,11.9913427152373
Forest City,Water-cooled evaporative,10,17.551068348095612,27.173213441099055,Fort Wayne,Water-cooled evaporative,4,17.29611907595038,2.2662366496044477,1.4526139781849567,11.990457150996082
Seattle,Water-cooled evaporative,11,17.292650708839894,1.2495704990225598,Forest City,Water-cooled evaporative,2,17.18346880757389,14.943569593328107,0.6313774741901698,11.958964784313714
Council Bluffs,Water-cooled evaporative,11,17.14229831979521,0.0493426049820603,Henrico,Water-cooled evaporative,11,17.314232307912096,0.5899915641596294,0.9930211461834106,11.957041270401819
Seattle,Water-cooled evaporative,10,17.40923985865238,1.5614516299414214,Montgomery County / Clarksville,Water-cooled evaporative,12,17.126348403620877,0.13125244922250706,1.6249500686321263,11.89655232485875
Seattle,Water-cooled evaporative,12,17.166734198946635,1.2174132739277843,Montgomery County / Clarksville,Water-cooled evaporative,1,17.018934267468634,0.10251914500766245,0.8609670876541593,11.874984656151716
Henrico,Water-cooled evaporative,3,17.255202194642898,0.2279145531388211,Kansas City,Water-cooled evaporative,10,17.474312529217023,0.0192033059303433,1.2538995980973402,11.86850607731513
Mayes County,Water-cooled evaporative,8,18.242584178594516,2.4209009003944426,Forest City,Water-cooled evaporative,6,17.995629734477507,28.706840078736402,1.3537251175564262,11.85791623030052
Council Bluffs,Water-cooled evaporative,10,17.42218299677707,0.0402559269828757,Henrico,Water-cooled evaporative,12,17.17315705786896,0.4764154514832484,1.429361285862851,11.834666027835075
Henrico,Water-cooled evaporative,4,17.502653145767887,0.1839295959169961,Seattle,Water-cooled evaporative,8,17.708893461695116,2.1745776179476533,1.164614358166041,11.822880418489031
Seattle,Water-cooled evaporative,4,17.354130306973452,1.3137358722983885,Forest City,Water-cooled evaporative,1,17.06378807311401,15.519826402403526,1.6730439885124757,11.813505842122968
Seattle,Water-cooled evaporative,11,17.292650708839894,1.2495704990225598,Montgomery County / Clarksville,Water-cooled evaporative,4,17.495966388685023,0.10614035284181425,1.1620717331545491,11.772812748086968
Mayes County,Water-cooled evaporative,5,17.821497966615873,2.266069287350972,Montgomery County / Clarksville,Water-cooled evaporative,9,17.929409655793705,0.19265116217094047,0.6018697282816677,11.762551867402054
Forest City,Water-cooled evaporative,9,17.970017364380077,33.386214972073056,Fort Wayne,Water-cooled evaporative,5,17.64714703608572,2.8409254489710696,1.7967168408771057,11.751880002400247
Kansas City,Water-cooled evaporative,10,17.474312529217023,0.0192033059303433,Montgomery County / Clarksville,Water-cooled evaporative,10,17.610932406961034,0.22510495432330285,0.775767430065253,11.722197997565237
Atlanta,Water-cooled evaporative,3,17.41115935851971,0.8010068027762554,Montgomery County / Clarksville,Water-cooled evaporative,3,17.386294144336638,0.06840600668931116,0.1428119384302001,11.709597468747104
Seattle,Water-cooled evaporative,2,17.173377966103345,1.2003307510335863,Montgomery County / Clarksville,Water-cooled evaporative,1,17.018934267468634,0.10251914500766245,0.899320442021081,11.708357019012125
Kansas City,Water-cooled evaporative,9,17.847691993264707,0.0166267092563554,Montgomery County / Clarksville,Water-cooled evaporative,7,18.23208011967617,0.19419104628193018,2.1083064789553454,11.67946364417857
Seattle,Water-cooled evaporative,7,17.641672799526734,1.6856059412636832,Forest City,Water-cooled evaporative,5,17.79722792614906,19.6710405684225,0.8740413241197589,11.670011410659423
Mayes County,Water-cooled evaporative,5,17.821497966615873,2.266069287350972,Montgomery County / Clarksville,Water-cooled evaporative,7,18.23208011967617,0.19419104628193018,2.2519764632736226,11.669277913365018
Atlanta,Water-cooled evaporative,1,17.065796158191247,0.7971616790451956,Montgomery County / Clarksville,Water-cooled evaporative,3,17.386294144336638,0.06840600668931116,1.8433944777690812,11.65338714574837
Kansas City,Water-cooled evaporative,7,18.113247036624024,0.0166839666755964,Montgomery County / Clarksville,Water-cooled evaporative,7,18.23208011967617,0.19419104628193018,0.6517801713908649,11.639381093104975
Atlanta,Water-cooled evaporative,11,17.376695685310406,0.7927291293276406,Montgomery County / Clarksville,Water-cooled evaporative,3,17.386294144336638,0.06840600668931116,0.05520704381594252,11.588589477647572
Kansas City,Water-cooled evaporative,9,17.847691993264707,0.0166267092563554,Montgomery County / Clarksville,Water-cooled evaporative,9,17.929409655793705,0.19265116217094047,0.45577441810858466,11.58684855797917
Mayes County,Water-cooled evaporative,4,17.57357699037506,2.231070572978707,Montgomery County / Clarksville,Water-cooled evaporative,9,17.929409655793705,0.19265116217094047,1.9846312413507836,11.580883021090033
Kansas City,Water-cooled evaporative,7,18.113247036624024,0.0166839666755964,Montgomery County / Clarksville,Water-cooled evaporative,9,17.929409655793705,0.19265116217094047,1.0149333272969194,11.547083851032314
Henrico,Water-cooled evaporative,4,17.502653145767887,0.1839295959169961,Kansas City,Water-cooled evaporative,4,17.39951136286369,0.0159390041801391,0.5892922749779518,11.539591422291158
Montgomery County / Clarksville,Water-cooled evaporative,6,18.08988933307039,0.2464654370419071,Fort Wayne,Water-cooled evaporative,5,17.64714703608572,2.8409254489710696,2.447457189112181,11.526668741337636
Atlanta,Water-cooled evaporative,10,17.631360911378515,0.7507609580400378,Fort Wayne,Water-cooled evaporative,10,17.377248463785236,8.651257190054936,1.4412526002419124,11.523317904863092
Seattle,Water-cooled evaporative,1,17.125193144448993,1.1806652775159978,Montgomery County / Clarksville,Water-cooled evaporative,1,17.018934267468634,0.10251914500766245,0.6204827944658948,11.51653456949678
Seattle,Water-cooled evaporative,7,17.641672799526734,1.6856059412636832,Montgomery County / Clarksville,Water-cooled evaporative,5,17.821154768270667,0.14664534676849442,1.0071287246968272,11.494438646762587
Seattle,Water-cooled evaporative,12,17.166734198946635,1.2174132739277843,Montgomery County / Clarksville,Water-cooled evaporative,4,17.495966388685023,0.10614035284181425,1.881760529394413,11.469843856107678
Mayes County,Water-cooled evaporative,7,18.31109635555001,2.5031364776930545,Forest City,Water-cooled evaporative,6,17.995629734477507,28.706840078736402,1.7228166732730126,11.468347944492924
Atlanta,Water-cooled evaporative,2,17.19450877402098,0.7840678433968516,Montgomery County / Clarksville,Water-cooled evaporative,3,17.386294144336638,0.06840600668931116,1.103083663048047,11.46197360939309
Seattle,Water-cooled evaporative,9,17.590738175367985,2.2074385722956293,Montgomery County / Clarksville,Water-cooled evaporative,9,17.929409655793705,0.19265116217094047,1.8889159594626252,11.458215706671712
Henrico,Water-cooled evaporative,11,17.314232307912096,0.5899915641596294,New Albany,Water-cooled evaporative,1,16.867860356409007,6.759291788974309,2.578063777619005,11.456590567700898
Henrico,Water-cooled evaporative,2,17.064803087888635,0.2592927482258607,Mayes County,Water-cooled evaporative,1,16.97112774996448,2.9657169719923138,0.5489388740186385,11.43771660520557
Mayes County,Water-cooled evaporative,6,18.199521050354782,2.2011470590681332,Montgomery County / Clarksville,Water-cooled evaporative,9,17.929409655793705,0.19265116217094047,1.4841675987721201,11.425558165670669
Henrico,Water-cooled evaporative,6,17.971922725305266,0.5784052032193264,New Albany,Water-cooled evaporative,9,17.744729047966636,6.59353106459328,1.264158992953662,11.399501643302244
Henrico,Water-cooled evaporative,12,17.17315705786896,0.4764154514832484,Fort Wayne,Water-cooled evaporative,12,16.830439289174144,5.42128023027673,1.9956596654881067,11.379312348913922
Seattle,Water-cooled evaporative,4,17.354130306973452,1.3137358722983885,Forest City,Water-cooled evaporative,2,17.18346880757389,14.943569593328107,0.9834056583693132,11.374866065873839
Mayes County,Water-cooled evaporative,6,18.199521050354782,2.2011470590681332,Montgomery County / Clarksville,Water-cooled evaporative,7,18.23208011967617,0.19419104628193018,0.17858121019471013,11.334956483382179
Atlanta,Water-cooled evaporative,12,17.20455766710506,0.7745463045407869,Montgomery County / Clarksville,Water-cooled evaporative,3,17.386294144336638,0.06840600668931116,1.0452858770411178,11.322782048346266
Seattle,Water-cooled evaporative,2,17.173377966103345,1.2003307510335863,Montgomery County / Clarksville,Water-cooled evaporative,4,17.495966388685023,0.10614035284181425,1.8437873931348079,11.3089010814058
Kansas City,Water-cooled evaporative,8,18.109453309300104,0.0171914066393065,Montgomery County / Clarksville,Water-cooled evaporative,7,18.23208011967617,0.19419104628193018,0.6725881499595083,11.295820659487573
Seattle,Water-cooled evaporative,8,17.708893461695116,2.1745776179476533,Montgomery County / Clarksville,Water-cooled evaporative,9,17.929409655793705,0.19265116217094047,1.2299133007278464,11.287643393597273
Seattle,Water-cooled evaporative,5,17.454861151844938,1.379972735117141,Forest City,Water-cooled evaporative,1,17.06378807311401,15.519826402403526,2.2404823236854607,11.246473214621957
Henrico,Water-cooled evaporative,4,17.502653145767887,0.1839295959169961,Fort Wayne,Water-cooled evaporative,3,17.05927373968985,2.0677764897661115,2.5332125500369957,11.242217324824981
Kansas City,Water-cooled evaporative,8,18.109453309300104,0.0171914066393065,Montgomery County / Clarksville,Water-cooled evaporative,9,17.929409655793705,0.19265116217094047,0.994197066202641,11.206247761626562
Seattle,Water-cooled evaporative,7,17.641672799526734,1.6856059412636832,Forest City,Water-cooled evaporative,12,17.161058771530662,18.876077953995914,2.7243109735544206,11.198393107136708
Seattle,Water-cooled evaporative,8,17.708893461695116,2.1745776179476533,Montgomery County / Clarksville,Water-cooled evaporative,7,18.23208011967617,0.19419104628193018,2.8695938946452273,11.198135339311994
Henrico,Water-cooled evaporative,11,17.314232307912096,0.5899915641596294,New Albany,Water-cooled evaporative,9,17.744729047966636,6.59353106459328,2.4260541758109886,11.175636170298393
Atlanta,Water-cooled evaporative,12,17.20455766710506,0.7745463045407869,Fort Wayne,Water-cooled evaporative,10,17.377248463785236,8.651257190054936,0.993775263328189,11.169451250799131
Seattle,Water-cooled evaporative,3,17.249131712627936,1.1438702157795326,Montgomery County / Clarksville,Water-cooled evaporative,1,17.018934267468634,0.10251914500766245,1.3345451179480319,11.157625394691284
Henrico,Water-cooled evaporative,2,17.064803087888635,0.2592927482258607,Kansas City,Water-cooled evaporative,3,17.138704051594342,0.0233070019755581,0.4311934174441422,11.12510088160542
Seattle,Water-cooled evaporative,1,17.125193144448993,1.1806652775159978,Montgomery County / Clarksville,Water-cooled evaporative,4,17.495966388685023,0.10614035284181425,2.1191927099026464,11.123623069876134
Seattle,Water-cooled evaporative,3,17.249131712627936,1.1438702157795326,Forest City,Water-cooled evaporative,3,17.37517355832884,12.70987772498829,0.7254134485493258,11.111293527584923
Seattle,Water-cooled evaporative,6,17.548201323721468,1.4555128445111398,Montgomery County / Clarksville,Water-cooled evaporative,12,17.126348403620877,0.13125244922250706,2.403966721821994,11.089414735748411
Henrico,Water-cooled evaporative,4,17.502653145767887,0.1839295959169961,Kansas City,Water-cooled evaporative,9,17.847691993264707,0.0166267092563554,1.9332407104909108,11.062296999431249
Forest City,Water-cooled evaporative,11,17.332512831225806,22.852894043752038,Fort Wayne,Water-cooled evaporative,3,17.05927373968985,2.0677764897661115,1.5764539983129016,11.051916953721122
Atlanta,Water-cooled evaporative,2,17.19450877402098,0.7840678433968516,Fort Wayne,Water-cooled evaporative,10,17.377248463785236,8.651257190054936,1.0516031358191715,11.033812013734314
Montgomery County / Clarksville,Water-cooled evaporative,11,17.326333368954696,0.20594604712632414,Fort Wayne,Water-cooled evaporative,4,17.29611907595038,2.2662366496044477,0.1743836526801147,11.00403081887934
Mayes County,Water-cooled evaporative,5,17.821497966615873,2.266069287350972,Montgomery County / Clarksville,Water-cooled evaporative,11,17.326333368954696,0.20594604712632414,2.7784678851841957,11.00321816791657
Atlanta,Water-cooled evaporative,10,17.631360911378515,0.7507609580400378,Montgomery County / Clarksville,Water-cooled evaporative,3,17.386294144336638,0.06840600668931116,1.3899481059554581,10.975073599163167
Henrico,Water-cooled evaporative,11,17.314232307912096,0.5899915641596294,New Albany,Water-cooled evaporative,4,17.360773418512416,6.453821140580956,0.2680820115461622,10.938836303148898
Henrico,Water-cooled evaporative,11,17.314232307912096,0.5899915641596294,New Albany,Water-cooled evaporative,2,16.87703640074658,6.446942234838222,2.5250666584029324,10.927176974167589
Henrico,Water-cooled evaporative,12,17.17315705786896,0.4764154514832484,Fort Wayne,Water-cooled evaporative,2,16.799944420034144,5.202059116517799,2.1732325429575226,10.91916540557609
Henrico,Water-cooled evaporative,5,17.76193221788505,0.2603086423781433,Fort Wayne,Water-cooled evaporative,5,17.64714703608572,2.8409254489710696,0.6462426519325966,10.913680863673111
Atlanta,Water-cooled evaporative,11,17.376695685310406,0.7927291293276406,Fort Wayne,Water-cooled evaporative,10,17.377248463785236,8.651257190054936,0.0031810471950278604,10.91325759328734
Atlanta,Water-cooled evaporative,1,17.065796158191247,0.7971616790451956,Fort Wayne,Water-cooled evaporative,10,17.377248463785236,8.651257190054936,1.792299317369291,10.85257535261482
Mayes County,Water-cooled evaporative,4,17.57357699037506,2.231070572978707,Montgomery County / Clarksville,Water-cooled evaporative,11,17.326333368954696,0.20594604712632414,1.4069055011155502,10.83327698739565
Seattle,Water-cooled evaporative,5,17.454861151844938,1.379972735117141,Forest City,Water-cooled evaporative,2,17.18346880757389,14.943569593328107,1.554823850560166,10.82888756643413
Henrico,Water-cooled evaporative,2,17.064803087888635,0.2592927482258607,Mayes County,Water-cooled evaporative,3,17.328948035857564,2.805691263418541,1.524298805803754,10.820554306341815
Atlanta,Water-cooled evaporative,3,17.41115935851971,0.8010068027762554,Fort Wayne,Water-cooled evaporative,10,17.377248463785236,8.651257190054936,0.194765288377434,10.800479047206652
Henrico,Water-cooled evaporative,5,17.76193221788505,0.2603086423781433,Mayes County,Water-cooled evaporative,3,17.328948035857564,2.805691263418541,2.437708784810587,10.778325443927404
Seattle,Water-cooled evaporative,3,17.249131712627936,1.1438702157795326,Montgomery County / Clarksville,Water-cooled evaporative,4,17.495966388685023,0.10614035284181425,1.4108090434874185,10.77695885827979
Seattle,Water-cooled evaporative,3,17.249131712627936,1.1438702157795326,Forest City,Water-cooled evaporative,4,17.53766580277945,12.316581211122307,1.6452251593583611,10.76746386191087
Seattle,Water-cooled evaporative,1,17.125193144448993,1.1806652775159978,Forest City,Water-cooled evaporative,3,17.37517355832884,12.70987772498829,1.4387218236448516,10.765013562293124
Kansas City,Water-cooled evaporative,6,18.04172106591572,0.0148282923279255,Montgomery County / Clarksville,Water-cooled evaporative,8,18.225878581836163,0.15943836333341305,1.0104177699503265,10.752307805070005
Kansas City,Water-cooled evaporative,10,17.474312529217023,0.0192033059303433,Montgomery County / Clarksville,Water-cooled evaporative,11,17.326333368954696,0.20594604712632414,0.8468382376411452,10.724510033499342
Seattle,Water-cooled evaporative,9,17.590738175367985,2.2074385722956293,Montgomery County / Clarksville,Water-cooled evaporative,11,17.326333368954696,0.20594604712632414,1.5030910231131205,10.718528484023878
Henrico,Water-cooled evaporative,11,17.314232307912096,0.5899915641596294,New Albany,Water-cooled evaporative,3,17.140821915955286,6.311753558576083,1.0015482573695582,10.698040348367355
Atlanta,Climate-responsive hybrid,11,1.7671340336477637,0.0806170890754026,Fort Wayne,Climate-responsive hybrid,10,1.7308224316393117,0.8616893541940106,2.0548300987388384,10.688668669096414
Seattle,Water-cooled evaporative,6,17.548201323721468,1.4555128445111398,Forest City,Water-cooled evaporative,1,17.06378807311401,15.519826402403526,2.760472379312357,10.662789037506666
Seattle,Water-cooled evaporative,10,17.40923985865238,1.5614516299414214,Montgomery County / Clarksville,Water-cooled evaporative,5,17.821154768270667,0.14664534676849442,2.3113816976196846,10.647808910066875
Kansas City,Water-cooled evaporative,5,17.73642893578077,0.0150073823564826,Montgomery County / Clarksville,Water-cooled evaporative,8,18.225878581836163,0.15943836333341305,2.685465306145395,10.623995547400838
Atlanta,Water-cooled evaporative,10,17.631360911378515,0.7507609580400378,Fort Wayne,Water-cooled evaporative,8,17.982517090353113,7.967996641116271,1.9527643277646556,10.61322722736914
Seattle,Water-cooled evaporative,2,17.173377966103345,1.2003307510335863,Forest City,Water-cooled evaporative,3,17.37517355832884,12.70987772498829,1.1614018792276342,10.588646266076255
Seattle,Climate-responsive hybrid,9,1.617259469395102,0.20294776140504,Forest City,Climate-responsive hybrid,11,1.6269609430752712,2.145145738962798,0.596294196333417,10.569940383237583
Seattle,Water-cooled evaporative,8,17.708893461695116,2.1745776179476533,Montgomery County / Clarksville,Water-cooled evaporative,11,17.326333368954696,0.20594604712632414,2.160271016186917,10.558967497996214
Henrico,Water-cooled evaporative,6,17.971922725305266,0.5784052032193264,New Albany,Water-cooled evaporative,5,17.607896950391954,6.099115392109956,2.0255249283970467,10.544710452401
Seattle,Water-cooled evaporative,5,17.454861151844938,1.379972735117141,Montgomery County / Clarksville,Water-cooled evaporative,12,17.126348403620877,0.13125244922250706,1.8820702460262044,10.513881784999898
Seattle,Water-cooled evaporative,8,17.708893461695116,2.1745776179476533,Forest City,Water-cooled evaporative,11,17.332512831225806,22.852894043752038,2.1253763329901596,10.509118577850716
Atlanta,Water-cooled evaporative,7,18.187990649858357,0.7582102707736409,Fort Wayne,Water-cooled evaporative,8,17.982517090353113,7.967996641116271,1.1297210530886415,10.508953714101121
Atlanta,Water-cooled evaporative,5,17.830684138680336,0.8268216358804037,Fort Wayne,Water-cooled evaporative,10,17.377248463785236,8.651257190054936,2.5430077240359865,10.463268998570696
Seattle,Water-cooled evaporative,12,17.166734198946635,1.2174132739277843,Forest City,Water-cooled evaporative,3,17.37517355832884,12.70987772498829,1.1996390060937736,10.440068296595744
Seattle,Water-cooled evaporative,1,17.125193144448993,1.1806652775159978,Forest City,Water-cooled evaporative,4,17.53766580277945,12.316581211122307,2.351924497643736,10.431899239922739
Henrico,Water-cooled evaporative,6,17.971922725305266,0.5784052032193264,New Albany,Water-cooled evaporative,8,17.973948046279865,6.021781884775739,0.011268091848183002,10.411009187433484
Atlanta,Water-cooled evaporative,8,18.243874995696743,0.7660284885937908,Fort Wayne,Water-cooled evaporative,8,17.982517090353113,7.967996641116271,1.4325789088407876,10.401697534439265
Seattle,Water-cooled evaporative,9,17.590738175367985,2.2074385722956293,Forest City,Water-cooled evaporative,11,17.332512831225806,22.852894043752038,1.4679619557055754,10.352674964805988
Seattle,Water-cooled evaporative,3,17.249131712627936,1.1438702157795326,Fort Wayne,Water-cooled evaporative,9,17.754465867605767,11.829776833810485,2.846236877786606,10.341887279361186
Henrico,Water-cooled evaporative,11,17.314232307912096,0.5899915641596294,New Albany,Water-cooled evaporative,5,17.607896950391954,6.099115392109956,1.667800778862012,10.337631523253044
Henrico,Water-cooled evaporative,2,17.064803087888635,0.2592927482258607,Kansas City,Water-cooled evaporative,2,16.881328443209075,0.0250908454456192,1.0751641477174556,10.334157483367408
Council Bluffs,Water-cooled evaporative,12,16.848479469873773,0.0462184965543775,Henrico,Water-cooled evaporative,12,17.17315705786896,0.4764154514832484,1.8906109511553952,10.307895907490863
Council Bluffs,Water-cooled evaporative,1,16.786137022735872,0.046218602077775,Henrico,Water-cooled evaporative,12,17.17315705786896,0.4764154514832484,2.2536335854201583,10.30787237315299
Atlanta,Water-cooled evaporative,3,17.41115935851971,0.8010068027762554,Montgomery County / Clarksville,Water-cooled evaporative,2,17.033207441225265,0.0778148194990946,2.1707452646426146,10.29375648407917
Atlanta,Climate-responsive hybrid,1,0.3747845878689035,0.0175065908778264,Montgomery County / Clarksville,Climate-responsive hybrid,2,0.37240993701899694,0.0017013244351539389,0.6336041893849703,10.28997792313632
Henrico,Water-cooled evaporative,6,17.971922725305266,0.5784052032193264,Mayes County,Water-cooled evaporative,10,17.611557906068775,5.949134315685416,2.005154510981071,10.285409402566447
Henrico,Water-cooled evaporative,6,17.971922725305266,0.5784052032193264,New Albany,Water-cooled evaporative,7,18.03482783797511,5.944723850658858,0.3487979659965994,10.277784185846386
Seattle,Water-cooled evaporative,6,17.548201323721468,1.4555128445111398,Forest City,Water-cooled evaporative,2,17.18346880757389,14.943569593328107,2.07846097397193,10.266875795484426
Atlanta,Water-cooled evaporative,9,17.983196012479553,0.7762135543356912,Fort Wayne,Water-cooled evaporative,8,17.982517090353113,7.967996641116271,0.0037753140541241224,10.26521193376421
Seattle,Water-cooled evaporative,2,17.173377966103345,1.2003307510335863,Forest City,Water-cooled evaporative,4,17.53766580277945,12.316581211122307,2.077174013763971,10.260989481871299
Mayes County,Climate-responsive hybrid,5,3.749766396190439,0.4767966464471914,Montgomery County / Clarksville,Climate-responsive hybrid,10,3.640947903271974,0.04653901295627046,2.902007256479197,10.245095805860874
Atlanta,Water-cooled evaporative,1,17.065796158191247,0.7971616790451956,Montgomery County / Clarksville,Water-cooled evaporative,2,17.033207441225265,0.0778148194990946,0.19095925360821947,10.244342712309072
Mayes County,Water-cooled evaporative,4,17.57357699037506,2.231070572978707,Forest City,Water-cooled evaporative,11,17.332512831225806,22.852894043752038,1.3717421290001623,10.243017106016996
Atlanta,Water-cooled evaporative,11,17.376695685310406,0.7927291293276406,Montgomery County / Clarksville,Water-cooled evaporative,2,17.033207441225265,0.0778148194990946,1.976717842711098,10.187379915940873
Council Bluffs,Water-cooled evaporative,6,18.065271663687067,0.0255542662498215,Henrico,Water-cooled evaporative,5,17.76193221788505,0.2603086423781433,1.6791302751995605,10.186504274211417
Henrico,Climate-responsive hybrid,6,6.029480425599063,0.1940517386025172,New Albany,Climate-responsive hybrid,6,6.134218033425603,1.9742259536566504,1.7074321006495172,10.173709176090016
Seattle,Water-cooled evaporative,11,17.292650708839894,1.2495704990225598,Forest City,Water-cooled evaporative,3,17.37517355832884,12.70987772498829,0.47494690750521035,10.17139707998086
Council Bluffs,Water-cooled evaporative,2,16.780793662112494,0.0468668477096319,Henrico,Water-cooled evaporative,12,17.17315705786896,0.4764154514832484,2.2847481941398744,10.165297534729165
Henrico,Water-cooled evaporative,12,17.17315705786896,0.4764154514832484,Fort Wayne,Water-cooled evaporative,1,16.75566997613035,4.84178592905253,2.4310444511267786,10.162948984921359
Mayes County,Water-cooled evaporative,7,18.31109635555001,2.5031364776930545,Montgomery County / Clarksville,Water-cooled evaporative,6,18.08988933307039,0.2464654370419071,1.2080490331348979,10.15613591802505
Henrico,Water-cooled evaporative,1,16.972151884988754,0.3445485859877428,Mayes County,Water-cooled evaporative,2,17.03489650235795,3.4988698853981868,0.36832990068656607,10.154939035282117
Henrico,Water-cooled evaporative,2,17.064803087888635,0.2592927482258607,Kansas City,Water-cooled evaporative,12,16.885069121742546,0.0255611534895248,1.053243715854245,10.144015931523642
Seattle,Water-cooled evaporative,12,17.166734198946635,1.2174132739277843,Forest City,Water-cooled evaporative,4,17.53766580277945,12.316581211122307,2.1150568610677283,10.117009133131
Mayes County,Water-cooled evaporative,9,17.925119247041305,3.3010240931505765,Forest City,Water-cooled evaporative,9,17.970017364380077,33.386214972073056,0.2498501611232046,10.113896181899252
Forest City,Water-cooled evaporative,6,17.995629734477507,28.706840078736402,Fort Wayne,Water-cooled evaporative,5,17.64714703608572,2.8409254489710696,1.9364851551937408,10.104749524185326
Atlanta,Water-cooled evaporative,6,18.028496874075547,0.7898038468567355,Fort Wayne,Water-cooled evaporative,8,17.982517090353113,7.967996641116271,0.25503947469159893,10.088576641943863
Mayes County,Water-cooled evaporative,5,17.821497966615873,2.266069287350972,Forest City,Water-cooled evaporative,11,17.332512831225806,22.852894043752038,2.743793682809707,10.084816987421863
Forest City,Water-cooled evaporative,11,17.332512831225806,22.852894043752038,Fort Wayne,Water-cooled evaporative,4,17.29611907595038,2.2662366496044477,0.20997391220654688,10.084072220675107
Henrico,Water-cooled evaporative,11,17.314232307912096,0.5899915641596294,Mayes County,Water-cooled evaporative,10,17.611557906068775,5.949134315685416,1.6882413227862318,10.083422674287265
Atlanta,Water-cooled evaporative,2,17.19450877402098,0.7840678433968516,Montgomery County / Clarksville,Water-cooled evaporative,2,17.033207441225265,0.0778148194990946,0.938097941125395,10.076073535144221
Montgomery County / Clarksville,Water-cooled evaporative,10,17.610932406961034,0.22510495432330285,Fort Wayne,Water-cooled evaporative,4,17.29611907595038,2.2662366496044477,1.787601722247363,10.067466779738695
Mayes County,Water-cooled evaporative,5,17.821497966615873,2.266069287350972,Montgomery County / Clarksville,Water-cooled evaporative,10,17.610932406961034,0.22510495432330285,1.181525593691848,10.066723294309957
Atlanta,Water-cooled evaporative,10,17.631360911378515,0.7507609580400378,Fort Wayne,Water-cooled evaporative,11,17.11463249756379,7.5413614034547445,2.9307347085229885,10.044956817070615
Montgomery County / Clarksville,Water-cooled evaporative,11,17.326333368954696,0.20594604712632414,Fort Wayne,Water-cooled evaporative,3,17.05927373968985,2.0677764897661115,1.541351095918328,10.04037959756406
Kansas City,Water-cooled evaporative,10,17.474312529217023,0.0192033059303433,Montgomery County / Clarksville,Water-cooled evaporative,9,17.929409655793705,0.19265116217094047,2.538271673822913,10.032187315546059
Henrico,Water-cooled evaporative,10,17.56483916631861,0.8624373261930341,Fort Wayne,Water-cooled evaporative,10,17.377248463785236,8.651257190054936,1.0679898674682298,10.031172036863556
Council Bluffs,Water-cooled evaporative,3,17.0513355964971,0.0475899670194202,Henrico,Water-cooled evaporative,12,17.17315705786896,0.4764154514832484,0.7093713809368473,10.010838025772028
Seattle,Water-cooled evaporative,4,17.354130306973452,1.3137358722983885,Montgomery County / Clarksville,Water-cooled evaporative,12,17.126348403620877,0.13125244922250706,1.3125515328246962,10.009229390236095
Atlanta,Water-cooled evaporative,4,17.602846437659863,0.8648748435260727,Fort Wayne,Water-cooled evaporative,10,17.377248463785236,8.651257190054936,1.2815993974246067,10.002900714262866
Henrico,Water-cooled evaporative,6,17.971922725305266,0.5784052032193264,Fort Wayne,Water-cooled evaporative,7,17.95146502148568,5.777467960620443,0.11383146996720046,9.988616852794244
Henrico,Water-cooled evaporative,6,17.971922725305266,0.5784052032193264,New Albany,Water-cooled evaporative,6,17.889797109319222,5.757620868123333,0.4569662202609376,9.954303377765589
Atlanta,Water-cooled evaporative,12,17.20455766710506,0.7745463045407869,Montgomery County / Clarksville,Water-cooled evaporative,2,17.033207441225265,0.0778148194990946,0.9959583338048562,9.953712024607329
Henrico,Water-cooled evaporative,3,17.255202194642898,0.2279145531388211,Fort Wayne,Water-cooled evaporative,4,17.29611907595038,2.2662366496044477,0.23656683402680095,9.943360870966846
Seattle,Water-cooled evaporative,10,17.40923985865238,1.5614516299414214,Forest City,Water-cooled evaporative,1,17.06378807311401,15.519826402403526,1.9843013729670678,9.9393577775994
Henrico,Water-cooled evaporative,2,17.064803087888635,0.2592927482258607,Kansas City,Water-cooled evaporative,11,17.080305828668926,0.0261044868741696,0.09076383605655869,9.932880484328958
Seattle,Water-cooled evaporative,6,17.548201323721468,1.4555128445111398,Montgomery County / Clarksville,Water-cooled evaporative,5,17.821154768270667,0.14664534676849442,1.5316260259137264,9.925393997048703
Mayes County,Water-cooled evaporative,4,17.57357699037506,2.231070572978707,Montgomery County / Clarksville,Water-cooled evaporative,10,17.610932406961034,0.22510495432330285,0.2121149279478753,9.91124597717371
Kansas City,Water-cooled evaporative,6,18.04172106591572,0.0148282923279255,Montgomery County / Clarksville,Water-cooled evaporative,5,17.821154768270667,0.14664534676849442,1.2225346841313574,9.889564052653817
Seattle,Water-cooled evaporative,11,17.292650708839894,1.2495704990225598,Forest City,Water-cooled evaporative,4,17.53766580277945,12.316581211122307,1.3970792732333048,9.856651722137002
Henrico,Water-cooled evaporative,7,18.240049204659343,0.8095718691530903,Fort Wayne,Water-cooled evaporative,8,17.982517090353113,7.967996641116271,1.4119047126278814,9.842235068582305
Forest City,Water-cooled evaporative,8,18.178730541556863,47.387271201364186,Fort Wayne,Water-cooled evaporative,6,17.801545760713267,4.8202201951417925,2.0748686492785917,9.83093495378591
Mayes County,Water-cooled evaporative,8,18.242584178594516,2.4209009003944426,Montgomery County / Clarksville,Water-cooled evaporative,6,18.08988933307039,0.2464654370419071,0.8370242068187718,9.822476244337704
Seattle,Water-cooled evaporative,9,17.590738175367985,2.2074385722956293,Montgomery County / Clarksville,Water-cooled evaporative,10,17.610932406961034,0.22510495432330285,0.1146687246671088,9.806263833381633
Henrico,Water-cooled evaporative,3,17.255202194642898,0.2279145531388211,Mayes County,Water-cooled evaporative,4,17.57357699037506,2.231070572978707,1.8116675728938585,9.78906586811847
Henrico,Water-cooled evaporative,8,18.13923918554841,1.2094493152781127,Fort Wayne,Water-cooled evaporative,9,17.754465867605767,11.829776833810485,2.121220818617311,9.781126570889189
Council Bluffs,Water-cooled evaporative,5,17.678164559991735,0.0266189030219744,Henrico,Water-cooled evaporative,5,17.76193221788505,0.2603086423781433,0.4716134307109142,9.779089775534839
Henrico,Water-cooled evaporative,3,17.255202194642898,0.2279145531388211,Kansas City,Water-cooled evaporative,3,17.138704051594342,0.0233070019755581,0.6751479451496921,9.778801811482815
Kansas City,Water-cooled evaporative,5,17.73642893578077,0.0150073823564826,Montgomery County / Clarksville,Water-cooled evaporative,5,17.821154768270667,0.14664534676849442,0.475422797184538,9.771547314855304
Atlanta,Water-cooled evaporative,12,17.20455766710506,0.7745463045407869,Fort Wayne,Water-cooled evaporative,11,17.11463249756379,7.5413614034547445,0.5226822524661988,9.736488779616433
Henrico,Water-cooled evaporative,3,17.255202194642898,0.2279145531388211,Seattle,Water-cooled evaporative,9,17.590738175367985,2.2074385722956293,1.9074582168185101,9.685377883487302
Mayes County,Water-cooled evaporative,3,17.328948035857564,2.805691263418541,Forest City,Water-cooled evaporative,10,17.551068348095612,27.173213441099055,1.265565764047341,9.685033344684678
Seattle,Water-cooled evaporative,4,17.354130306973452,1.3137358722983885,Forest City,Water-cooled evaporative,3,17.37517355832884,12.70987772498829,0.12111102824236095,9.674606587968315
Seattle,Water-cooled evaporative,8,17.708893461695116,2.1745776179476533,Montgomery County / Clarksville,Water-cooled evaporative,10,17.610932406961034,0.22510495432330285,0.5531743411635215,9.660283242031431
Kansas City,Water-cooled evaporative,3,17.138704051594342,0.0233070019755581,Montgomery County / Clarksville,Water-cooled evaporative,10,17.610932406961034,0.22510495432330285,2.6814500473582834,9.658254397514058
Council Bluffs,Water-cooled evaporative,11,17.14229831979521,0.0493426049820603,Henrico,Water-cooled evaporative,12,17.17315705786896,0.4764154514832484,0.17969170123911538,9.6552553651446
Council Bluffs,Water-cooled evaporative,9,17.812899523243495,0.0269707448142641,Henrico,Water-cooled evaporative,5,17.76193221788505,0.2603086423781433,0.2861258229854081,9.651518494234281
Council Bluffs,Water-cooled evaporative,6,18.065271663687067,0.0255542662498215,Montgomery County / Clarksville,Water-cooled evaporative,6,18.08988933307039,0.2464654370419071,0.13608524037964906,9.644786300355179
Atlanta,Water-cooled evaporative,5,17.830684138680336,0.8268216358804037,Fort Wayne,Water-cooled evaporative,8,17.982517090353113,7.967996641116271,0.8443364792030642,9.636899054572888
Council Bluffs,Water-cooled evaporative,7,18.12470824694942,0.0270372073180772,Henrico,Water-cooled evaporative,5,17.76193221788505,0.2603086423781433,2.0015551374485145,9.627793259701779
Atlanta,Water-cooled evaporative,2,17.19450877402098,0.7840678433968516,Fort Wayne,Water-cooled evaporative,11,17.11463249756379,7.5413614034547445,0.4645452656250126,9.618251107943635
Henrico,Water-cooled evaporative,5,17.76193221788505,0.2603086423781433,Mayes County,Water-cooled evaporative,7,18.31109635555001,2.5031364776930545,2.9990784112635094,9.616032932386533
Henrico,Water-cooled evaporative,2,17.064803087888635,0.2592927482258607,Kansas City,Water-cooled evaporative,1,16.852532170914774,0.0270125979043672,1.2439107318180258,9.598956351545148
Kansas City,Water-cooled evaporative,9,17.847691993264707,0.0166267092563554,Montgomery County / Clarksville,Water-cooled evaporative,8,18.225878581836163,0.15943836333341305,2.074997849203029,9.58929159553742
Henrico,Water-cooled evaporative,4,17.502653145767887,0.1839295959169961,Kansas City,Water-cooled evaporative,10,17.474312529217023,0.0192033059303433,0.16192183159223747,9.57801727390946
Seattle,Water-cooled evaporative,10,17.40923985865238,1.5614516299414214,Forest City,Water-cooled evaporative,2,17.18346880757389,14.943569593328107,1.2968461168411145,9.57030580184461
Forest City,Water-cooled evaporative,10,17.551068348095612,27.173213441099055,Fort Wayne,Water-cooled evaporative,5,17.64714703608572,2.8409254489710696,0.5444431770962277,9.564916056118504
Kansas City,Water-cooled evaporative,7,18.113247036624024,0.0166839666755964,Montgomery County / Clarksville,Water-cooled evaporative,8,18.225878581836163,0.15943836333341305,0.6179759439656701,9.556382270088275
Henrico,Water-cooled evaporative,3,17.255202194642898,0.2279145531388211,Seattle,Water-cooled evaporative,8,17.708893461695116,2.1745776179476533,2.561940236602394,9.541196856451434
Seattle,Water-cooled evaporative,11,17.292650708839894,1.2495704990225598,Montgomery County / Clarksville,Water-cooled evaporative,12,17.126348403620877,0.13125244922250706,0.9616935426447003,9.520359478429333
Atlanta,Water-cooled evaporative,11,17.376695685310406,0.7927291293276406,Fort Wayne,Water-cooled evaporative,11,17.11463249756379,7.5413614034547445,1.5081301560005689,9.513162976426777
Seattle,Water-cooled evaporative,11,17.292650708839894,1.2495704990225598,Fort Wayne,Water-cooled evaporative,9,17.754465867605767,11.829776833810485,2.6011211050200402,9.467074361201696
Atlanta,Water-cooled evaporative,1,17.065796158191247,0.7971616790451956,Fort Wayne,Water-cooled evaporative,11,17.11463249756379,7.5413614034547445,0.2853484547768926,9.460265842792955
Atlanta,Water-cooled evaporative,10,17.631360911378515,0.7507609580400378,New Albany,Water-cooled evaporative,10,17.342821927071753,7.088610837405631,1.6365099991830514,9.441901262302451
Atlanta,Water-cooled evaporative,10,17.631360911378515,0.7507609580400378,New Albany,Water-cooled evaporative,11,17.184289368160883,7.081530635583124,2.5356610046426504,9.432470561695709
Atlanta,Water-cooled evaporative,3,17.41115935851971,0.8010068027762554,Fort Wayne,Water-cooled evaporative,11,17.11463249756379,7.5413614034547445,1.7030851010551677,9.41485312898306
Seattle,Water-cooled evaporative,5,17.454861151844938,1.379972735117141,Montgomery County / Clarksville,Water-cooled evaporative,5,17.821154768270667,0.14664534676849442,2.055386540258824,9.410272917119366
Seattle,Water-cooled evaporative,4,17.354130306973452,1.3137358722983885,Forest City,Water-cooled evaporative,4,17.53766580277945,12.316581211122307,1.0465217998219039,9.375233995532433
Atlanta,Water-cooled evaporative,12,17.20455766710506,0.7745463045407869,New Albany,Water-cooled evaporative,12,16.9650384555364,7.223122576219711,1.392184653643362,9.325617505207978
Henrico,Water-cooled evaporative,5,17.76193221788505,0.2603086423781433,Mayes County,Water-cooled evaporative,8,18.242584178594516,2.4209009003944426,2.6347800070642027,9.300117269551373
Council Bluffs,Water-cooled evaporative,8,18.17576209587628,0.0280341972757222,Henrico,Water-cooled evaporative,5,17.76193221788505,0.2603086423781433,2.276822703820048,9.285396682414456
Seattle,Water-cooled evaporative,12,17.166734198946635,1.2174132739277843,Montgomery County / Clarksville,Water-cooled evaporative,12,17.126348403620877,0.13125244922250706,0.23525613467141535,9.275356621071138
Kansas City,Water-cooled evaporative,8,18.109453309300104,0.0171914066393065,Montgomery County / Clarksville,Water-cooled evaporative,8,18.225878581836163,0.15943836333341305,0.638791002657551,9.274305859816762
Council Bluffs,Water-cooled evaporative,4,17.399657086027492,0.0281100447894364,Henrico,Water-cooled evaporative,5,17.76193221788505,0.2603086423781433,2.0396155520330828,9.260342497780929
Council Bluffs,Water-cooled evaporative,5,17.678164559991735,0.0266189030219744,Montgomery County / Clarksville,Water-cooled evaporative,6,18.08988933307039,0.2464654370419071,2.2759938742465,9.259038091781816
Henrico,Water-cooled evaporative,10,17.56483916631861,0.8624373261930341,Fort Wayne,Water-cooled evaporative,8,17.982517090353113,7.967996641116271,2.322688875733479,9.238928324552644
Council Bluffs,Water-cooled evaporative,4,17.399657086027492,0.0281100447894364,Henrico,Water-cooled evaporative,2,17.064803087888635,0.2592927482258607,1.924486192361553,9.224202599751868
Henrico,Water-cooled evaporative,1,16.972151884988754,0.3445485859877428,Mayes County,Water-cooled evaporative,12,17.04331351118919,3.174402907106473,0.41753398571068273,9.213222855076241
Atlanta,Water-cooled evaporative,4,17.602846437659863,0.8648748435260727,Fort Wayne,Water-cooled evaporative,8,17.982517090353113,7.967996641116271,2.1113320831872167,9.212889819561582
Atlanta,Water-cooled evaporative,2,17.19450877402098,0.7840678433968516,New Albany,Water-cooled evaporative,12,16.9650384555364,7.223122576219711,1.3345558253532932,9.212369359425148
Seattle,Water-cooled evaporative,5,17.454861151844938,1.379972735117141,Forest City,Water-cooled evaporative,3,17.37517355832884,12.70987772498829,0.4565352472464414,9.210238290620572
Kansas City,Water-cooled evaporative,4,17.39951136286369,0.0159390041801391,Montgomery County / Clarksville,Water-cooled evaporative,5,17.821154768270667,0.14664534676849442,2.3659712902425496,9.200408326087448
Mayes County,Water-cooled evaporative,5,17.821497966615873,2.266069287350972,Montgomery County / Clarksville,Water-cooled evaporative,6,18.08988933307039,0.2464654370419071,1.4836539987221797,9.194268026172232
Henrico,Water-cooled evaporative,11,17.314232307912096,0.5899915641596294,Fort Wayne,Water-cooled evaporative,12,16.830439289174144,5.42128023027673,2.7941927203834083,9.18874194074059
Henrico,Water-cooled evaporative,4,17.502653145767887,0.1839295959169961,Seattle,Water-cooled evaporative,7,17.641672799526734,1.6856059412636832,0.7880185475527962,9.164408440414151
Atlanta,Water-cooled evaporative,12,17.20455766710506,0.7745463045407869,New Albany,Water-cooled evaporative,10,17.342821927071753,7.088610837405631,0.7972419975717194,9.151952305302558
Seattle,Water-cooled evaporative,2,17.173377966103345,1.2003307510335863,Montgomery County / Clarksville,Water-cooled evaporative,12,17.126348403620877,0.13125244922250706,0.27385155427950425,9.145206494384826
Atlanta,Water-cooled evaporative,12,17.20455766710506,0.7745463045407869,New Albany,Water-cooled evaporative,11,17.184289368160883,7.081530635583124,0.1178077305813585,9.142811209694717
Council Bluffs,Water-cooled evaporative,9,17.812899523243495,0.0269707448142641,Montgomery County / Clarksville,Water-cooled evaporative,6,18.08988933307039,0.2464654370419071,1.5311857619854248,9.138251047170124
Forest City,Water-cooled evaporative,12,17.161058771530662,18.876077953995914,Fort Wayne,Water-cooled evaporative,3,17.05927373968985,2.0677764897661115,0.5931162709475042,9.128683901484443
Council Bluffs,Water-cooled evaporative,7,18.12470824694942,0.0270372073180772,Montgomery County / Clarksville,Water-cooled evaporative,6,18.08988933307039,0.2464654370419071,0.19210744473579516,9.115787519856726
Atlanta,Water-cooled evaporative,11,17.376695685310406,0.7927291293276406,New Albany,Water-cooled evaporative,12,16.9650384555364,7.223122576219711,2.369019042682571,9.111715854753639
Henrico,Water-cooled evaporative,3,17.255202194642898,0.2279145531388211,Kansas City,Water-cooled evaporative,2,16.881328443209075,0.0250908454456192,2.166730631240573,9.083574072176768
Henrico,Water-cooled evaporative,3,17.255202194642898,0.2279145531388211,Fort Wayne,Water-cooled evaporative,3,17.05927373968985,2.0677764897661115,1.135474697676255,9.072595239263391
Atlanta,Water-cooled evaporative,1,17.065796158191247,0.7971616790451956,New Albany,Water-cooled evaporative,12,16.9650384555364,7.223122576219711,0.5904072785170609,9.061050933696714
Mayes County,Water-cooled evaporative,4,17.57357699037506,2.231070572978707,Montgomery County / Clarksville,Water-cooled evaporative,6,18.08988933307039,0.2464654370419071,2.854148708093261,9.052265501224632
Seattle,Water-cooled evaporative,8,17.708893461695116,2.1745776179476533,Forest City,Water-cooled evaporative,5,17.79722792614906,19.6710405684225,0.4963383332533244,9.04591328728374
Atlanta,Water-cooled evaporative,2,17.19450877402098,0.7840678433968516,New Albany,Water-cooled evaporative,10,17.342821927071753,7.088610837405631,0.8551846618413264,9.040813109609662
Atlanta,Water-cooled evaporative,2,17.19450877402098,0.7840678433968516,New Albany,Water-cooled evaporative,11,17.184289368160883,7.081530635583124,0.059434125129175085,9.031783021356286
Atlanta,Water-cooled evaporative,3,17.41115935851971,0.8010068027762554,New Albany,Water-cooled evaporative,12,16.9650384555364,7.223122576219711,2.5622699430696554,9.017554596521125
Seattle,Water-cooled evaporative,4,17.354130306973452,1.3137358722983885,Fort Wayne,Water-cooled evaporative,9,17.754465867605767,11.829776833810485,2.254844294486795,9.004684338195181
Seattle,Water-cooled evaporative,1,17.125193144448993,1.1806652775159978,Montgomery County / Clarksville,Water-cooled evaporative,12,17.126348403620877,0.13125244922250706,0.00674550782606052,8.995377111130802
Seattle,Water-cooled evaporative,4,17.354130306973452,1.3137358722983885,Montgomery County / Clarksville,Water-cooled evaporative,5,17.821154768270667,0.14664534676849442,2.6206184019495686,8.958592285729685
Seattle,Water-cooled evaporative,9,17.590738175367985,2.2074385722956293,Montgomery County / Clarksville,Water-cooled evaporative,6,18.08988933307039,0.2464654370419071,2.7592825390584235,8.956381871589944
Atlanta,Water-cooled evaporative,11,17.376695685310406,0.7927291293276406,New Albany,Water-cooled evaporative,10,17.342821927071753,7.088610837405631,0.19493785730095803,8.942034012825909
Mayes County,Water-cooled evaporative,6,18.199521050354782,2.2011470590681332,Forest City,Water-cooled evaporative,5,17.79722792614906,19.6710405684225,2.2104599516253804,8.936722554444106
Atlanta,Water-cooled evaporative,11,17.376695685310406,0.7927291293276406,New Albany,Water-cooled evaporative,11,17.184289368160883,7.081530635583124,1.107266425297277,8.93310258649052
Mayes County,Water-cooled evaporative,6,18.199521050354782,2.2011470590681332,Montgomery County / Clarksville,Water-cooled evaporative,6,18.08988933307039,0.2464654370419071,0.6023879253803591,8.93085491209815
Seattle,Water-cooled evaporative,5,17.454861151844938,1.379972735117141,Forest City,Water-cooled evaporative,4,17.53766580277945,12.316581211122307,0.47215320365717983,8.925235185952276
Henrico,Water-cooled evaporative,9,17.989698810550344,0.9464556701585684,Montgomery County / Clarksville,Water-cooled evaporative,4,17.495966388685023,0.10614035284181425,2.744528560843741,8.917020198426455
Henrico,Water-cooled evaporative,3,17.255202194642898,0.2279145531388211,Kansas City,Water-cooled evaporative,12,16.885069121742546,0.0255611534895248,2.145052076035737,8.916442414549978
Seattle,Water-cooled evaporative,9,17.590738175367985,2.2074385722956293,Forest City,Water-cooled evaporative,5,17.79722792614906,19.6710405684225,1.1602354683432663,8.911251626796378
Atlanta,Water-cooled evaporative,1,17.065796158191247,0.7971616790451956,New Albany,Water-cooled evaporative,10,17.342821927071753,7.088610837405631,1.5973511695237732,8.892312593219547
Atlanta,Water-cooled evaporative,1,17.065796158191247,0.7971616790451956,New Albany,Water-cooled evaporative,11,17.184289368160883,7.081530635583124,0.68954384688831,8.883430829320675
Seattle,Water-cooled evaporative,7,17.641672799526734,1.6856059412636832,Forest City,Water-cooled evaporative,2,17.18346880757389,14.943569593328107,2.5972819990467952,8.865399217877133
Atlanta,Water-cooled evaporative,3,17.41115935851971,0.8010068027762554,New Albany,Water-cooled evaporative,10,17.342821927071753,7.088610837405631,0.392492137030029,8.849626261396043
Atlanta,Water-cooled evaporative,3,17.41115935851971,0.8010068027762554,New Albany,Water-cooled evaporative,11,17.184289368160883,7.081530635583124,1.3030148405816262,8.84078713319143
Kansas City,Water-cooled evaporative,3,17.138704051594342,0.0233070019755581,Montgomery County / Clarksville,Water-cooled evaporative,11,17.326333368954696,0.20594604712632414,1.0829141594178735,8.83623073196194
Seattle,Water-cooled evaporative,8,17.708893461695116,2.1745776179476533,Montgomery County / Clarksville,Water-cooled evaporative,6,18.08988933307039,0.2464654370419071,2.1061260484262263,8.823053017279273
Kansas City,Water-cooled evaporative,9,17.847691993264707,0.0166267092563554,Montgomery County / Clarksville,Water-cooled evaporative,5,17.821154768270667,0.14664534676849442,0.1486871524007421,8.81986594625997
Henrico,Water-cooled evaporative,11,17.314232307912096,0.5899915641596294,Fort Wayne,Water-cooled evaporative,2,16.799944420034144,5.202059116517799,2.9703187454804882,8.817175418308725
Mayes County,Water-cooled evaporative,4,17.57357699037506,2.231070572978707,Forest City,Water-cooled evaporative,5,17.79722792614906,19.6710405684225,1.256661636868709,8.81686164779613
Council Bluffs,Water-cooled evaporative,6,18.065271663687067,0.0255542662498215,Montgomery County / Clarksville,Water-cooled evaporative,10,17.610932406961034,0.22510495432330285,2.514987126594387,8.808899152988799
Council Bluffs,Water-cooled evaporative,8,18.17576209587628,0.0280341972757222,Montgomery County / Clarksville,Water-cooled evaporative,6,18.08988933307039,0.2464654370419071,0.4724575638309787,8.791599581677618
Kansas City,Water-cooled evaporative,7,18.113247036624024,0.0166839666755964,Montgomery County / Clarksville,Water-cooled evaporative,5,17.821154768270667,0.14664534676849442,1.6125892158526989,8.78959719950725
Atlanta,Water-cooled evaporative,10,17.631360911378515,0.7507609580400378,New Albany,Water-cooled evaporative,9,17.744729047966636,6.59353106459328,0.6388834469191991,8.782463970697913
Seattle,Water-cooled evaporative,7,17.641672799526734,1.6856059412636832,Montgomery County / Clarksville,Water-cooled evaporative,9,17.929409655793705,0.19265116217094047,1.6048317361859803,8.749523866188959
Henrico,Water-cooled evaporative,10,17.56483916631861,0.8624373261930341,Fort Wayne,Water-cooled evaporative,11,17.11463249756379,7.5413614034547445,2.5631129581767658,8.74424282717885
Henrico,Water-cooled evaporative,2,17.064803087888635,0.2592927482258607,Fort Wayne,Water-cooled evaporative,4,17.29611907595038,2.2662366496044477,1.3373866533064125,8.74006953572959
Seattle,Water-cooled evaporative,6,17.548201323721468,1.4555128445111398,Forest City,Water-cooled evaporative,3,17.37517355832884,12.70987772498829,0.9860142484160561,8.73223329695667
Henrico,Water-cooled evaporative,3,17.255202194642898,0.2279145531388211,Kansas City,Water-cooled evaporative,11,17.080305828668926,0.0261044868741696,1.0135863028499912,8.730857428358135
Atlanta,Water-cooled evaporative,12,17.20455766710506,0.7745463045407869,New Albany,Water-cooled evaporative,1,16.867860356409007,6.759291788974309,1.9570239305821548,8.726775596691741
Atlanta,Water-cooled evaporative,4,17.602846437659863,0.8648748435260727,Fort Wayne,Water-cooled evaporative,11,17.11463249756379,7.5413614034547445,2.773494285853564,8.719598517525156
Seattle,Water-cooled evaporative,3,17.249131712627936,1.1438702157795326,Montgomery County / Clarksville,Water-cooled evaporative,12,17.126348403620877,0.13125244922250706,0.7118231285646087,8.715039014932017
Henrico,Water-cooled evaporative,5,17.76193221788505,0.2603086423781433,Fort Wayne,Water-cooled evaporative,4,17.29611907595038,2.2662366496044477,2.6225364235183206,8.705960082233258
Henrico,Water-cooled evaporative,5,17.76193221788505,0.2603086423781433,Mayes County,Water-cooled evaporative,5,17.821497966615873,2.266069287350972,0.33423536473984333,8.7053171444808
Henrico,Water-cooled evaporative,12,17.17315705786896,0.4764154514832484,Mayes County,Water-cooled evaporative,11,17.23413316543787,4.143638813801687,0.3538101219456541,8.697532376208802
Mayes County,Water-cooled evaporative,9,17.925119247041305,3.3010240931505765,Forest City,Water-cooled evaporative,6,17.995629734477507,28.706840078736402,0.3918200611847017,8.696343700823434
Atlanta,Water-cooled evaporative,7,18.187990649858357,0.7582102707736409,New Albany,Water-cooled evaporative,9,17.744729047966636,6.59353106459328,2.4371114458164302,8.696177457297646
Mayes County,Water-cooled evaporative,5,17.821497966615873,2.266069287350972,Forest City,Water-cooled evaporative,5,17.79722792614906,19.6710405684225,0.1361840655161386,8.6806880434878
Forest City,Water-cooled evaporative,5,17.79722792614906,19.6710405684225,Fort Wayne,Water-cooled evaporative,4,17.29611907595038,2.2662366496044477,2.815656754400566,8.680046972082952
Henrico,Water-cooled evaporative,11,17.314232307912096,0.5899915641596294,Montgomery County / Clarksville,Water-cooled evaporative,3,17.386294144336638,0.06840600668931116,0.4144749641660411,8.624850253856714
Atlanta,Water-cooled evaporative,2,17.19450877402098,0.7840678433968516,New Albany,Water-cooled evaporative,1,16.867860356409007,6.759291788974309,1.8997252082333629,8.620799648778773
Henrico,Water-cooled evaporative,1,16.972151884988754,0.3445485859877428,Mayes County,Water-cooled evaporative,1,16.97112774996448,2.9657169719923138,0.006034208456380158,8.60754358776506
Atlanta,Water-cooled evaporative,8,18.243874995696743,0.7660284885937908,New Albany,Water-cooled evaporative,9,17.744729047966636,6.59353106459328,2.7359645242463126,8.607422782274217
Henrico,Water-cooled evaporative,2,17.064803087888635,0.2592927482258607,Mayes County,Water-cooled evaporative,4,17.57357699037506,2.231070572978707,2.8951072554271517,8.604446473124273
Atlanta,Water-cooled evaporative,10,17.631360911378515,0.7507609580400378,New Albany,Water-cooled evaporative,4,17.360773418512416,6.453821140580956,1.534694311041376,8.596372882028284
Atlanta,Water-cooled evaporative,5,17.830684138680336,0.8268216358804037,New Albany,Water-cooled evaporative,10,17.342821927071753,7.088610837405631,2.7360824061161906,8.573325285395615
Seattle,Water-cooled evaporative,5,17.454861151844938,1.379972735117141,Fort Wayne,Water-cooled evaporative,9,17.754465867605767,11.829776833810485,1.687489322376507,8.572471421188114
Henrico,Water-cooled evaporative,5,17.76193221788505,0.2603086423781433,Mayes County,Water-cooled evaporative,4,17.57357699037506,2.231070572978707,1.0604433414081496,8.570866309300985
Council Bluffs,Water-cooled evaporative,5,17.678164559991735,0.0266189030219744,Henrico,Water-cooled evaporative,3,17.255202194642898,0.2279145531388211,2.392569454331605,8.562131690801586
Mayes County,Water-cooled evaporative,12,17.04331351118919,3.174402907106473,Forest City,Water-cooled evaporative,10,17.551068348095612,27.173213441099055,2.8930138430092547,8.560102241674148
Council Bluffs,Water-cooled evaporative,10,17.42218299677707,0.0402559269828757,Henrico,Water-cooled evaporative,1,16.972151884988754,0.3445485859877428,2.5830925543117513,8.558952974410671
Seattle,Water-cooled evaporative,9,17.590738175367985,2.2074385722956293,Forest City,Water-cooled evaporative,12,17.161058771530662,18.876077953995914,2.4426456670192254,8.551122640919383
Kansas City,Water-cooled evaporative,8,18.109453309300104,0.0171914066393065,Montgomery County / Clarksville,Water-cooled evaporative,5,17.821154768270667,0.14664534676849442,1.5919781569628155,8.530154038309112
Atlanta,Water-cooled evaporative,11,17.376695685310406,0.7927291293276406,New Albany,Water-cooled evaporative,1,16.867860356409007,6.759291788974309,2.9282628764198706,8.526609580636018
Seattle,Water-cooled evaporative,11,17.292650708839894,1.2495704990225598,Montgomery County / Clarksville,Water-cooled evaporative,5,17.821154768270667,0.14664534676849442,2.965599403085472,8.52103750005261
Henrico,Water-cooled evaporative,2,17.064803087888635,0.2592927482258607,Seattle,Water-cooled evaporative,9,17.590738175367985,2.2074385722956293,2.989840916487567,8.51330624323056
Atlanta,Water-cooled evaporative,9,17.983196012479553,0.7762135543356912,New Albany,Water-cooled evaporative,9,17.744729047966636,6.59353106459328,1.3260544140620545,8.494480710577436
Henrico,Water-cooled evaporative,4,17.502653145767887,0.1839295959169961,Seattle,Water-cooled evaporative,10,17.40923985865238,1.5614516299414214,0.533709297313554,8.489398468781907
Henrico,Water-cooled evaporative,5,17.76193221788505,0.2603086423781433,Seattle,Water-cooled evaporative,9,17.590738175367985,2.2074385722956293,0.9638255591623336,8.480081768045732
Atlanta,Water-cooled evaporative,1,17.065796158191247,0.7971616790451956,New Albany,Water-cooled evaporative,1,16.867860356409007,6.759291788974309,1.1598392477413637,8.479198093252908
Forest City,Water-cooled evaporative,7,18.187688983789265,40.84580884228518,Fort Wayne,Water-cooled evaporative,6,17.801545760713267,4.8202201951417925,2.1231021897293703,8.47384708346994
Seattle,Water-cooled evaporative,6,17.548201323721468,1.4555128445111398,Forest City,Water-cooled evaporative,4,17.53766580277945,12.316581211122307,0.06003761153444075,8.46202165619435
Mayes County,Water-cooled evaporative,4,17.57357699037506,2.231070572978707,Forest City,Water-cooled evaporative,12,17.161058771530662,18.876077953995914,2.3473776515181335,8.460547229034724
Council Bluffs,Water-cooled evaporative,5,17.678164559991735,0.0266189030219744,Montgomery County / Clarksville,Water-cooled evaporative,10,17.610932406961034,0.22510495432330285,0.3803118406469515,8.456582682519807
Henrico,Water-cooled evaporative,5,17.76193221788505,0.2603086423781433,Mayes County,Water-cooled evaporative,6,18.199521050354782,2.2011470590681332,2.404397518258876,8.455912331449168
Henrico,Water-cooled evaporative,3,17.255202194642898,0.2279145531388211,Kansas City,Water-cooled evaporative,1,16.852532170914774,0.0270125979043672,2.333615214622858,8.43734297403411
Henrico,Water-cooled evaporative,9,17.989698810550344,0.9464556701585684,Fort Wayne,Water-cooled evaporative,8,17.982517090353113,7.967996641116271,0.03992129202863036,8.418774267347693
Atlanta,Water-cooled evaporative,10,17.631360911378515,0.7507609580400378,New Albany,Water-cooled evaporative,3,17.140821915955286,6.311753558576083,2.7821958718266413,8.407141435609228
Henrico,Water-cooled evaporative,5,17.76193221788505,0.2603086423781433,Seattle,Water-cooled evaporative,8,17.708893461695116,2.1745776179476533,0.29860915771611934,8.353843337973787
Atlanta,Water-cooled evaporative,6,18.028496874075547,0.7898038468567355,New Albany,Water-cooled evaporative,9,17.744729047966636,6.59353106459328,1.5739960357813312,8.348314699699477
Council Bluffs,Water-cooled evaporative,9,17.812899523243495,0.0269707448142641,Montgomery County / Clarksville,Water-cooled evaporative,10,17.610932406961034,0.22510495432330285,1.1338250463879853,8.346263919424684
Henrico,Water-cooled evaporative,6,17.971922725305266,0.5784052032193264,Fort Wayne,Water-cooled evaporative,6,17.801545760713267,4.8202201951417925,0.9480174558735445,8.333639061877536
Atlanta,Water-cooled evaporative,12,17.20455766710506,0.7745463045407869,New Albany,Water-cooled evaporative,4,17.360773418512416,6.453821140580956,0.8998202305939722,8.332389042133896
Forest City,Water-cooled evaporative,12,17.161058771530662,18.876077953995914,Fort Wayne,Water-cooled evaporative,4,17.29611907595038,2.2662366496044477,0.7808705746453468,8.329261622915935
Council Bluffs,Water-cooled evaporative,7,18.12470824694942,0.0270372073180772,Montgomery County / Clarksville,Water-cooled evaporative,10,17.610932406961034,0.22510495432330285,2.834670952978573,8.325747244346374
Atlanta,Water-cooled evaporative,12,17.20455766710506,0.7745463045407869,New Albany,Water-cooled evaporative,2,16.87703640074658,6.446942234838222,1.9036889683290048,8.32350783554572
Atlanta,Water-cooled evaporative,11,17.376695685310406,0.7927291293276406,New Albany,Water-cooled evaporative,9,17.744729047966636,6.59353106459328,2.0740432928639376,8.317508239145488
Henrico,Water-cooled evaporative,8,18.13923918554841,1.2094493152781127,Montgomery County / Clarksville,Water-cooled evaporative,5,17.821154768270667,0.14664534676849442,1.7535708858790553,8.247444204195869
Kansas City,Water-cooled evaporative,4,17.39951136286369,0.0159390041801391,Montgomery County / Clarksville,Water-cooled evaporative,12,17.126348403620877,0.13125244922250706,1.569946152774349,8.234670606715508
Mayes County,Water-cooled evaporative,9,17.925119247041305,3.3010240931505765,Forest City,Water-cooled evaporative,10,17.551068348095612,27.173213441099055,2.0867414815521172,8.231752533246217
Atlanta,Water-cooled evaporative,3,17.41115935851971,0.8010068027762554,New Albany,Water-cooled evaporative,9,17.744729047966636,6.59353106459328,1.8798240792814402,8.231554390974438
Atlanta,Water-cooled evaporative,2,17.19450877402098,0.7840678433968516,New Albany,Water-cooled evaporative,4,17.360773418512416,6.453821140580956,0.957702980641061,8.231202433479204
Forest City,Water-cooled evaporative,8,18.178730541556863,47.387271201364186,New Albany,Water-cooled evaporative,6,17.889797109319222,5.757620868123333,1.5894037901994036,8.230356302847328
Atlanta,Water-cooled evaporative,2,17.19450877402098,0.7840678433968516,New Albany,Water-cooled evaporative,2,16.87703640074658,6.446942234838222,1.8463590757188015,8.222429078213246
Henrico,Water-cooled evaporative,10,17.56483916631861,0.8624373261930341,New Albany,Water-cooled evaporative,10,17.342821927071753,7.088610837405631,1.2639867473001662,8.219276487830294
Henrico,Water-cooled evaporative,10,17.56483916631861,0.8624373261930341,New Albany,Water-cooled evaporative,11,17.184289368160883,7.081530635583124,2.1665430269777173,8.211066961633462
Kansas City,Water-cooled evaporative,2,16.881328443209075,0.0250908454456192,Montgomery County / Clarksville,Water-cooled evaporative,11,17.326333368954696,0.20594604712632414,2.5683733324846485,8.208015452196802
Forest City,Water-cooled evaporative,8,18.178730541556863,47.387271201364186,Fort Wayne,Water-cooled evaporative,7,17.95146502148568,5.777467960620443,1.2501726649814693,8.202082906276344
Atlanta,Water-cooled evaporative,4,17.602846437659863,0.8648748435260727,New Albany,Water-cooled evaporative,10,17.342821927071753,7.088610837405631,1.4771730896419608,8.196111715431039
Atlanta,Water-cooled evaporative,4,17.602846437659863,0.8648748435260727,New Albany,Water-cooled evaporative,11,17.184289368160883,7.081530635583124,2.3777806105466657,8.187925326526903
Seattle,Water-cooled evaporative,7,17.641672799526734,1.6856059412636832,Montgomery County / Clarksville,Water-cooled evaporative,11,17.326333368954696,0.20594604712632414,1.7874689897915903,8.184696743559048
Henrico,Water-cooled evaporative,11,17.314232307912096,0.5899915641596294,Fort Wayne,Water-cooled evaporative,6,17.801545760713267,4.8202201951417925,2.7374783030170162,8.169981552206776
Atlanta,Water-cooled evaporative,12,17.20455766710506,0.7745463045407869,New Albany,Water-cooled evaporative,3,17.140821915955286,6.311753558576083,0.3704585283912112,8.148968656326101
Atlanta,Water-cooled evaporative,4,17.602846437659863,0.8648748435260727,Montgomery County / Clarksville,Water-cooled evaporative,4,17.495966388685023,0.10614035284181425,0.6071748075139671,8.148407465867715
Mayes County,Water-cooled evaporative,3,17.328948035857564,2.805691263418541,Forest City,Water-cooled evaporative,11,17.332512831225806,22.852894043752038,0.020567100702323718,8.145192003737206
Henrico,Water-cooled evaporative,7,18.240049204659343,0.8095718691530903,New Albany,Water-cooled evaporative,9,17.744729047966636,6.59353106459328,2.7155637089300115,8.144466619734338
Henrico,Water-cooled evaporative,1,16.972151884988754,0.3445485859877428,Mayes County,Water-cooled evaporative,3,17.328948035857564,2.805691263418541,2.058960244617948,8.143093245834283
Atlanta,Water-cooled evaporative,11,17.376695685310406,0.7927291293276406,New Albany,Water-cooled evaporative,4,17.360773418512416,6.453821140580956,0.0916300031164715,8.141269068861913
Seattle,Water-cooled evaporative,10,17.40923985865238,1.5614516299414214,Forest City,Water-cooled evaporative,3,17.37517355832884,12.70987772498829,0.1956794242605048,8.139783187177631
Atlanta,Water-cooled evaporative,11,17.376695685310406,0.7927291293276406,New Albany,Water-cooled evaporative,2,16.87703640074658,6.446942234838222,2.875456264025036,8.132591570472812
Seattle,Water-cooled evaporative,6,17.548201323721468,1.4555128445111398,Fort Wayne,Water-cooled evaporative,9,17.754465867605767,11.829776833810485,1.1617614712963131,8.127566086703775
Mayes County,Water-cooled evaporative,8,18.242584178594516,2.4209009003944426,Forest City,Water-cooled evaporative,5,17.79722792614906,19.6710405684225,2.4413002460913895,8.125504255551087
Henrico,Water-cooled evaporative,10,17.56483916631861,0.8624373261930341,Montgomery County / Clarksville,Water-cooled evaporative,4,17.495966388685023,0.10614035284181425,0.39210593949333394,8.125442426956724
Atlanta,Water-cooled evaporative,10,17.631360911378515,0.7507609580400378,New Albany,Water-cooled evaporative,5,17.607896950391954,6.099115392109956,0.13308082742165628,8.123911248704934
Council Bluffs,Water-cooled evaporative,4,17.399657086027492,0.0281100447894364,Henrico,Water-cooled evaporative,3,17.255202194642898,0.2279145531388211,0.8302168868638011,8.107939878646873
Seattle,Water-cooled evaporative,10,17.40923985865238,1.5614516299414214,Montgomery County / Clarksville,Water-cooled evaporative,9,17.929409655793705,0.19265116217094047,2.901209839740803,8.10507246541257
Atlanta,Water-cooled evaporative,1,17.065796158191247,0.7971616790451956,New Albany,Water-cooled evaporative,4,17.360773418512416,6.453821140580956,1.6991020688434513,8.09600023462123
Atlanta,Water-cooled evaporative,1,17.065796158191247,0.7971616790451956,New Albany,Water-cooled evaporative,2,16.87703640074658,6.446942234838222,1.106070620409157,8.087370986723895
Atlanta,Water-cooled evaporative,3,17.41115935851971,0.8010068027762554,New Albany,Water-cooled evaporative,4,17.360773418512416,6.453821140580956,0.28938877055674284,8.05713649149082
Kansas City,Water-cooled evaporative,12,16.885069121742546,0.0255611534895248,Montgomery County / Clarksville,Water-cooled evaporative,11,17.326333368954696,0.20594604712632414,2.546783775976552,8.056993484692416
Atlanta,Water-cooled evaporative,2,17.19450877402098,0.7840678433968516,New Albany,Water-cooled evaporative,3,17.140821915955286,6.311753558576083,0.3122325782683056,8.050009462486555
Forest City,Water-cooled evaporative,11,17.332512831225806,22.852894043752038,Fort Wayne,Water-cooled evaporative,5,17.64714703608572,2.8409254489710696,1.782918248578849,8.044172384751924
Atlanta,Water-cooled evaporative,10,17.631360911378515,0.7507609580400378,New Albany,Water-cooled evaporative,8,17.973948046279865,6.021781884775739,1.9060205026700132,8.020904417427897
Council Bluffs,Water-cooled evaporative,4,17.399657086027492,0.0281100447894364,Montgomery County / Clarksville,Water-cooled evaporative,10,17.610932406961034,0.22510495432330285,1.1996827655191686,8.007989884380976
Henrico,Water-cooled evaporative,2,17.064803087888635,0.2592927482258607,Fort Wayne,Water-cooled evaporative,3,17.05927373968985,2.0677764897661115,0.03240206271532615,7.974679214572345
Atlanta,Water-cooled evaporative,5,17.830684138680336,0.8268216358804037,New Albany,Water-cooled evaporative,9,17.744729047966636,6.59353106459328,0.4820627747380505,7.974550711378586
Forest City,Water-cooled evaporative,8,18.178730541556863,47.387271201364186,New Albany,Water-cooled evaporative,7,18.03482783797511,5.944723850658858,0.7915992992623324,7.97131580739654
Atlanta,Water-cooled evaporative,11,17.376695685310406,0.7927291293276406,New Albany,Water-cooled evaporative,3,17.140821915955286,6.311753558576083,1.3574143993010046,7.9620557956908256
Atlanta,Water-cooled evaporative,7,18.187990649858357,0.7582102707736409,New Albany,Water-cooled evaporative,8,17.973948046279865,6.021781884775739,1.1768348010458107,7.94210012300599
Atlanta,Water-cooled evaporative,10,17.631360911378515,0.7507609580400378,Mayes County,Water-cooled evaporative,10,17.611557906068775,5.949134315685416,0.11231694143904555,7.924139171030456
Atlanta,Water-cooled evaporative,10,17.631360911378515,0.7507609580400378,New Albany,Water-cooled evaporative,7,18.03482783797511,5.944723850658858,2.237154300675024,7.918264511487593
Atlanta,Water-cooled evaporative,1,17.065796158191247,0.7971616790451956,New Albany,Water-cooled evaporative,3,17.140821915955286,6.311753558576083,0.43770221831779066,7.91778346161348
Henrico,Water-cooled evaporative,4,17.502653145767887,0.1839295959169961,Seattle,Water-cooled evaporative,6,17.548201323721468,1.4555128445111398,0.25956037951313776,7.9134238144468325
Henrico,Water-cooled evaporative,4,17.502653145767887,0.1839295959169961,Kansas City,Water-cooled evaporative,3,17.138704051594342,0.0233070019755581,2.07939385613402,7.891602536863465
Kansas City,Water-cooled evaporative,11,17.080305828668926,0.0261044868741696,Montgomery County / Clarksville,Water-cooled evaporative,11,17.326333368954696,0.20594604712632414,1.41996309921291,7.8892968905704794
Seattle,Water-cooled evaporative,10,17.40923985865238,1.5614516299414214,Forest City,Water-cooled evaporative,4,17.53766580277945,12.316581211122307,0.7322864146876167,7.887904418521353
Atlanta,Water-cooled evaporative,3,17.41115935851971,0.8010068027762554,New Albany,Water-cooled evaporative,3,17.140821915955286,6.311753558576083,1.5526676713354117,7.879775223755671
Atlanta,Water-cooled evaporative,12,17.20455766710506,0.7745463045407869,New Albany,Water-cooled evaporative,5,17.607896950391954,6.099115392109956,2.290672670468548,7.87443611357232
Forest City,Water-cooled evaporative,8,18.178730541556863,47.387271201364186,New Albany,Water-cooled evaporative,8,17.973948046279865,6.021781884775739,1.1264950256502337,7.869310464593316
Atlanta,Water-cooled evaporative,8,18.243874995696743,0.7660284885937908,New Albany,Water-cooled evaporative,8,17.973948046279865,6.021781884775739,1.4795483387194126,7.861041690277091
Mayes County,Water-cooled evaporative,7,18.31109635555001,2.5031364776930545,Forest City,Water-cooled evaporative,5,17.79722792614906,19.6710405684225,2.806322567600927,7.858556951937261
Atlanta,Water-cooled evaporative,9,17.983196012479553,0.7762135543356912,New Albany,Water-cooled evaporative,5,17.607896950391954,6.099115392109956,2.086943065221321,7.857522402233465
Atlanta,Water-cooled evaporative,7,18.187990649858357,0.7582102707736409,New Albany,Water-cooled evaporative,7,18.03482783797511,5.944723850658858,0.8421095811616656,7.8404686401743815
Atlanta,Water-cooled evaporative,3,17.41115935851971,0.8010068027762554,Montgomery County / Clarksville,Water-cooled evaporative,1,17.018934267468634,0.10251914500766245,2.2527224234447787,7.81324115331226
Atlanta,Water-cooled evaporative,5,17.830684138680336,0.8268216358804037,New Albany,Water-cooled evaporative,4,17.360773418512416,6.453821140580956,2.6354048813446087,7.805578447047888
Atlanta,Water-cooled evaporative,5,17.830684138680336,0.8268216358804037,Montgomery County / Clarksville,Water-cooled evaporative,4,17.495966388685023,0.10614035284181425,1.8772008263508284,7.789889648404064
Atlanta,Water-cooled evaporative,2,17.19450877402098,0.7840678433968516,New Albany,Water-cooled evaporative,5,17.607896950391954,6.099115392109956,2.3477430469728544,7.778810779544905
Atlanta,Water-cooled evaporative,1,17.065796158191247,0.7971616790451956,Montgomery County / Clarksville,Water-cooled evaporative,1,17.018934267468634,0.10251914500766245,0.2745953970633882,7.775734756523911
Mayes County,Water-cooled evaporative,2,17.03489650235795,3.4988698853981868,Forest City,Water-cooled evaporative,10,17.551068348095612,27.173213441099055,2.9409710879148303,7.766282923094931
Atlanta,Water-cooled evaporative,8,18.243874995696743,0.7660284885937908,New Albany,Water-cooled evaporative,7,18.03482783797511,5.944723850658858,1.1458484437705263,7.760447475748155
Atlanta,Water-cooled evaporative,9,17.983196012479553,0.7762135543356912,New Albany,Water-cooled evaporative,8,17.973948046279865,6.021781884775739,0.051425598615896254,7.757893238452111
Council Bluffs,Water-cooled evaporative,5,17.678164559991735,0.0266189030219744,Montgomery County / Clarksville,Water-cooled evaporative,11,17.326333368954696,0.20594604712632414,1.9902020362073367,7.736834495257443
Atlanta,Water-cooled evaporative,11,17.376695685310406,0.7927291293276406,Montgomery County / Clarksville,Water-cooled evaporative,1,17.018934267468634,0.10251914500766245,2.0588575890421423,7.732498444738208
Atlanta,Water-cooled evaporative,6,18.028496874075547,0.7898038468567355,New Albany,Water-cooled evaporative,5,17.607896950391954,6.099115392109956,2.3329727742771684,7.722316644041732
Mayes County,Water-cooled evaporative,1,16.97112774996448,2.9657169719923138,Forest City,Water-cooled evaporative,11,17.332512831225806,22.852894043752038,2.085012627887764,7.705689470563297
Atlanta,Water-cooled evaporative,10,17.631360911378515,0.7507609580400378,Fort Wayne,Water-cooled evaporative,7,17.95146502148568,5.777467960620443,1.783164269456792,7.69548269492236
Atlanta,Water-cooled evaporative,11,17.376695685310406,0.7927291293276406,New Albany,Water-cooled evaporative,5,17.607896950391954,6.099115392109956,1.3130543967455561,7.693820204743792
Atlanta,Water-cooled evaporative,12,17.20455766710506,0.7745463045407869,Mayes County,Water-cooled evaporative,10,17.611557906068775,5.949134315685416,2.3109837365578327,7.680798786087476
Atlanta,Water-cooled evaporative,10,17.631360911378515,0.7507609580400378,New Albany,Water-cooled evaporative,6,17.889797109319222,5.757620868123333,1.4446010559062263,7.669046727142518
Atlanta,Water-cooled evaporative,9,17.983196012479553,0.7762135543356912,Mayes County,Water-cooled evaporative,10,17.611557906068775,5.949134315685416,2.066585417591385,7.664300993528617
Atlanta,Water-cooled evaporative,9,17.983196012479553,0.7762135543356912,New Albany,Water-cooled evaporative,7,18.03482783797511,5.944723850658858,0.28628953910410937,7.65861896826389
Atlanta,Water-cooled evaporative,2,17.19450877402098,0.7840678433968516,Montgomery County / Clarksville,Water-cooled evaporative,1,17.018934267468634,0.10251914500766245,1.0211080110507234,7.648013874269525
Henrico,Water-cooled evaporative,10,17.56483916631861,0.8624373261930341,New Albany,Water-cooled evaporative,9,17.744729047966636,6.59353106459328,1.0137651646399206,7.645229240828903
Kansas City,Water-cooled evaporative,10,17.474312529217023,0.0192033059303433,Montgomery County / Clarksville,Water-cooled evaporative,5,17.821154768270667,0.14664534676849442,1.9462388580518464,7.636463601654073
Council Bluffs,Water-cooled evaporative,9,17.812899523243495,0.0269707448142641,Montgomery County / Clarksville,Water-cooled evaporative,11,17.326333368954696,0.20594604712632414,2.7315381959792315,7.635905072128555
Atlanta,Water-cooled evaporative,6,18.028496874075547,0.7898038468567355,New Albany,Water-cooled evaporative,8,17.973948046279865,6.021781884775739,0.3025700266455436,7.6244018166551735
Kansas City,Water-cooled evaporative,1,16.852532170914774,0.0270125979043672,Montgomery County / Clarksville,Water-cooled evaporative,11,17.326333368954696,0.20594604712632414,2.734572791314743,7.624074065568802
Atlanta,Water-cooled evaporative,4,17.602846437659863,0.8648748435260727,New Albany,Water-cooled evaporative,9,17.744729047966636,6.59353106459328,0.7995760877680533,7.623682332707958
Atlanta,Water-cooled evaporative,7,18.187990649858357,0.7582102707736409,Fort Wayne,Water-cooled evaporative,7,17.95146502148568,5.777467960620443,1.3004494719955066,7.6198756246409
Atlanta,Water-cooled evaporative,3,17.41115935851971,0.8010068027762554,New Albany,Water-cooled evaporative,5,17.607896950391954,6.099115392109956,1.1173258931860293,7.61431160256153
Council Bluffs,Water-cooled evaporative,6,18.065271663687067,0.0255542662498215,Montgomery County / Clarksville,Water-cooled evaporative,7,18.23208011967617,0.19419104628193018,0.9149173045212841,7.599163458011112
Atlanta,Water-cooled evaporative,7,18.187990649858357,0.7582102707736409,New Albany,Water-cooled evaporative,6,17.889797109319222,5.757620868123333,1.6395078834145815,7.593699386647106
Atlanta,Water-cooled evaporative,2,17.19450877402098,0.7840678433968516,Mayes County,Water-cooled evaporative,10,17.611557906068775,5.949134315685416,2.368042249709678,7.587524939055936
Henrico,Water-cooled evaporative,8,18.13923918554841,1.2094493152781127,Montgomery County / Clarksville,Water-cooled evaporative,8,18.225878581836163,0.15943836333341305,0.47536471780350276,7.585685715732958
Henrico,Water-cooled evaporative,11,17.314232307912096,0.5899915641596294,Montgomery County / Clarksville,Water-cooled evaporative,2,17.033207441225265,0.0778148194990946,1.6230859196593488,7.581994894513558
Seattle,Water-cooled evaporative,10,17.40923985865238,1.5614516299414214,Montgomery County / Clarksville,Water-cooled evaporative,11,17.326333368954696,0.20594604712632414,0.47622119271612007,7.581848021504637
Seattle,Water-cooled evaporative,10,17.40923985865238,1.5614516299414214,Fort Wayne,Water-cooled evaporative,9,17.754465867605767,11.829776833810485,1.9444460426335564,7.576140436866613
Seattle,Water-cooled evaporative,3,17.249131712627936,1.1438702157795326,Fort Wayne,Water-cooled evaporative,10,17.377248463785236,8.651257190054936,0.7372671883255846,7.563145775379087
Seattle,Water-cooled evaporative,6,17.548201323721468,1.4555128445111398,Montgomery County / Clarksville,Water-cooled evaporative,9,17.929409655793705,0.19265116217094047,2.1261622071815047,7.5551729255578275
Atlanta,Water-cooled evaporative,12,17.20455766710506,0.7745463045407869,Montgomery County / Clarksville,Water-cooled evaporative,1,17.018934267468634,0.10251914500766245,1.0789199189429717,7.555138159637364
Atlanta,Water-cooled evaporative,3,17.41115935851971,0.8010068027762554,Montgomery County / Clarksville,Water-cooled evaporative,4,17.495966388685023,0.10614035284181425,0.4847233258298781,7.546675522833732
Atlanta,Water-cooled evaporative,8,18.243874995696743,0.7660284885937908,Fort Wayne,Water-cooled evaporative,7,17.95146502148568,5.777467960620443,1.602784355187882,7.542105870274122
Seattle,Water-cooled evaporative,7,17.641672799526734,1.6856059412636832,Forest City,Water-cooled evaporative,3,17.37517355832884,12.70987772498829,1.5106234211817164,7.540242599916213
Council Bluffs,Water-cooled evaporative,6,18.065271663687067,0.0255542662498215,Montgomery County / Clarksville,Water-cooled evaporative,9,17.929409655793705,0.19265116217094047,0.7520618035678788,7.538904083081868
Atlanta,Water-cooled evaporative,6,18.028496874075547,0.7898038468567355,Mayes County,Water-cooled evaporative,10,17.611557906068775,5.949134315685416,2.3126662800508773,7.532420029810952
Atlanta,Water-cooled evaporative,6,18.028496874075547,0.7898038468567355,New Albany,Water-cooled evaporative,7,18.03482783797511,5.944723850658858,0.03510409944825732,7.526835776145803
Atlanta,Water-cooled evaporative,8,18.243874995696743,0.7660284885937908,New Albany,Water-cooled evaporative,6,17.889797109319222,5.757620868123333,1.9408041683087542,7.516196791443982
Atlanta,Water-cooled evaporative,1,17.065796158191247,0.7971616790451956,Montgomery County / Clarksville,Water-cooled evaporative,4,17.495966388685023,0.10614035284181425,2.4586823096092303,7.510448737938921
Forest City,Water-cooled evaporative,1,17.06378807311401,15.519826402403526,Fort Wayne,Water-cooled evaporative,3,17.05927373968985,2.0677764897661115,0.026455634615354724,7.505562849376912
Atlanta,Water-cooled evaporative,11,17.376695685310406,0.7927291293276406,Mayes County,Water-cooled evaporative,10,17.611557906068775,5.949134315685416,1.3335686826287991,7.504624335844983
Henrico,Water-cooled evaporative,4,17.502653145767887,0.1839295959169961,Seattle,Water-cooled evaporative,5,17.454861151844938,1.379972735117141,0.2730557106109678,7.5027225946818055
Seattle,Water-cooled evaporative,7,17.641672799526734,1.6856059412636832,Montgomery County / Clarksville,Water-cooled evaporative,10,17.610932406961034,0.22510495432330285,0.17424873998641024,7.488089039758595
Henrico,Water-cooled evaporative,10,17.56483916631861,0.8624373261930341,New Albany,Water-cooled evaporative,4,17.360773418512416,6.453821140580956,1.161785461705219,7.483234948873765
Atlanta,Water-cooled evaporative,11,17.376695685310406,0.7927291293276406,Montgomery County / Clarksville,Water-cooled evaporative,4,17.495966388685023,0.10614035284181425,0.6817040037968527,7.468687526496926
Atlanta,Water-cooled evaporative,4,17.602846437659863,0.8648748435260727,New Albany,Water-cooled evaporative,4,17.360773418512416,6.453821140580956,1.3751924724489557,7.462144596863162
Council Bluffs,Water-cooled evaporative,12,16.848479469873773,0.0462184965543775,Henrico,Water-cooled evaporative,1,16.972151884988754,0.3445485859877428,0.7286784607694043,7.454777019463856
Council Bluffs,Water-cooled evaporative,1,16.786137022735872,0.046218602077775,Henrico,Water-cooled evaporative,1,16.972151884988754,0.3445485859877428,1.0960004571807176,7.4547599991870985
Atlanta,Water-cooled evaporative,9,17.983196012479553,0.7762135543356912,Fort Wayne,Water-cooled evaporative,7,17.95146502148568,5.777467960620443,0.17644800719433587,7.4431423264245735
Atlanta,Water-cooled evaporative,6,18.028496874075547,0.7898038468567355,Montgomery County / Clarksville,Water-cooled evaporative,4,17.495966388685023,0.10614035284181425,2.9538263179127653,7.441127014471261
Henrico,Water-cooled evaporative,7,18.240049204659343,0.8095718691530903,New Albany,Water-cooled evaporative,8,17.973948046279865,6.021781884775739,1.4588839941917648,7.438230148825759
Atlanta,Water-cooled evaporative,3,17.41115935851971,0.8010068027762554,Mayes County,Water-cooled evaporative,10,17.611557906068775,5.949134315685416,1.1378808656104653,7.427070900104682
Atlanta,Water-cooled evaporative,9,17.983196012479553,0.7762135543356912,New Albany,Water-cooled evaporative,6,17.889797109319222,5.757620868123333,0.5193676535334225,7.417573212890997
Henrico,Water-cooled evaporative,3,17.255202194642898,0.2279145531388211,Seattle,Water-cooled evaporative,7,17.641672799526734,1.6856059412636832,2.190668704014305,7.395780208194923
Atlanta,Water-cooled evaporative,2,17.19450877402098,0.7840678433968516,Montgomery County / Clarksville,Water-cooled evaporative,4,17.495966388685023,0.10614035284181425,1.7230120815675547,7.387085329981739
Atlanta,Water-cooled evaporative,5,17.830684138680336,0.8268216358804037,New Albany,Water-cooled evaporative,5,17.607896950391954,6.099115392109956,1.2494595639495816,7.376579333964318
Council Bluffs,Water-cooled evaporative,2,16.780793662112494,0.0468668477096319,Henrico,Water-cooled evaporative,1,16.972151884988754,0.3445485859877428,1.1274835635044607,7.351648400217292
Henrico,Water-cooled evaporative,12,17.17315705786896,0.4764154514832484,Mayes County,Water-cooled evaporative,2,17.03489650235795,3.4988698853981868,0.8050969023640159,7.344157026194213
Henrico,Water-cooled evaporative,7,18.240049204659343,0.8095718691530903,New Albany,Water-cooled evaporative,7,18.03482783797511,5.944723850658858,1.1251141067744947,7.343046463407572
Seattle,Water-cooled evaporative,1,17.125193144448993,1.1806652775159978,Fort Wayne,Water-cooled evaporative,10,17.377248463785236,8.651257190054936,1.4504903918565406,7.327442717936383
Council Bluffs,Water-cooled evaporative,4,17.399657086027492,0.0281100447894364,Montgomery County / Clarksville,Water-cooled evaporative,11,17.326333368954696,0.20594604712632414,0.42140897783369224,7.326421877624242
Henrico,Water-cooled evaporative,10,17.56483916631861,0.8624373261930341,New Albany,Water-cooled evaporative,3,17.140821915955286,6.311753558576083,2.414011573623723,7.318506941759337
Atlanta,Water-cooled evaporative,6,18.028496874075547,0.7898038468567355,Fort Wayne,Water-cooled evaporative,7,17.95146502148568,5.777467960620443,0.42727828685837244,7.315066878458029
Atlanta,Water-cooled evaporative,9,17.983196012479553,0.7762135543356912,Montgomery County / Clarksville,Water-cooled evaporative,4,17.495966388685023,0.10614035284181425,2.7093605800460265,7.313086244328933
Seattle,Water-cooled evaporative,7,17.641672799526734,1.6856059412636832,Forest City,Water-cooled evaporative,4,17.53766580277945,12.316581211122307,0.5895529178507042,7.306916112249034
Atlanta,Water-cooled evaporative,4,17.602846437659863,0.8648748435260727,New Albany,Water-cooled evaporative,3,17.140821915955286,6.311753558576083,2.6247148342788114,7.297880850416719
Atlanta,Water-cooled evaporative,12,17.20455766710506,0.7745463045407869,Montgomery County / Clarksville,Water-cooled evaporative,4,17.495966388685023,0.10614035284181425,1.6655765969487812,7.297378271345377
Atlanta,Water-cooled evaporative,6,18.028496874075547,0.7898038468567355,New Albany,Water-cooled evaporative,6,17.889797109319222,5.757620868123333,0.7693362664958001,7.289937737119837
Atlanta,Water-cooled evaporative,5,17.830684138680336,0.8268216358804037,New Albany,Water-cooled evaporative,8,17.973948046279865,6.021781884775739,0.797064213330587,7.283048269973869
Atlanta,Water-cooled evaporative,11,17.376695685310406,0.7927291293276406,New Albany,Water-cooled evaporative,6,17.889797109319222,5.757620868123333,2.868123215000183,7.263036837067794
Council Bluffs,Water-cooled evaporative,3,17.0513355964971,0.0475899670194202,Henrico,Water-cooled evaporative,1,16.972151884988754,0.3445485859877428,0.46438421823457005,7.239941684497106
Council Bluffs,Water-cooled evaporative,5,17.678164559991735,0.0266189030219744,Montgomery County / Clarksville,Water-cooled evaporative,9,17.929409655793705,0.19265116217094047,1.4013015521723136,7.237381721249119
Forest City,Water-cooled evaporative,2,17.18346880757389,14.943569593328107,Fort Wayne,Water-cooled evaporative,3,17.05927373968985,2.0677764897661115,0.722759003288677,7.2268785660767385
Seattle,Water-cooled evaporative,2,17.173377966103345,1.2003307510335863,Fort Wayne,Water-cooled evaporative,10,17.377248463785236,8.651257190054936,1.1732035604299695,7.2073944474099925
Council Bluffs,Water-cooled evaporative,9,17.812899523243495,0.0269707448142641,Montgomery County / Clarksville,Water-cooled evaporative,7,18.23208011967617,0.19419104628193018,2.2991375294599137,7.2000624239056155
Mayes County,Water-cooled evaporative,12,17.04331351118919,3.174402907106473,Forest City,Water-cooled evaporative,11,17.332512831225806,22.852894043752038,1.6685365985456064,7.199115774683709
Atlanta,Water-cooled evaporative,5,17.830684138680336,0.8268216358804037,Mayes County,Water-cooled evaporative,10,17.611557906068775,5.949134315685416,1.2289277904722,7.195184617237005
Atlanta,Water-cooled evaporative,5,17.830684138680336,0.8268216358804037,New Albany,Water-cooled evaporative,7,18.03482783797511,5.944723850658858,1.1319414919221968,7.189850377256864
Atlanta,Water-cooled evaporative,3,17.41115935851971,0.8010068027762554,New Albany,Water-cooled evaporative,6,17.889797109319222,5.757620868123333,2.6754789217267128,7.187979987395445
Forest City,Water-cooled evaporative,8,18.178730541556863,47.387271201364186,New Albany,Water-cooled evaporative,9,17.744729047966636,6.59353106459328,2.38741364584338,7.1869337896699905
Council Bluffs,Water-cooled evaporative,7,18.12470824694942,0.0270372073180772,Montgomery County / Clarksville,Water-cooled evaporative,7,18.23208011967617,0.19419104628193018,0.5889172931555514,7.182363326115163
Seattle,Water-cooled evaporative,5,17.454861151844938,1.379972735117141,Montgomery County / Clarksville,Water-cooled evaporative,9,17.929409655793705,0.19265116217094047,2.6467603399056814,7.163064679011296
Council Bluffs,Water-cooled evaporative,9,17.812899523243495,0.0269707448142641,Montgomery County / Clarksville,Water-cooled evaporative,9,17.929409655793705,0.19265116217094047,0.6498269312094258,7.142967815595974
Henrico,Water-cooled evaporative,4,17.502653145767887,0.1839295959169961,Seattle,Water-cooled evaporative,4,17.354130306973452,1.3137358722983885,0.8485732851898924,7.142601851260808
Henrico,Water-cooled evaporative,7,18.240049204659343,0.8095718691530903,Fort Wayne,Water-cooled evaporative,7,17.95146502148568,5.777467960620443,1.5821458590141506,7.136448511562501
Council Bluffs,Water-cooled evaporative,7,18.12470824694942,0.0270372073180772,Montgomery County / Clarksville,Water-cooled evaporative,9,17.929409655793705,0.19265116217094047,1.077526813092765,7.125409067013109
Henrico,Water-cooled evaporative,7,18.240049204659343,0.8095718691530903,New Albany,Water-cooled evaporative,6,17.889797109319222,5.757620868123333,1.9202365706922024,7.1119329703816145
Seattle,Water-cooled evaporative,12,17.166734198946635,1.2174132739277843,Fort Wayne,Water-cooled evaporative,10,17.377248463785236,8.651257190054936,1.211436121646758,7.106261591959708
Forest City,Water-cooled evaporative,7,18.187688983789265,40.84580884228518,New Albany,Water-cooled evaporative,6,17.889797109319222,5.757620868123333,1.637876448929574,7.09421647896706
Atlanta,Water-cooled evaporative,10,17.631360911378515,0.7507609580400378,Montgomery County / Clarksville,Water-cooled evaporative,4,17.495966388685023,0.10614035284181425,0.7679187294391671,7.073284928296128
Kansas City,Water-cooled evaporative,5,17.73642893578077,0.0150073823564826,Montgomery County / Clarksville,Water-cooled evaporative,4,17.495966388685023,0.10614035284181425,1.3557551408257045,7.072542720680785
Henrico,Water-cooled evaporative,10,17.56483916631861,0.8624373261930341,New Albany,Water-cooled evaporative,5,17.607896950391954,6.099115392109956,0.24453677912049387,7.071952021177743
Forest City,Water-cooled evaporative,7,18.187688983789265,40.84580884228518,Fort Wayne,Water-cooled evaporative,7,17.95146502148568,5.777467960620443,1.2988124137933652,7.069846015710097
Seattle,Water-cooled evaporative,6,17.548201323721468,1.4555128445111398,Montgomery County / Clarksville,Water-cooled evaporative,11,17.326333368954696,0.20594604712632414,1.264334450430844,7.067447347597551
Atlanta,Water-cooled evaporative,4,17.602846437659863,0.8648748435260727,New Albany,Water-cooled evaporative,5,17.607896950391954,6.099115392109956,0.028683225181971063,7.052020807130912
Henrico,Water-cooled evaporative,4,17.502653145767887,0.1839295959169961,Kansas City,Water-cooled evaporative,11,17.080305828668926,0.0261044868741696,2.4130474024795694,7.045899687804034
Seattle,Water-cooled evaporative,9,17.590738175367985,2.2074385722956293,Forest City,Water-cooled evaporative,1,17.06378807311401,15.519826402403526,2.9956110823811413,7.030694578406164
Henrico,Water-cooled evaporative,11,17.314232307912096,0.5899915641596294,Mayes County,Water-cooled evaporative,11,17.23413316543787,4.143638813801687,0.46262023663400914,7.023217051762074
Seattle,Water-cooled evaporative,7,17.641672799526734,1.6856059412636832,Fort Wayne,Water-cooled evaporative,9,17.754465867605767,11.829776833810485,0.6352940658430662,7.018115292677368
Mayes County,Water-cooled evaporative,3,17.328948035857564,2.805691263418541,Forest City,Water-cooled evaporative,5,17.79722792614906,19.6710405684225,2.6311956684190223,7.011120868821004
Atlanta,Water-cooled evaporative,12,17.20455766710506,0.7745463045407869,Fort Wayne,Water-cooled evaporative,12,16.830439289174144,5.42128023027673,2.1745306399026267,6.999297780512811
Atlanta,Water-cooled evaporative,5,17.830684138680336,0.8268216358804037,Fort Wayne,Water-cooled evaporative,7,17.95146502148568,5.777467960620443,0.6728190855776138,6.987562625243312
Council Bluffs,Water-cooled evaporative,11,17.14229831979521,0.0493426049820603,Henrico,Water-cooled evaporative,1,16.972151884988754,0.3445485859877428,0.992553224966204,6.98278062362155
Henrico,Water-cooled evaporative,10,17.56483916631861,0.8624373261930341,New Albany,Water-cooled evaporative,8,17.973948046279865,6.021781884775739,2.276121411433202,6.982283467897956
Henrico,Water-cooled evaporative,9,17.989698810550344,0.9464556701585684,New Albany,Water-cooled evaporative,9,17.744729047966636,6.59353106459328,1.361722423279489,6.966550333507543
Henrico,Water-cooled evaporative,12,17.17315705786896,0.4764154514832484,Montgomery County / Clarksville,Water-cooled evaporative,3,17.386294144336638,0.06840600668931116,1.2258914102008656,6.964526575086441
Atlanta,Water-cooled evaporative,5,17.830684138680336,0.8268216358804037,New Albany,Water-cooled evaporative,6,17.889797109319222,5.757620868123333,0.33042840160603154,6.96355854548072
Atlanta,Water-cooled evaporative,4,17.602846437659863,0.8648748435260727,New Albany,Water-cooled evaporative,8,17.973948046279865,6.021781884775739,2.0646638549553957,6.962604970940173
Mayes County,Water-cooled evaporative,4,17.57357699037506,2.231070572978707,Forest City,Water-cooled evaporative,1,17.06378807311401,15.519826402403526,2.9008830560804792,6.956223882099334
Seattle,Water-cooled evaporative,10,17.40923985865238,1.5614516299414214,Montgomery County / Clarksville,Water-cooled evaporative,10,17.610932406961034,0.22510495432330285,1.1452689934175806,6.936549373759297
Council Bluffs,Water-cooled evaporative,8,18.17576209587628,0.0280341972757222,Montgomery County / Clarksville,Water-cooled evaporative,7,18.23208011967617,0.19419104628193018,0.30889521892299343,6.926934428406157
Forest City,Water-cooled evaporative,9,17.970017364380077,33.386214972073056,Fort Wayne,Water-cooled evaporative,6,17.801545760713267,4.8202201951417925,0.9375149742523419,6.926284198743116
Forest City,Water-cooled evaporative,5,17.79722792614906,19.6710405684225,Fort Wayne,Water-cooled evaporative,5,17.64714703608572,2.8409254489710696,0.8432823959220586,6.924166410472681
Seattle,Water-cooled evaporative,11,17.292650708839894,1.2495704990225598,Fort Wayne,Water-cooled evaporative,10,17.377248463785236,8.651257190054936,0.48683055387995866,6.923384632417403
Atlanta,Water-cooled evaporative,2,17.19450877402098,0.7840678433968516,Fort Wayne,Water-cooled evaporative,12,16.830439289174144,5.42128023027673,2.117359033814948,6.914299924340575
Council Bluffs,Water-cooled evaporative,5,17.678164559991735,0.0266189030219744,Henrico,Water-cooled evaporative,4,17.502653145767887,0.1839295959169961,0.9928146874537882,6.909736128688653
Henrico,Water-cooled evaporative,10,17.56483916631861,0.8624373261930341,Mayes County,Water-cooled evaporative,10,17.611557906068775,5.949134315685416,0.2652731802566231,6.8980482813122785
Henrico,Water-cooled evaporative,10,17.56483916631861,0.8624373261930341,New Albany,Water-cooled evaporative,7,18.03482783797511,5.944723850658858,2.6060058675296482,6.892934327065856
Atlanta,Water-cooled evaporative,4,17.602846437659863,0.8648748435260727,Mayes County,Water-cooled evaporative,10,17.611557906068775,5.949134315685416,0.04946449630052139,6.878607188331374
Atlanta,Water-cooled evaporative,4,17.602846437659863,0.8648748435260727,New Albany,Water-cooled evaporative,7,18.03482783797511,5.944723850658858,2.395262123909187,6.873507646982042
Council Bluffs,Water-cooled evaporative,8,18.17576209587628,0.0280341972757222,Montgomery County / Clarksville,Water-cooled evaporative,9,17.929409655793705,0.19265116217094047,1.3553898801220952,6.872005653530079
Seattle,Water-cooled evaporative,8,17.708893461695116,2.1745776179476533,Forest City,Water-cooled evaporative,2,17.18346880757389,14.943569593328107,2.9670100803177437,6.8719412312501005
Forest City,Water-cooled evaporative,7,18.187688983789265,40.84580884228518,New Albany,Water-cooled evaporative,7,18.03482783797511,5.944723850658858,0.84046492080659,6.870934608301143
Council Bluffs,Water-cooled evaporative,4,17.399657086027492,0.0281100447894364,Montgomery County / Clarksville,Water-cooled evaporative,9,17.929409655793705,0.19265116217094047,2.954657068672805,6.853463365641371
Henrico,Water-cooled evaporative,3,17.255202194642898,0.2279145531388211,Seattle,Water-cooled evaporative,10,17.40923985865238,1.5614516299414214,0.884804076801355,6.851039604260604
Forest City,Water-cooled evaporative,1,17.06378807311401,15.519826402403526,Fort Wayne,Water-cooled evaporative,4,17.29611907595038,2.2662366496044477,1.3432551072073482,6.8482814471791285
Seattle,Water-cooled evaporative,7,17.641672799526734,1.6856059412636832,Montgomery County / Clarksville,Water-cooled evaporative,6,18.08988933307039,0.2464654370419071,2.4777184939670303,6.839116922414869
Kansas City,Water-cooled evaporative,10,17.474312529217023,0.0192033059303433,Montgomery County / Clarksville,Water-cooled evaporative,12,17.126348403620877,0.13125244922250706,1.9912893569595407,6.8348882061559
Council Bluffs,Water-cooled evaporative,9,17.812899523243495,0.0269707448142641,Henrico,Water-cooled evaporative,4,17.502653145767887,0.1839295959169961,1.7416949838558102,6.819596462153344
Atlanta,Water-cooled evaporative,1,17.065796158191247,0.7971616790451956,Fort Wayne,Water-cooled evaporative,12,16.830439289174144,5.42128023027673,1.3791144980021126,6.800728600965986
Henrico,Water-cooled evaporative,4,17.502653145767887,0.1839295959169961,Seattle,Water-cooled evaporative,11,17.292650708839894,1.2495704990225598,1.199832020774358,6.793743512525668
Forest City,Water-cooled evaporative,7,18.187688983789265,40.84580884228518,New Albany,Water-cooled evaporative,8,17.973948046279865,6.021781884775739,1.1751956925363487,6.783010348739382
Seattle,Water-cooled evaporative,9,17.590738175367985,2.2074385722956293,Forest City,Water-cooled evaporative,2,17.18346880757389,14.943569593328107,2.3152488754814495,6.769642327028614
Mayes County,Water-cooled evaporative,3,17.328948035857564,2.805691263418541,Forest City,Water-cooled evaporative,12,17.161058771530662,18.876077953995914,0.9688370233409493,6.7277815631776665
Atlanta,Water-cooled evaporative,12,17.20455766710506,0.7745463045407869,Fort Wayne,Water-cooled evaporative,2,16.799944420034144,5.202059116517799,2.3517794232195373,6.716266136731485
Seattle,Water-cooled evaporative,5,17.454861151844938,1.379972735117141,Montgomery County / Clarksville,Water-cooled evaporative,11,17.326333368954696,0.20594604712632414,0.7363437713548154,6.700651721033941
Henrico,Water-cooled evaporative,10,17.56483916631861,0.8624373261930341,Fort Wayne,Water-cooled evaporative,7,17.95146502148568,5.777467960620443,2.1537287051743603,6.699000362291031
Mayes County,Water-cooled evaporative,4,17.57357699037506,2.231070572978707,Forest City,Water-cooled evaporative,2,17.18346880757389,14.943569593328107,2.219856452757612,6.69793675480956
Atlanta,Water-cooled evaporative,4,17.602846437659863,0.8648748435260727,Fort Wayne,Water-cooled evaporative,7,17.95146502148568,5.777467960620443,1.94200631206737,6.680120255395398
Henrico,Water-cooled evaporative,10,17.56483916631861,0.8624373261930341,New Albany,Water-cooled evaporative,6,17.889797109319222,5.757620868123333,1.8164428641358592,6.675987568324055
Henrico,Water-cooled evaporative,12,17.17315705786896,0.4764154514832484,Mayes County,Water-cooled evaporative,12,17.04331351118919,3.174402907106473,0.7560843136892712,6.663098136770006
Kansas City,Water-cooled evaporative,4,17.39951136286369,0.0159390041801391,Montgomery County / Clarksville,Water-cooled evaporative,4,17.495966388685023,0.10614035284181425,0.5512986460908543,6.659158354075289
Atlanta,Water-cooled evaporative,4,17.602846437659863,0.8648748435260727,New Albany,Water-cooled evaporative,6,17.889797109319222,5.757620868123333,1.6039906428557478,6.657172319464929
Forest City,Water-cooled evaporative,12,17.161058771530662,18.876077953995914,Fort Wayne,Water-cooled evaporative,5,17.64714703608572,2.8409254489710696,2.754486396929097,6.644341181438773
Atlanta,Water-cooled evaporative,2,17.19450877402098,0.7840678433968516,Fort Wayne,Water-cooled evaporative,2,16.799944420034144,5.202059116517799,2.2947114056726097,6.634705351491893
Henrico,Water-cooled evaporative,4,17.502653145767887,0.1839295959169961,Seattle,Water-cooled evaporative,12,17.166734198946635,1.2174132739277843,1.9192458653188627,6.618909087785848
Forest City,Water-cooled evaporative,2,17.18346880757389,14.943569593328107,Fort Wayne,Water-cooled evaporative,4,17.29611907595038,2.2662366496044477,0.6513037282052694,6.594002261827502
Seattle,Water-cooled evaporative,3,17.249131712627936,1.1438702157795326,Fort Wayne,Water-cooled evaporative,11,17.11463249756379,7.5413614034547445,0.7797448434211927,6.5928470725285955
Atlanta,Water-cooled evaporative,4,17.602846437659863,0.8648748435260727,Montgomery County / Clarksville,Water-cooled evaporative,12,17.126348403620877,0.13125244922250706,2.7069374020076507,6.589399654248621
Henrico,Water-cooled evaporative,8,18.13923918554841,1.2094493152781127,Fort Wayne,Water-cooled evaporative,8,17.982517090353113,7.967996641116271,0.8639948654525513,6.588119518910167
Seattle,Water-cooled evaporative,4,17.354130306973452,1.3137358722983885,Fort Wayne,Water-cooled evaporative,10,17.377248463785236,8.651257190054936,0.13303692388333122,6.585233282029144
Henrico,Water-cooled evaporative,1,16.972151884988754,0.3445485859877428,Fort Wayne,Water-cooled evaporative,4,17.29611907595038,2.2662366496044477,1.8730629081531323,6.577408068901692
Henrico,Water-cooled evaporative,10,17.56483916631861,0.8624373261930341,Montgomery County / Clarksville,Water-cooled evaporative,12,17.126348403620877,0.13125244922250706,2.496412056755741,6.570828440168598
Mayes County,Water-cooled evaporative,11,17.23413316543787,4.143638813801687,Forest City,Water-cooled evaporative,10,17.551068348095612,27.173213441099055,1.805788550143329,6.557814197171375
Council Bluffs,Water-cooled evaporative,4,17.399657086027492,0.0281100447894364,Henrico,Water-cooled evaporative,4,17.502653145767887,0.1839295959169961,0.5884596974104993,6.543198251541592
Mayes County,Water-cooled evaporative,2,17.03489650235795,3.4988698853981868,Forest City,Water-cooled evaporative,11,17.332512831225806,22.852894043752038,1.7170985636409235,6.531507255849635
Henrico,Water-cooled evaporative,4,17.502653145767887,0.1839295959169961,Seattle,Water-cooled evaporative,2,17.173377966103345,1.2003307510335863,1.881287236410556,6.526033752475989
Atlanta,Water-cooled evaporative,1,17.065796158191247,0.7971616790451956,Fort Wayne,Water-cooled evaporative,2,16.799944420034144,5.202059116517799,1.5578044861944482,6.525726528586511
Henrico,Water-cooled evaporative,5,17.76193221788505,0.2603086423781433,Seattle,Water-cooled evaporative,7,17.641672799526734,1.6856059412636832,0.6770627028810687,6.4754129016394675
Council Bluffs,Water-cooled evaporative,10,17.42218299677707,0.0402559269828757,Henrico,Water-cooled evaporative,5,17.76193221788505,0.2603086423781433,1.9127942666388238,6.466343266393415
Seattle,Water-cooled evaporative,6,17.548201323721468,1.4555128445111398,Montgomery County / Clarksville,Water-cooled evaporative,10,17.610932406961034,0.22510495432330285,0.3562053489840788,6.465929854305589
Henrico,Water-cooled evaporative,9,17.989698810550344,0.9464556701585684,Montgomery County / Clarksville,Water-cooled evaporative,5,17.821154768270667,0.14664534676849442,0.9368919627538845,6.454045020962825
Henrico,Water-cooled evaporative,9,17.989698810550344,0.9464556701585684,New Albany,Water-cooled evaporative,5,17.607896950391954,6.099115392109956,2.122336033410834,6.444163825536716
Council Bluffs,Water-cooled evaporative,10,17.42218299677707,0.0402559269828757,Henrico,Water-cooled evaporative,2,17.064803087888635,0.2592927482258607,2.0512923607480653,6.441107376217174
Kansas City,Water-cooled evaporative,4,17.39951136286369,0.0159390041801391,Montgomery County / Clarksville,Water-cooled evaporative,1,17.018934267468634,0.10251914500766245,2.187286110846395,6.431966755828265
Atlanta,Water-cooled evaporative,10,17.631360911378515,0.7507609580400378,Fort Wayne,Water-cooled evaporative,6,17.801545760713267,4.8202201951417925,0.9560116386653251,6.420446006843009
Henrico,Water-cooled evaporative,4,17.502653145767887,0.1839295959169961,Seattle,Water-cooled evaporative,1,17.125193144448993,1.1806652775159978,2.156587336647094,6.419115268696667
Seattle,Water-cooled evaporative,1,17.125193144448993,1.1806652775159978,Fort Wayne,Water-cooled evaporative,11,17.11463249756379,7.5413614034547445,0.06166731549317586,6.3873830687398705
Henrico,Water-cooled evaporative,3,17.255202194642898,0.2279145531388211,Seattle,Water-cooled evaporative,6,17.548201323721468,1.4555128445111398,1.669681830481948,6.386221610098753
Kansas City,Water-cooled evaporative,9,17.847691993264707,0.0166267092563554,Montgomery County / Clarksville,Water-cooled evaporative,4,17.495966388685023,0.10614035284181425,1.970706378799102,6.383725799574147
Seattle,Water-cooled evaporative,4,17.354130306973452,1.3137358722983885,Montgomery County / Clarksville,Water-cooled evaporative,11,17.326333368954696,0.20594604712632414,0.1601747683523309,6.3790293168023915
Mayes County,Water-cooled evaporative,1,16.97112774996448,2.9657169719923138,Forest City,Water-cooled evaporative,12,17.161058771530662,18.876077953995914,1.1067558481954938,6.364760404400732
Henrico,Water-cooled evaporative,9,17.989698810550344,0.9464556701585684,New Albany,Water-cooled evaporative,8,17.973948046279865,6.021781884775739,0.08755435227876815,6.362455289392322
Atlanta,Water-cooled evaporative,7,18.187990649858357,0.7582102707736409,Fort Wayne,Water-cooled evaporative,6,17.801545760713267,4.8202201951417925,2.1247255762587423,6.357365998515786
Seattle,Water-cooled evaporative,3,17.249131712627936,1.1438702157795326,New Albany,Water-cooled evaporative,12,16.9650384555364,7.223122576219711,1.6470003349997733,6.314634716926559
Atlanta,Water-cooled evaporative,8,18.243874995696743,0.7660284885937908,Fort Wayne,Water-cooled evaporative,6,17.801545760713267,4.8202201951417925,2.424535550083572,6.292481633405486
Henrico,Water-cooled evaporative,9,17.989698810550344,0.9464556701585684,Mayes County,Water-cooled evaporative,10,17.611557906068775,5.949134315685416,2.1019857445295425,6.285697791518015
Seattle,Water-cooled evaporative,2,17.173377966103345,1.2003307510335863,Fort Wayne,Water-cooled evaporative,11,17.11463249756379,7.5413614034547445,0.3420728796367663,6.28273615164903
Henrico,Water-cooled evaporative,9,17.989698810550344,0.9464556701585684,New Albany,Water-cooled evaporative,7,18.03482783797511,5.944723850658858,0.250232648906919,6.2810378109551435
Henrico,Water-cooled evaporative,8,18.13923918554841,1.2094493152781127,Montgomery County / Clarksville,Water-cooled evaporative,9,17.929409655793705,0.19265116217094047,1.1567713927157162,6.277923795782563
Seattle,Water-cooled evaporative,5,17.454861151844938,1.379972735117141,Fort Wayne,Water-cooled evaporative,10,17.377248463785236,8.651257190054936,0.44464798307203046,6.269150809940141
Atlanta,Water-cooled evaporative,12,17.20455766710506,0.7745463045407869,Fort Wayne,Water-cooled evaporative,1,16.75566997613035,4.84178592905253,2.6091207903181375,6.251125207966912
Council Bluffs,Water-cooled evaporative,6,18.065271663687067,0.0255542662498215,Montgomery County / Clarksville,Water-cooled evaporative,8,18.225878581836163,0.15943836333341305,0.881202612142693,6.239207253095234
Henrico,Water-cooled evaporative,8,18.13923918554841,1.2094493152781127,Montgomery County / Clarksville,Water-cooled evaporative,7,18.23208011967617,0.19419104628193018,0.5092174536221253,6.228141505155762
Henrico,Water-cooled evaporative,12,17.17315705786896,0.4764154514832484,Mayes County,Water-cooled evaporative,1,16.97112774996448,2.9657169719923138,1.176424970805854,6.2250646211389595
Henrico,Water-cooled evaporative,4,17.502653145767887,0.1839295959169961,Seattle,Water-cooled evaporative,3,17.249131712627936,1.1438702157795326,1.4484743028873461,6.219065561888906
Atlanta,Water-cooled evaporative,9,17.983196012479553,0.7762135543356912,Fort Wayne,Water-cooled evaporative,6,17.801545760713267,4.8202201951417925,1.0101110594592202,6.209915001119883
Seattle,Water-cooled evaporative,3,17.249131712627936,1.1438702157795326,New Albany,Water-cooled evaporative,10,17.342821927071753,7.088610837405631,0.5402247387293388,6.19704118493446
Forest City,Water-cooled evaporative,7,18.187688983789265,40.84580884228518,New Albany,Water-cooled evaporative,9,17.744729047966636,6.59353106459328,2.435493240605993,6.194830727593568
Seattle,Water-cooled evaporative,12,17.166734198946635,1.2174132739277843,Fort Wayne,Water-cooled evaporative,11,17.11463249756379,7.5413614034547445,0.30350386263942114,6.194577934183171
Seattle,Water-cooled evaporative,3,17.249131712627936,1.1438702157795326,New Albany,Water-cooled evaporative,11,17.184289368160883,7.081530635583124,0.3759165710328609,6.19085149512102
Atlanta,Water-cooled evaporative,2,17.19450877402098,0.7840678433968516,Fort Wayne,Water-cooled evaporative,1,16.75566997613035,4.84178592905253,2.552203169384342,6.175212986769419
Forest City,Water-cooled evaporative,3,17.37517355832884,12.70987772498829,Fort Wayne,Water-cooled evaporative,3,17.05927373968985,2.0677764897661115,1.8181102915519478,6.146640020278942
Seattle,Water-cooled evaporative,5,17.454861151844938,1.379972735117141,Montgomery County / Clarksville,Water-cooled evaporative,10,17.610932406961034,0.22510495432330285,0.8862180122524698,6.130352569384947
Henrico,Water-cooled evaporative,12,17.17315705786896,0.4764154514832484,Montgomery County / Clarksville,Water-cooled evaporative,2,17.033207441225265,0.0778148194990946,0.8149323748225273,6.1224257095242836
Seattle,Water-cooled evaporative,1,17.125193144448993,1.1806652775159978,New Albany,Water-cooled evaporative,12,16.9650384555364,7.223122576219711,0.9351993146103833,6.11784111362743
Henrico,Water-cooled evaporative,9,17.989698810550344,0.9464556701585684,Fort Wayne,Water-cooled evaporative,7,17.95146502148568,5.777467960620443,0.21253156857878935,6.104319666289802
Atlanta,Water-cooled evaporative,6,18.028496874075547,0.7898038468567355,Fort Wayne,Water-cooled evaporative,6,17.801545760713267,4.8202201951417925,1.2588465635680828,6.1030599107934504
Atlanta,Water-cooled evaporative,3,17.41115935851971,0.8010068027762554,Montgomery County / Clarksville,Water-cooled evaporative,12,17.126348403620877,0.13125244922250706,1.6357954633243248,6.102795090843146
Henrico,Water-cooled evaporative,9,17.989698810550344,0.9464556701585684,New Albany,Water-cooled evaporative,6,17.889797109319222,5.757620868123333,0.5553272585782989,6.083349753886209
Atlanta,Water-cooled evaporative,11,17.376695685310406,0.7927291293276406,Fort Wayne,Water-cooled evaporative,6,17.801545760713267,4.8202201951417925,2.3865909236965,6.08053875758306
Atlanta,Water-cooled evaporative,1,17.065796158191247,0.7971616790451956,Fort Wayne,Water-cooled evaporative,1,16.75566997613035,4.84178592905253,1.8172382887161336,6.073781588261747
Atlanta,Water-cooled evaporative,1,17.065796158191247,0.7971616790451956,Montgomery County / Clarksville,Water-cooled evaporative,12,17.126348403620877,0.13125244922250706,0.3535619152581752,6.073499456713368
Seattle,Water-cooled evaporative,11,17.292650708839894,1.2495704990225598,Montgomery County / Clarksville,Water-cooled evaporative,11,17.326333368954696,0.20594604712632414,0.19440154704142504,6.067465321420286
Henrico,Water-cooled evaporative,3,17.255202194642898,0.2279145531388211,Seattle,Water-cooled evaporative,5,17.454861151844938,1.379972735117141,1.1438587535308824,6.054781127893178
Atlanta,Water-cooled evaporative,11,17.376695685310406,0.7927291293276406,Montgomery County / Clarksville,Water-cooled evaporative,12,17.126348403620877,0.13125244922250706,1.4407070609008954,6.039728279536776
Seattle,Water-cooled evaporative,11,17.292650708839894,1.2495704990225598,Fort Wayne,Water-cooled evaporative,11,17.11463249756379,7.5413614034547445,1.029444324490416,6.035162809424323
Henrico,Water-cooled evaporative,2,17.064803087888635,0.2592927482258607,Seattle,Water-cooled evaporative,10,17.40923985865238,1.5614516299414214,1.9784710507768741,6.0219641336875975
Atlanta,Water-cooled evaporative,3,17.41115935851971,0.8010068027762554,Fort Wayne,Water-cooled evaporative,6,17.801545760713267,4.8202201951417925,2.1929915943317178,6.0177019451459275
Seattle,Water-cooled evaporative,2,17.173377966103345,1.2003307510335863,New Albany,Water-cooled evaporative,12,16.9650384555364,7.223122576219711,1.2131539349926526,6.017610204520706
Seattle,Water-cooled evaporative,1,17.125193144448993,1.1806652775159978,New Albany,Water-cooled evaporative,10,17.342821927071753,7.088610837405631,1.2548637328913994,6.003912347045017
Henrico,Water-cooled evaporative,1,16.972151884988754,0.3445485859877428,Fort Wayne,Water-cooled evaporative,3,17.05927373968985,2.0677764897661115,0.5107008424303495,6.001407562995112
Henrico,Water-cooled evaporative,5,17.76193221788505,0.2603086423781433,Seattle,Water-cooled evaporative,10,17.40923985865238,1.5614516299414214,1.9856643686407751,5.998462500807572
Seattle,Water-cooled evaporative,1,17.125193144448993,1.1806652775159978,New Albany,Water-cooled evaporative,11,17.184289368160883,7.081530635583124,0.3438968143854926,5.997915556966289
Atlanta,Water-cooled evaporative,2,17.19450877402098,0.7840678433968516,Montgomery County / Clarksville,Water-cooled evaporative,12,17.126348403620877,0.13125244922250706,0.39640777934340876,5.973738761001348
Henrico,Water-cooled evaporative,12,17.17315705786896,0.4764154514832484,Fort Wayne,Water-cooled evaporative,5,17.64714703608572,2.8409254489710696,2.6859297837068135,5.963126175119368
Mayes County,Water-cooled evaporative,9,17.925119247041305,3.3010240931505765,Forest City,Water-cooled evaporative,5,17.79722792614906,19.6710405684225,0.7134754259074492,5.959072098031247
Forest City,Water-cooled evaporative,4,17.53766580277945,12.316581211122307,Fort Wayne,Water-cooled evaporative,3,17.05927373968985,2.0677764897661115,2.727797806557488,5.956437396440004
Forest City,Water-cooled evaporative,6,17.995629734477507,28.706840078736402,Fort Wayne,Water-cooled evaporative,6,17.801545760713267,4.8202201951417925,1.0785061519264196,5.955503880853716
Henrico,Water-cooled evaporative,7,18.240049204659343,0.8095718691530903,Fort Wayne,Water-cooled evaporative,6,17.801545760713267,4.8202201951417925,2.4040694135521385,5.954036174928266
Forest City,Water-cooled evaporative,8,18.178730541556863,47.387271201364186,Fort Wayne,Water-cooled evaporative,8,17.982517090353113,7.967996641116271,1.0793572783050118,5.947200197956597
Mayes County,Water-cooled evaporative,12,17.04331351118919,3.174402907106473,Forest City,Water-cooled evaporative,12,17.161058771530662,18.876077953995914,0.686118857286391,5.946339675955566
Seattle,Water-cooled evaporative,6,17.548201323721468,1.4555128445111398,Fort Wayne,Water-cooled evaporative,10,17.377248463785236,8.651257190054936,0.97419021347299,5.9437862212480965
Henrico,Water-cooled evaporative,9,17.989698810550344,0.9464556701585684,Montgomery County / Clarksville,Water-cooled evaporative,8,18.225878581836163,0.15943836333341305,1.2958484839309472,5.936185309299536
Seattle,Water-cooled evaporative,12,17.166734198946635,1.2174132739277843,New Albany,Water-cooled evaporative,12,16.9650384555364,7.223122576219711,1.174922038593747,5.933172186397714
Henrico,Water-cooled evaporative,11,17.314232307912096,0.5899915641596294,Mayes County,Water-cooled evaporative,2,17.03489650235795,3.4988698853981868,1.613330585997158,5.930372734026965
Council Bluffs,Water-cooled evaporative,9,17.812899523243495,0.0269707448142641,Montgomery County / Clarksville,Water-cooled evaporative,8,18.225878581836163,0.15943836333341305,2.2658938318849646,5.911529860647023
Seattle,Water-cooled evaporative,12,17.166734198946635,1.2174132739277843,Montgomery County / Clarksville,Water-cooled evaporative,11,17.326333368954696,0.20594604712632414,0.9211364378687912,5.911321391767435
Seattle,Water-cooled evaporative,3,17.249131712627936,1.1438702157795326,New Albany,Water-cooled evaporative,1,16.867860356409007,6.759291788974309,2.2103799922856564,5.909142222369992
Seattle,Water-cooled evaporative,2,17.173377966103345,1.2003307510335863,New Albany,Water-cooled evaporative,10,17.342821927071753,7.088610837405631,0.9770264705532725,5.905547976090538
Seattle,Water-cooled evaporative,6,17.548201323721468,1.4555128445111398,Montgomery County / Clarksville,Water-cooled evaporative,6,18.08988933307039,0.2464654370419071,2.9944241193264394,5.905545467065451
Atlanta,Water-cooled evaporative,12,17.20455766710506,0.7745463045407869,Montgomery County / Clarksville,Water-cooled evaporative,12,17.126348403620877,0.13125244922250706,0.4545845641455719,5.901195056769793
Seattle,Water-cooled evaporative,2,17.173377966103345,1.2003307510335863,New Albany,Water-cooled evaporative,11,17.184289368160883,7.081530635583124,0.06349638221150004,5.899649433695943
Atlanta,Water-cooled evaporative,4,17.602846437659863,0.8648748435260727,Montgomery County / Clarksville,Water-cooled evaporative,5,17.821154768270667,0.14664534676849442,1.2249954250971773,5.897731244697661
Council Bluffs,Water-cooled evaporative,7,18.12470824694942,0.0270372073180772,Montgomery County / Clarksville,Water-cooled evaporative,8,18.225878581836163,0.15943836333341305,0.5550916760060502,5.896998216484135
Henrico,Water-cooled evaporative,12,17.17315705786896,0.4764154514832484,Mayes County,Water-cooled evaporative,3,17.328948035857564,2.805691263418541,0.8990215543738609,5.889169326232892
Henrico,Water-cooled evaporative,10,17.56483916631861,0.8624373261930341,Montgomery County / Clarksville,Water-cooled evaporative,5,17.821154768270667,0.14664534676849442,1.438265955741595,5.881109392134643
Seattle,Water-cooled evaporative,8,17.708893461695116,2.1745776179476533,Forest City,Water-cooled evaporative,3,17.37517355832884,12.70987772498829,1.8844763174397248,5.844756986409047
Seattle,Water-cooled evaporative,4,17.354130306973452,1.3137358722983885,Montgomery County / Clarksville,Water-cooled evaporative,10,17.610932406961034,0.22510495432330285,1.4581970678967329,5.836103768784936
Atlanta,Water-cooled evaporative,5,17.830684138680336,0.8268216358804037,Fort Wayne,Water-cooled evaporative,6,17.801545760713267,4.8202201951417925,0.16341704973539742,5.829818652494741
Seattle,Water-cooled evaporative,2,17.173377966103345,1.2003307510335863,Montgomery County / Clarksville,Water-cooled evaporative,11,17.326333368954696,0.20594604712632414,0.8827915265985602,5.828374799042984
Seattle,Water-cooled evaporative,12,17.166734198946635,1.2174132739277843,New Albany,Water-cooled evaporative,10,17.342821927071753,7.088610837405631,1.0153349256861672,5.82268239489076
Seattle,Water-cooled evaporative,12,17.166734198946635,1.2174132739277843,New Albany,Water-cooled evaporative,11,17.184289368160883,7.081530635583124,0.10215824953910516,5.816866619776312
Forest City,Water-cooled evaporative,9,17.970017364380077,33.386214972073056,New Albany,Water-cooled evaporative,6,17.889797109319222,5.757620868123333,0.446411672477659,5.79861295781275
Seattle,Water-cooled evaporative,11,17.292650708839894,1.2495704990225598,New Albany,Water-cooled evaporative,12,16.9650384555364,7.223122576219711,1.8945172652797462,5.780484239880654
Forest City,Water-cooled evaporative,9,17.970017364380077,33.386214972073056,Fort Wayne,Water-cooled evaporative,7,17.95146502148568,5.777467960620443,0.10324053960665293,5.778693226796831
Seattle,Water-cooled evaporative,5,17.454861151844938,1.379972735117141,Fort Wayne,Water-cooled evaporative,8,17.982517090353113,7.967996641116271,2.9342718589225827,5.774024687842761
Seattle,Water-cooled evaporative,3,17.249131712627936,1.1438702157795326,New Albany,Water-cooled evaporative,9,17.744729047966636,6.59353106459328,2.7929270376517317,5.764230044314838
Henrico,Water-cooled evaporative,3,17.255202194642898,0.2279145531388211,Seattle,Water-cooled evaporative,4,17.354130306973452,1.3137358722983885,0.5700551429581119,5.764159656352446
Seattle,Water-cooled evaporative,9,17.590738175367985,2.2074385722956293,Forest City,Water-cooled evaporative,3,17.37517355832884,12.70987772498829,1.225443838059037,5.757749223241412
Henrico,Water-cooled evaporative,11,17.314232307912096,0.5899915641596294,Montgomery County / Clarksville,Water-cooled evaporative,1,17.018934267468634,0.10251914500766245,1.7055219959623626,5.754940349098039
Seattle,Water-cooled evaporative,4,17.354130306973452,1.3137358722983885,Fort Wayne,Water-cooled evaporative,11,17.11463249756379,7.5413614034547445,1.3800622974083865,5.740393912104333
Council Bluffs,Water-cooled evaporative,6,18.065271663687067,0.0255542662498215,Montgomery County / Clarksville,Water-cooled evaporative,5,17.821154768270667,0.14664534676849442,1.3513048680419182,5.738585695823638
Seattle,Water-cooled evaporative,1,17.125193144448993,1.1806652775159978,Montgomery County / Clarksville,Water-cooled evaporative,11,17.326333368954696,0.20594604712632414,1.160893192013183,5.7328863262512435
Seattle,Water-cooled evaporative,1,17.125193144448993,1.1806652775159978,New Albany,Water-cooled evaporative,1,16.867860356409007,6.759291788974309,1.5026562671113448,5.7249856650270825
Atlanta,Water-cooled evaporative,10,17.631360911378515,0.7507609580400378,Montgomery County / Clarksville,Water-cooled evaporative,12,17.126348403620877,0.13125244922250706,2.864285464383662,5.719976750813256
Henrico,Water-cooled evaporative,6,17.971922725305266,0.5784052032193264,Mayes County,Water-cooled evaporative,9,17.925119247041305,3.3010240931505765,0.26042554811377644,5.707113412496145
Mayes County,Water-cooled evaporative,4,17.57357699037506,2.231070572978707,Forest City,Water-cooled evaporative,3,17.37517355832884,12.70987772498829,1.1289871843101968,5.696761850083167
Council Bluffs,Water-cooled evaporative,8,18.17576209587628,0.0280341972757222,Montgomery County / Clarksville,Water-cooled evaporative,8,18.225878581836163,0.15943836333341305,0.27497432145646433,5.687281207494667
Seattle,Water-cooled evaporative,11,17.292650708839894,1.2495704990225598,New Albany,Water-cooled evaporative,10,17.342821927071753,7.088610837405631,0.28929097261584485,5.672837861449587
Seattle,Water-cooled evaporative,11,17.292650708839894,1.2495704990225598,New Albany,Water-cooled evaporative,11,17.184289368160883,7.081530635583124,0.6266323336052643,5.667171753112326
Seattle,Water-cooled evaporative,8,17.708893461695116,2.1745776179476533,Forest City,Water-cooled evaporative,4,17.53766580277945,12.316581211122307,0.9669020782469322,5.663895880040642
Council Bluffs,Water-cooled evaporative,10,17.42218299677707,0.0402559269828757,Henrico,Water-cooled evaporative,3,17.255202194642898,0.2279145531388211,0.9584378844204701,5.661639669501903
Seattle,Water-cooled evaporative,3,17.249131712627936,1.1438702157795326,New Albany,Water-cooled evaporative,4,17.360773418512416,6.453821140580956,0.6430687342848029,5.6420921285923695
Atlanta,Water-cooled evaporative,5,17.830684138680336,0.8268216358804037,Montgomery County / Clarksville,Water-cooled evaporative,5,17.821154768270667,0.14664534676849442,0.05344366113803528,5.6382398357698165
Forest City,Water-cooled evaporative,10,17.551068348095612,27.173213441099055,Fort Wayne,Water-cooled evaporative,6,17.801545760713267,4.8202201951417925,1.407054286097117,5.637338615461264
Seattle,Water-cooled evaporative,3,17.249131712627936,1.1438702157795326,New Albany,Water-cooled evaporative,2,16.87703640074658,6.446942234838222,2.1571828546531906,5.636078416854936
Kansas City,Water-cooled evaporative,3,17.138704051594342,0.0233070019755581,Montgomery County / Clarksville,Water-cooled evaporative,12,17.126348403620877,0.13125244922250706,0.07209207846911367,5.631459994732512
Seattle,Water-cooled evaporative,2,17.173377966103345,1.2003307510335863,New Albany,Water-cooled evaporative,1,16.867860356409007,6.759291788974309,1.7790187247806784,5.631191055593624
Forest City,Water-cooled evaporative,9,17.970017364380077,33.386214972073056,New Albany,Water-cooled evaporative,7,18.03482783797511,5.944723850658858,0.35936286266379724,5.616108638649857
Henrico,Water-cooled evaporative,2,17.064803087888635,0.2592927482258607,Seattle,Water-cooled evaporative,6,17.548201323721468,1.4555128445111398,2.75468822653283,5.613395879638309
Mayes County,Water-cooled evaporative,10,17.611557906068775,5.949134315685416,Forest City,Water-cooled evaporative,9,17.970017364380077,33.386214972073056,1.9947641176008828,5.611945066368288
Council Bluffs,Water-cooled evaporative,12,16.848479469873773,0.0462184965543775,Henrico,Water-cooled evaporative,2,17.064803087888635,0.2592927482258607,1.2676596202179,5.610151077086523
Council Bluffs,Water-cooled evaporative,1,16.786137022735872,0.046218602077775,Henrico,Water-cooled evaporative,2,17.064803087888635,0.2592927482258607,1.6329872880311154,5.610138268343387
Mayes County,Water-cooled evaporative,5,17.821497966615873,2.266069287350972,Forest City,Water-cooled evaporative,3,17.37517355832884,12.70987772498829,2.504415785491829,5.608777187852936
Forest City,Water-cooled evaporative,3,17.37517355832884,12.70987772498829,Fort Wayne,Water-cooled evaporative,4,17.29611907595038,2.2662366496044477,0.4549852818049408,5.608362977982327
Council Bluffs,Water-cooled evaporative,10,17.42218299677707,0.0402559269828757,Montgomery County / Clarksville,Water-cooled evaporative,10,17.610932406961034,0.22510495432330285,1.071774087948667,5.591846249598458
Henrico,Water-cooled evaporative,5,17.76193221788505,0.2603086423781433,Seattle,Water-cooled evaporative,6,17.548201323721468,1.4555128445111398,1.2033088041422086,5.591488746642365
Henrico,Water-cooled evaporative,10,17.56483916631861,0.8624373261930341,Fort Wayne,Water-cooled evaporative,6,17.801545760713267,4.8202201951417925,1.3296968565339546,5.589067226970776
Seattle,Water-cooled evaporative,9,17.590738175367985,2.2074385722956293,Forest City,Water-cooled evaporative,4,17.53766580277945,12.316581211122307,0.3017063414817397,5.579580499181755
Atlanta,Water-cooled evaporative,4,17.602846437659863,0.8648748435260727,Fort Wayne,Water-cooled evaporative,6,17.801545760713267,4.8202201951417925,1.1161914011530343,5.573315296684868
Henrico,Water-cooled evaporative,11,17.314232307912096,0.5899915641596294,Montgomery County / Clarksville,Water-cooled evaporative,4,17.495966388685023,0.10614035284181425,1.0387198782598117,5.5585981048972055
Seattle,Water-cooled evaporative,3,17.249131712627936,1.1438702157795326,Montgomery County / Clarksville,Water-cooled evaporative,11,17.326333368954696,0.20594604712632414,0.44557411359226423,5.554222728430909
Seattle,Water-cooled evaporative,12,17.166734198946635,1.2174132739277843,New Albany,Water-cooled evaporative,1,16.867860356409007,6.759291788974309,1.741005826000188,5.552175201085628
Seattle,Water-cooled evaporative,11,17.292650708839894,1.2495704990225598,Montgomery County / Clarksville,Water-cooled evaporative,10,17.610932406961034,0.22510495432330285,1.8072961201948272,5.551057295824272
Forest City,Water-cooled evaporative,9,17.970017364380077,33.386214972073056,New Albany,Water-cooled evaporative,8,17.973948046279865,6.021781884775739,0.021868773013406877,5.544241822587438
Seattle,Water-cooled evaporative,10,17.40923985865238,1.5614516299414214,Fort Wayne,Water-cooled evaporative,10,17.377248463785236,8.651257190054936,0.18376100925075808,5.540522052789744
Council Bluffs,Water-cooled evaporative,2,16.780793662112494,0.0468668477096319,Henrico,Water-cooled evaporative,2,17.064803087888635,0.2592927482258607,1.6642994607872748,5.532540823576061
Mayes County,Water-cooled evaporative,3,17.328948035857564,2.805691263418541,Forest City,Water-cooled evaporative,1,17.06378807311401,15.519826402403526,1.530156142166716,5.531551744397453
Kansas City,Water-cooled evaporative,10,17.474312529217023,0.0192033059303433,Montgomery County / Clarksville,Water-cooled evaporative,4,17.495966388685023,0.10614035284181425,0.12376486663808149,5.527191683912145
Henrico,Water-cooled evaporative,7,18.240049204659343,0.8095718691530903,Montgomery County / Clarksville,Water-cooled evaporative,5,17.821154768270667,0.14664534676849442,2.2965641796715732,5.52061069098321
Mayes County,Water-cooled evaporative,4,17.57357699037506,2.231070572978707,Forest City,Water-cooled evaporative,4,17.53766580277945,12.316581211122307,0.20434762720917427,5.520480329171485
Atlanta,Water-cooled evaporative,10,17.631360911378515,0.7507609580400378,Mayes County,Water-cooled evaporative,11,17.23413316543787,4.143638813801687,2.2529613450558426,5.519251859632141
Seattle,Water-cooled evaporative,3,17.249131712627936,1.1438702157795326,New Albany,Water-cooled evaporative,3,17.140821915955286,6.311753558576083,0.6279144856512239,5.517893089186438
Mayes County,Water-cooled evaporative,11,17.23413316543787,4.143638813801687,Forest City,Water-cooled evaporative,11,17.332512831225806,22.852894043752038,0.5676018633068386,5.515175204854564
Council Bluffs,Water-cooled evaporative,5,17.678164559991735,0.0266189030219744,Montgomery County / Clarksville,Water-cooled evaporative,5,17.821154768270667,0.14664534676849442,0.8023621933496438,5.509067997559327
Seattle,Water-cooled evaporative,4,17.354130306973452,1.3137358722983885,New Albany,Water-cooled evaporative,12,16.9650384555364,7.223122576219711,2.2420705881221914,5.498154331115901
Henrico,Water-cooled evaporative,3,17.255202194642898,0.2279145531388211,Seattle,Water-cooled evaporative,11,17.292650708839894,1.2495704990225598,0.21655739670871935,5.482627071477333
Seattle,Water-cooled evaporative,6,17.548201323721468,1.4555128445111398,Fort Wayne,Water-cooled evaporative,8,17.982517090353113,7.967996641116271,2.4152111990186165,5.474356802253068
Forest City,Water-cooled evaporative,9,17.970017364380077,33.386214972073056,New Albany,Water-cooled evaporative,5,17.607896950391954,6.099115392109956,2.0151366948921985,5.4739438140919106
Seattle,Water-cooled evaporative,1,17.125193144448993,1.1806652775159978,New Albany,Water-cooled evaporative,4,17.360773418512416,6.453821140580956,1.3569687731320512,5.466258103362837
Seattle,Water-cooled evaporative,5,17.454861151844938,1.379972735117141,Fort Wayne,Water-cooled evaporative,11,17.11463249756379,7.5413614034547445,1.9491914104695516,5.464862610357723
Atlanta,Water-cooled evaporative,3,17.41115935851971,0.8010068027762554,Montgomery County / Clarksville,Water-cooled evaporative,5,17.821154768270667,0.14664534676849442,2.300610791400138,5.462204020975763
Seattle,Water-cooled evaporative,1,17.125193144448993,1.1806652775159978,New Albany,Water-cooled evaporative,2,16.87703640074658,6.446942234838222,1.4490741307805424,5.460431807058768
Henrico,Water-cooled evaporative,8,18.13923918554841,1.2094493152781127,New Albany,Water-cooled evaporative,9,17.744729047966636,6.59353106459328,2.1748990326787223,5.451680348487442
Henrico,Water-cooled evaporative,6,17.971922725305266,0.5784052032193264,Montgomery County / Clarksville,Water-cooled evaporative,4,17.495966388685023,0.10614035284181425,2.6483328684141023,5.449437350951243
Council Bluffs,Water-cooled evaporative,3,17.0513355964971,0.0475899670194202,Henrico,Water-cooled evaporative,2,17.064803087888635,0.2592927482258607,0.07891969993543188,5.448475056098489
Seattle,Water-cooled evaporative,8,17.708893461695116,2.1745776179476533,Fort Wayne,Water-cooled evaporative,9,17.754465867605767,11.829776833810485,0.25668136822860316,5.440034301914374
Council Bluffs,Water-cooled evaporative,9,17.812899523243495,0.0269707448142641,Montgomery County / Clarksville,Water-cooled evaporative,5,17.821154768270667,0.14664534676849442,0.04632272787322347,5.437200484390689
Mayes County,Water-cooled evaporative,5,17.821497966615873,2.266069287350972,Forest City,Water-cooled evaporative,4,17.53766580277945,12.316581211122307,1.5926392066935717,5.435218278572741
Forest City,Water-cooled evaporative,4,17.53766580277945,12.316581211122307,Fort Wayne,Water-cooled evaporative,4,17.29611907595038,2.2662366496044477,1.377302598563543,5.434816886079422
Council Bluffs,Water-cooled evaporative,7,18.12470824694942,0.0270372073180772,Montgomery County / Clarksville,Water-cooled evaporative,5,17.821154768270667,0.14664534676849442,1.6748047722635515,5.423834830398577
Seattle,Water-cooled evaporative,11,17.292650708839894,1.2495704990225598,New Albany,Water-cooled evaporative,1,16.867860356409007,6.759291788974309,2.456479111173719,5.409292068163876
Seattle,Water-cooled evaporative,12,17.166734198946635,1.2174132739277843,Montgomery County / Clarksville,Water-cooled evaporative,10,17.610932406961034,0.22510495432330285,2.522286712308438,5.408202931772425
Atlanta,Water-cooled evaporative,11,17.376695685310406,0.7927291293276406,Montgomery County / Clarksville,Water-cooled evaporative,5,17.821154768270667,0.14664534676849442,2.4939970991755804,5.405757133085877
Seattle,Water-cooled evaporative,4,17.354130306973452,1.3137358722983885,New Albany,Water-cooled evaporative,10,17.342821927071753,7.088610837405631,0.06516246969261841,5.395765607742799
Mayes County,Water-cooled evaporative,2,17.03489650235795,3.4988698853981868,Forest City,Water-cooled evaporative,12,17.161058771530662,18.876077953995914,0.735165999093309,5.394907090649852
Seattle,Water-cooled evaporative,4,17.354130306973452,1.3137358722983885,New Albany,Water-cooled evaporative,11,17.184289368160883,7.081530635583124,0.9786773281535294,5.3903762429764095
Atlanta,Water-cooled evaporative,6,18.028496874075547,0.7898038468567355,Montgomery County / Clarksville,Water-cooled evaporative,5,17.821154768270667,0.14664534676849442,1.1500798278032374,5.385809125628653
Henrico,Water-cooled evaporative,11,17.314232307912096,0.5899915641596294,Mayes County,Water-cooled evaporative,12,17.04331351118919,3.174402907106473,1.5647173487391894,5.3804208397928885
Seattle,Water-cooled evaporative,2,17.173377966103345,1.2003307510335863,New Albany,Water-cooled evaporative,4,17.360773418512416,6.453821140580956,1.0794188017524848,5.376702325607896
Mayes County,Water-cooled evaporative,6,18.199521050354782,2.2011470590681332,Fort Wayne,Water-cooled evaporative,9,17.754465867605767,11.829776833810485,2.4454225005022314,5.374369143158786
Henrico,Water-cooled evaporative,8,18.13923918554841,1.2094493152781127,Montgomery County / Clarksville,Water-cooled evaporative,10,17.610932406961034,0.22510495432330285,2.912507923751722,5.372824062952712
Seattle,Water-cooled evaporative,2,17.173377966103345,1.2003307510335863,New Albany,Water-cooled evaporative,2,16.87703640074658,6.446942234838222,1.7255869284521779,5.370971483723848
Seattle,Water-cooled evaporative,9,17.590738175367985,2.2074385722956293,Fort Wayne,Water-cooled evaporative,9,17.754465867605767,11.829776833810485,0.922177515554066,5.359051428329482
Atlanta,Water-cooled evaporative,12,17.20455766710506,0.7745463045407869,Mayes County,Water-cooled evaporative,11,17.23413316543787,4.143638813801687,0.1716100139699686,5.349762550682322
Seattle,Water-cooled evaporative,1,17.125193144448993,1.1806652775159978,New Albany,Water-cooled evaporative,3,17.140821915955286,6.311753558576083,0.09117865866014997,5.345929687925932
Henrico,Water-cooled evaporative,3,17.255202194642898,0.2279145531388211,Seattle,Water-cooled evaporative,12,17.166734198946635,1.2174132739277843,0.5127033267899282,5.341533733417482
Kansas City,Water-cooled evaporative,10,17.474312529217023,0.0192033059303433,Montgomery County / Clarksville,Water-cooled evaporative,1,17.018934267468634,0.10251914500766245,2.6059867075571526,5.338619578292044
Seattle,Water-cooled evaporative,2,17.173377966103345,1.2003307510335863,Montgomery County / Clarksville,Water-cooled evaporative,10,17.610932406961034,0.22510495432330285,2.4845614686746367,5.332316006291151
Seattle,Water-cooled evaporative,3,17.249131712627936,1.1438702157795326,New Albany,Water-cooled evaporative,5,17.607896950391954,6.099115392109956,2.037524633264236,5.331999476840551
Mayes County,Water-cooled evaporative,3,17.328948035857564,2.805691263418541,Forest City,Water-cooled evaporative,2,17.18346880757389,14.943569593328107,0.8395156358172631,5.326163212669522
Henrico,Water-cooled evaporative,2,17.064803087888635,0.2592927482258607,Seattle,Water-cooled evaporative,5,17.454861151844938,1.379972735117141,2.234667240048913,5.322064518036948
Mayes County,Water-cooled evaporative,4,17.57357699037506,2.231070572978707,Fort Wayne,Water-cooled evaporative,9,17.754465867605767,11.829776833810485,1.018835928828201,5.302287151775985
Henrico,Water-cooled evaporative,5,17.76193221788505,0.2603086423781433,Seattle,Water-cooled evaporative,5,17.454861151844938,1.379972735117141,1.728815661907059,5.301294350083437
Seattle,Water-cooled evaporative,12,17.166734198946635,1.2174132739277843,New Albany,Water-cooled evaporative,4,17.360773418512416,6.453821140580956,1.1176876449459894,5.301257410935532
Seattle,Water-cooled evaporative,12,17.166734198946635,1.2174132739277843,New Albany,Water-cooled evaporative,2,16.87703640074658,6.446942234838222,1.6875533508163236,5.295606983188396
Atlanta,Water-cooled evaporative,9,17.983196012479553,0.7762135543356912,Montgomery County / Clarksville,Water-cooled evaporative,5,17.821154768270667,0.14664534676849442,0.9010703330844906,5.293134568811661
Atlanta,Water-cooled evaporative,2,17.19450877402098,0.7840678433968516,Mayes County,Water-cooled evaporative,11,17.23413316543787,4.143638813801687,0.22991809937011792,5.284796269478439
Seattle,Water-cooled evaporative,11,17.292650708839894,1.2495704990225598,New Albany,Water-cooled evaporative,9,17.744729047966636,6.59353106459328,2.547676765898809,5.276637908586093
Henrico,Water-cooled evaporative,3,17.255202194642898,0.2279145531388211,Seattle,Water-cooled evaporative,2,17.173377966103345,1.2003307510335863,0.4742003461712905,5.2665822980706
Forest City,Water-cooled evaporative,2,17.18346880757389,14.943569593328107,Fort Wayne,Water-cooled evaporative,5,17.64714703608572,2.8409254489710696,2.627496827468354,5.260106208961024
Seattle,Water-cooled evaporative,2,17.173377966103345,1.2003307510335863,New Albany,Water-cooled evaporative,3,17.140821915955286,6.311753558576083,0.18957278068600333,5.258345296195343
Council Bluffs,Water-cooled evaporative,11,17.14229831979521,0.0493426049820603,Henrico,Water-cooled evaporative,2,17.064803087888635,0.2592927482258607,0.45207025604662615,5.254946477190105
Seattle,Water-cooled evaporative,1,17.125193144448993,1.1806652775159978,Montgomery County / Clarksville,Water-cooled evaporative,10,17.610932406961034,0.22510495432330285,2.758168910579908,5.244954652665214
Seattle,Water-cooled evaporative,5,17.454861151844938,1.379972735117141,New Albany,Water-cooled evaporative,12,16.9650384555364,7.223122576219711,2.806225108566752,5.234250208288764
Mayes County,Water-cooled evaporative,1,16.97112774996448,2.9657169719923138,Forest City,Water-cooled evaporative,1,17.06378807311401,15.519826402403526,0.5430231713644393,5.233077380265857
Kansas City,Water-cooled evaporative,2,16.881328443209075,0.0250908454456192,Montgomery County / Clarksville,Water-cooled evaporative,12,17.126348403620877,0.13125244922250706,1.430660842798224,5.231089143926134
Council Bluffs,Water-cooled evaporative,8,18.17576209587628,0.0280341972757222,Montgomery County / Clarksville,Water-cooled evaporative,5,17.821154768270667,0.14664534676849442,1.9509901468509363,5.230945096312434
Atlanta,Water-cooled evaporative,11,17.376695685310406,0.7927291293276406,Mayes County,Water-cooled evaporative,11,17.23413316543787,4.143638813801687,0.8204236435644731,5.227055069007173
Atlanta,Water-cooled evaporative,8,18.243874995696743,0.7660284885937908,Montgomery County / Clarksville,Water-cooled evaporative,5,17.821154768270667,0.14664534676849442,2.317052860347842,5.223680842755291
Mayes County,Water-cooled evaporative,5,17.821497966615873,2.266069287350972,Fort Wayne,Water-cooled evaporative,9,17.754465867605767,11.829776833810485,0.3761305538719248,5.220395024919762
Council Bluffs,Water-cooled evaporative,4,17.399657086027492,0.0281100447894364,Montgomery County / Clarksville,Water-cooled evaporative,5,17.821154768270667,0.14664534676849442,2.365153592592226,5.2168307758656765
Mayes County,Water-cooled evaporative,10,17.611557906068775,5.949134315685416,Seattle,Water-cooled evaporative,3,17.249131712627936,1.1438702157795326,2.0578883218272863,5.200882262356275
Atlanta,Water-cooled evaporative,1,17.065796158191247,0.7971616790451956,Mayes County,Water-cooled evaporative,11,17.23413316543787,4.143638813801687,0.9767651533772221,5.197990473858139
Atlanta,Water-cooled evaporative,5,17.830684138680336,0.8268216358804037,Montgomery County / Clarksville,Water-cooled evaporative,8,18.225878581836163,0.15943836333341305,2.168314912125421,5.185838706531234
Seattle,Water-cooled evaporative,12,17.166734198946635,1.2174132739277843,New Albany,Water-cooled evaporative,3,17.140821915955286,6.311753558576083,0.150944744009256,5.184561145955182
Seattle,Water-cooled evaporative,6,17.548201323721468,1.4555128445111398,Fort Wayne,Water-cooled evaporative,11,17.11463249756379,7.5413614034547445,2.470730863861157,5.181240022644833
Henrico,Water-cooled evaporative,3,17.255202194642898,0.2279145531388211,Seattle,Water-cooled evaporative,1,17.125193144448993,1.1806652775159978,0.7534484309564816,5.180297884693932
Atlanta,Water-cooled evaporative,3,17.41115935851971,0.8010068027762554,Mayes County,Water-cooled evaporative,11,17.23413316543787,4.143638813801687,1.0167398358525543,5.1730382306866955
Atlanta,Water-cooled evaporative,7,18.187990649858357,0.7582102707736409,Montgomery County / Clarksville,Water-cooled evaporative,5,17.821154768270667,0.14664534676849442,2.0169126356492093,5.170367062315381
Seattle,Water-cooled evaporative,1,17.125193144448993,1.1806652775159978,New Albany,Water-cooled evaporative,5,17.607896950391954,6.099115392109956,2.741405218936246,5.165829391495182
Seattle,Water-cooled evaporative,11,17.292650708839894,1.2495704990225598,New Albany,Water-cooled evaporative,4,17.360773418512416,6.453821140580956,0.39239444021474656,5.164831552624898
Seattle,Water-cooled evaporative,11,17.292650708839894,1.2495704990225598,New Albany,Water-cooled evaporative,2,16.87703640074658,6.446942234838222,2.403415850415892,5.159326536502866
Seattle,Water-cooled evaporative,4,17.354130306973452,1.3137358722983885,New Albany,Water-cooled evaporative,1,16.867860356409007,6.759291788974309,2.802041600258389,5.145091895183534
Seattle,Water-cooled evaporative,5,17.454861151844938,1.379972735117141,New Albany,Water-cooled evaporative,10,17.342821927071753,7.088610837405631,0.6418797823627603,5.1367760079722915
Kansas City,Water-cooled evaporative,12,16.885069121742546,0.0255611534895248,Montgomery County / Clarksville,Water-cooled evaporative,12,17.126348403620877,0.13125244922250706,1.408819184288691,5.13484061962601
Seattle,Water-cooled evaporative,7,17.641672799526734,1.6856059412636832,Fort Wayne,Water-cooled evaporative,10,17.377248463785236,8.651257190054936,1.4988620339256729,5.132431595233444
Seattle,Water-cooled evaporative,5,17.454861151844938,1.379972735117141,New Albany,Water-cooled evaporative,11,17.184289368160883,7.081530635583124,1.5501228072241415,5.131645325573768
Forest City,Water-cooled evaporative,7,18.187688983789265,40.84580884228518,Fort Wayne,Water-cooled evaporative,8,17.982517090353113,7.967996641116271,1.1280811631374497,5.126233190349703
Atlanta,Water-cooled evaporative,10,17.631360911378515,0.7507609580400378,Montgomery County / Clarksville,Water-cooled evaporative,5,17.821154768270667,0.14664534676849442,1.0649919119162055,5.119568909508234
Council Bluffs,Water-cooled evaporative,10,17.42218299677707,0.0402559269828757,Montgomery County / Clarksville,Water-cooled evaporative,11,17.326333368954696,0.20594604712632414,0.5501585412121205,5.115918637619019
Henrico,Water-cooled evaporative,9,17.989698810550344,0.9464556701585684,Fort Wayne,Water-cooled evaporative,6,17.801545760713267,4.8202201951417925,1.0458932738036233,5.09291702413724
Seattle,Water-cooled evaporative,3,17.249131712627936,1.1438702157795326,Montgomery County / Clarksville,Water-cooled evaporative,10,17.610932406961034,0.22510495432330285,2.0544096472148747,5.08149729186622
Seattle,Water-cooled evaporative,2,17.173377966103345,1.2003307510335863,New Albany,Water-cooled evaporative,5,17.607896950391954,6.099115392109956,2.467750609359036,5.081195651163733
Henrico,Water-cooled evaporative,7,18.240049204659343,0.8095718691530903,Montgomery County / Clarksville,Water-cooled evaporative,8,18.225878581836163,0.15943836333341305,0.07768960853219567,5.077647889925565
Henrico,Water-cooled evaporative,2,17.064803087888635,0.2592927482258607,Seattle,Water-cooled evaporative,4,17.354130306973452,1.3137358722983885,1.6671951516265664,5.066612472918217
Forest City,Water-cooled evaporative,9,17.970017364380077,33.386214972073056,New Albany,Water-cooled evaporative,9,17.744729047966636,6.59353106459328,1.2536900318193553,5.063480348390908
Seattle,Water-cooled evaporative,11,17.292650708839894,1.2495704990225598,New Albany,Water-cooled evaporative,3,17.140821915955286,6.311753558576083,0.8779960657332534,5.0511384219724045
Henrico,Water-cooled evaporative,5,17.76193221788505,0.2603086423781433,Seattle,Water-cooled evaporative,4,17.354130306973452,1.3137358722983885,2.295932142455589,5.046839245505956
Henrico,Water-cooled evaporative,8,18.13923918554841,1.2094493152781127,New Albany,Water-cooled evaporative,5,17.607896950391954,6.099115392109956,2.929242123780896,5.0428863078958095
Mayes County,Water-cooled evaporative,10,17.611557906068775,5.949134315685416,Seattle,Water-cooled evaporative,1,17.125193144448993,1.1806652775159978,2.761622590197916,5.038798403728618
Mayes County,Water-cooled evaporative,1,16.97112774996448,2.9657169719923138,Forest City,Water-cooled evaporative,2,17.18346880757389,14.943569593328107,1.2357287110494135,5.0387713104292935
Henrico,Water-cooled evaporative,1,16.972151884988754,0.3445485859877428,Montgomery County / Clarksville,Water-cooled evaporative,3,17.386294144336638,0.06840600668931116,2.3820042149855443,5.03681771036023
Kansas City,Water-cooled evaporative,11,17.080305828668926,0.0261044868741696,Montgomery County / Clarksville,Water-cooled evaporative,12,17.126348403620877,0.13125244922250706,0.26884058333308497,5.02796511018117
Henrico,Water-cooled evaporative,11,17.314232307912096,0.5899915641596294,Mayes County,Water-cooled evaporative,1,16.97112774996448,2.9657169719923138,1.9816330972458236,5.026710807664875
Seattle,Water-cooled evaporative,4,17.354130306973452,1.3137358722983885,New Albany,Water-cooled evaporative,9,17.744729047966636,6.59353106459328,2.201209947682704,5.018916818536636
Henrico,Water-cooled evaporative,3,17.255202194642898,0.2279145531388211,Seattle,Water-cooled evaporative,3,17.249131712627936,1.1438702157795326,0.035180590447367044,5.01885553171679
Seattle,Water-cooled evaporative,12,17.166734198946635,1.2174132739277843,New Albany,Water-cooled evaporative,5,17.607896950391954,6.099115392109956,2.5054823565144635,5.00989723270567
Forest City,Water-cooled evaporative,6,17.995629734477507,28.706840078736402,New Albany,Water-cooled evaporative,6,17.889797109319222,5.757620868123333,0.5881018153842245,4.9858857914160035
Henrico,Water-cooled evaporative,8,18.13923918554841,1.2094493152781127,New Albany,Water-cooled evaporative,8,17.973948046279865,6.021781884775739,0.9112352374747403,4.978945218048291
Forest City,Water-cooled evaporative,6,17.995629734477507,28.706840078736402,Fort Wayne,Water-cooled evaporative,7,17.95146502148568,5.777467960620443,0.24541910254583368,4.968757987825097
Mayes County,Water-cooled evaporative,10,17.611557906068775,5.949134315685416,Seattle,Water-cooled evaporative,2,17.173377966103345,1.2003307510335863,2.4880248658435673,4.956245860203705
Atlanta,Water-cooled evaporative,6,18.028496874075547,0.7898038468567355,Montgomery County / Clarksville,Water-cooled evaporative,8,18.225878581836163,0.15943836333341305,1.0829749955501524,4.953662533559253
Council Bluffs,Water-cooled evaporative,12,16.848479469873773,0.0462184965543775,Henrico,Water-cooled evaporative,3,17.255202194642898,0.2279145531388211,2.357102050623303,4.931241172474586
Council Bluffs,Water-cooled evaporative,1,16.786137022735872,0.046218602077775,Henrico,Water-cooled evaporative,3,17.255202194642898,0.2279145531388211,2.718398582733811,4.931229913775728
Forest City,Climate-responsive hybrid,6,6.0880951505970735,9.711800945619709,New Albany,Climate-responsive hybrid,6,6.134218033425603,1.9742259536566504,0.7518950675897786,4.919295548532104
Henrico,Water-cooled evaporative,8,18.13923918554841,1.2094493152781127,Mayes County,Water-cooled evaporative,10,17.611557906068775,5.949134315685416,2.909059603227675,4.918878567736766
Henrico,Water-cooled evaporative,8,18.13923918554841,1.2094493152781127,New Albany,Water-cooled evaporative,7,18.03482783797511,5.944723850658858,0.5756104018766229,4.915231895676314
Henrico,Water-cooled evaporative,9,17.989698810550344,0.9464556701585684,Montgomery County / Clarksville,Water-cooled evaporative,9,17.929409655793705,0.19265116217094047,0.335131540508511,4.912795020248946
Seattle,Water-cooled evaporative,4,17.354130306973452,1.3137358722983885,New Albany,Water-cooled evaporative,4,17.360773418512416,6.453821140580956,0.03826506676182735,4.91257129889432
Henrico,Water-cooled evaporative,6,17.971922725305266,0.5784052032193264,Fort Wayne,Water-cooled evaporative,5,17.64714703608572,2.8409254489710696,1.8071282309835859,4.911652649662998
Seattle,Water-cooled evaporative,4,17.354130306973452,1.3137358722983885,New Albany,Water-cooled evaporative,2,16.87703640074658,6.446942234838222,2.7491663240258215,4.907335158291186
Henrico,Water-cooled evaporative,8,18.13923918554841,1.2094493152781127,Montgomery County / Clarksville,Water-cooled evaporative,6,18.08988933307039,0.2464654370419071,0.27206131400118055,4.907176153354384
Mayes County,Water-cooled evaporative,12,17.04331351118919,3.174402907106473,Forest City,Water-cooled evaporative,1,17.06378807311401,15.519826402403526,0.11998837442831058,4.8890537391014846
Mayes County,Water-cooled evaporative,10,17.611557906068775,5.949134315685416,Seattle,Water-cooled evaporative,12,17.166734198946635,1.2174132739277843,2.5257487696125844,4.886700714615596
Mayes County,Water-cooled evaporative,8,18.242584178594516,2.4209009003944426,Fort Wayne,Water-cooled evaporative,9,17.754465867605767,11.829776833810485,2.675708146445051,4.8865184162982604
Kansas City,Water-cooled evaporative,4,17.39951136286369,0.0159390041801391,Montgomery County / Clarksville,Water-cooled evaporative,2,17.033207441225265,0.0778148194990946,2.1052540729404616,4.882037711995601
Seattle,Water-cooled evaporative,11,17.292650708839894,1.2495704990225598,New Albany,Water-cooled evaporative,5,17.607896950391954,6.099115392109956,1.7903685059052032,4.880969418596879
Henrico,Water-cooled evaporative,9,17.989698810550344,0.9464556701585684,Montgomery County / Clarksville,Water-cooled evaporative,7,18.23208011967617,0.19419104628193018,1.3294221368863226,4.873837843092345
Seattle,Water-cooled evaporative,6,17.548201323721468,1.4555128445111398,New Albany,Water-cooled evaporative,10,17.342821927071753,7.088610837405631,1.170372922335265,4.87018088788249
Atlanta,Water-cooled evaporative,9,17.983196012479553,0.7762135543356912,Montgomery County / Clarksville,Water-cooled evaporative,8,18.225878581836163,0.15943836333341305,1.3315274117894464,4.8684239985109174
Seattle,Water-cooled evaporative,6,17.548201323721468,1.4555128445111398,New Albany,Water-cooled evaporative,11,17.184289368160883,7.081530635583124,2.0737849358307336,4.865316484349943
Council Bluffs,Water-cooled evaporative,2,16.780793662112494,0.0468668477096319,Henrico,Water-cooled evaporative,3,17.255202194642898,0.2279145531388211,2.7493652475291794,4.863022888820853
Kansas City,Water-cooled evaporative,1,16.852532170914774,0.0270125979043672,Montgomery County / Clarksville,Water-cooled evaporative,12,17.126348403620877,0.13125244922250706,1.598801018483384,4.858934697328284
Forest City,Climate-responsive hybrid,6,6.0880951505970735,9.711800945619709,Fort Wayne,Climate-responsive hybrid,7,6.217413407153797,2.001001406557636,2.0799365924088216,4.853470324304829
Seattle,Water-cooled evaporative,10,17.40923985865238,1.5614516299414214,Fort Wayne,Water-cooled evaporative,11,17.11463249756379,7.5413614034547445,1.6922471255525349,4.829711826384057
Forest City,Water-cooled evaporative,6,17.995629734477507,28.706840078736402,New Albany,Water-cooled evaporative,7,18.03482783797511,5.944723850658858,0.21734670189125097,4.828961075383646
Mayes County,Water-cooled evaporative,10,17.611557906068775,5.949134315685416,Forest City,Water-cooled evaporative,6,17.995629734477507,28.706840078736402,2.1342505601395874,4.8253810647791715
Henrico,Water-cooled evaporative,2,17.064803087888635,0.2592927482258607,Seattle,Water-cooled evaporative,11,17.292650708839894,1.2495704990225598,1.3175980061563652,4.819149426940793
Henrico,Water-cooled evaporative,11,17.314232307912096,0.5899915641596294,Fort Wayne,Water-cooled evaporative,5,17.64714703608572,2.8409254489710696,1.8865073628777702,4.815196727461044
Henrico,Water-cooled evaporative,10,17.56483916631861,0.8624373261930341,Mayes County,Water-cooled evaporative,11,17.23413316543787,4.143638813801687,1.8827727242437968,4.804568039851096
Atlanta,Water-cooled evaporative,8,18.243874995696743,0.7660284885937908,Montgomery County / Clarksville,Water-cooled evaporative,8,18.225878581836163,0.15943836333341305,0.09864359334200982,4.804543101034557
Seattle,Water-cooled evaporative,4,17.354130306973452,1.3137358722983885,New Albany,Water-cooled evaporative,3,17.140821915955286,6.311753558576083,1.2291505667238916,4.804431158246165
Henrico,Water-cooled evaporative,5,17.76193221788505,0.2603086423781433,Seattle,Water-cooled evaporative,11,17.292650708839894,1.2495704990225598,2.642063393151689,4.800341961782977
Atlanta,Water-cooled evaporative,4,17.602846437659863,0.8648748435260727,Mayes County,Water-cooled evaporative,11,17.23413316543787,4.143638813801687,2.0946230118394937,4.79102710041626
Council Bluffs,Water-cooled evaporative,3,17.0513355964971,0.0475899670194202,Henrico,Water-cooled evaporative,3,17.255202194642898,0.2279145531388211,1.1814790452533235,4.789130302313831
Council Bluffs,Water-cooled evaporative,10,17.42218299677707,0.0402559269828757,Montgomery County / Clarksville,Water-cooled evaporative,9,17.929409655793705,0.19265116217094047,2.8290204125752085,4.785659568909978
Seattle,Water-cooled evaporative,5,17.454861151844938,1.379972735117141,New Albany,Water-cooled evaporative,9,17.744729047966636,6.59353106459328,1.6335436587289822,4.778015461322559
Henrico,Water-cooled evaporative,8,18.13923918554841,1.2094493152781127,Fort Wayne,Water-cooled evaporative,7,17.95146502148568,5.777467960620443,1.0351821382471618,4.77694094960227
Forest City,Water-cooled evaporative,6,17.995629734477507,28.706840078736402,New Albany,Water-cooled evaporative,8,17.973948046279865,6.021781884775739,0.12048307571089042,4.767167032620859
Mayes County,Water-cooled evaporative,10,17.611557906068775,5.949134315685416,Seattle,Water-cooled evaporative,11,17.292650708839894,1.2495704990225598,1.8107835713897242,4.760943316394676
Henrico,Water-cooled evaporative,8,18.13923918554841,1.2094493152781127,New Albany,Water-cooled evaporative,6,17.889797109319222,5.757620868123333,1.3751518113721,4.760530925431438
Henrico,Water-cooled evaporative,12,17.17315705786896,0.4764154514832484,Fort Wayne,Water-cooled evaporative,4,17.29611907595038,2.2662366496044477,0.7109225921807762,4.756849599543546
Atlanta,Water-cooled evaporative,7,18.187990649858357,0.7582102707736409,Montgomery County / Clarksville,Water-cooled evaporative,8,18.225878581836163,0.15943836333341305,0.20787986602503458,4.755507112100071
Henrico,Water-cooled evaporative,11,17.314232307912096,0.5899915641596294,Mayes County,Water-cooled evaporative,3,17.328948035857564,2.805691263418541,0.08491991501744911,4.755476915021496
Forest City,Water-cooled evaporative,11,17.332512831225806,22.852894043752038,Fort Wayne,Water-cooled evaporative,6,17.801545760713267,4.8202201951417925,2.6347876515453144,4.741047736114842
Seattle,Water-cooled evaporative,3,17.249131712627936,1.1438702157795326,Fort Wayne,Water-cooled evaporative,12,16.830439289174144,5.42128023027673,2.427324635403359,4.739418996570514
Seattle,Water-cooled evaporative,7,17.641672799526734,1.6856059412636832,Fort Wayne,Water-cooled evaporative,8,17.982517090353113,7.967996641116271,1.8954203636443518,4.727081488062825
Forest City,Water-cooled evaporative,10,17.551068348095612,27.173213441099055,New Albany,Water-cooled evaporative,6,17.889797109319222,5.757620868123333,1.8934186852636699,4.719521146580119
Mayes County,Water-cooled evaporative,12,17.04331351118919,3.174402907106473,Forest City,Water-cooled evaporative,2,17.18346880757389,14.943569593328107,0.8156402991398686,4.707521392408705
Forest City,Water-cooled evaporative,6,17.995629734477507,28.706840078736402,New Albany,Water-cooled evaporative,5,17.607896950391954,6.099115392109956,2.154594142058298,4.7067219150948745
Forest City,Water-cooled evaporative,10,17.551068348095612,27.173213441099055,Fort Wayne,Water-cooled evaporative,7,17.95146502148568,5.777467960620443,2.230440094503955,4.703308374241667
Atlanta,Water-cooled evaporative,4,17.602846437659863,0.8648748435260727,Henrico,Water-cooled evaporative,4,17.502653145767887,0.1839295959169961,0.569188013125087,4.70220596752887
Henrico,Water-cooled evaporative,2,17.064803087888635,0.2592927482258607,Seattle,Water-cooled evaporative,12,17.166734198946635,1.2174132739277843,0.5937711266261416,4.6951304356084
Henrico,Water-cooled evaporative,12,17.17315705786896,0.4764154514832484,Mayes County,Water-cooled evaporative,4,17.57357699037506,2.231070572978707,2.278534032800538,4.6830357118615735
Seattle,Water-cooled evaporative,5,17.454861151844938,1.379972735117141,New Albany,Water-cooled evaporative,4,17.360773418512416,6.453821140580956,0.5390345561275175,4.67677438571503
Council Bluffs,Water-cooled evaporative,4,17.399657086027492,0.0281100447894364,Montgomery County / Clarksville,Water-cooled evaporative,12,17.126348403620877,0.13125244922250706,1.5707705103343153,4.669236573818304
Henrico,Water-cooled evaporative,12,17.17315705786896,0.4764154514832484,Montgomery County / Clarksville,Water-cooled evaporative,1,17.018934267468634,0.10251914500766245,0.898045652762831,4.647087638583411
Seattle,Water-cooled evaporative,4,17.354130306973452,1.3137358722983885,New Albany,Water-cooled evaporative,5,17.607896950391954,6.099115392109956,1.4412092718026297,4.6425735345412456
Henrico,Water-cooled evaporative,12,17.17315705786896,0.4764154514832484,Seattle,Water-cooled evaporative,9,17.590738175367985,2.2074385722956293,2.3738692108086608,4.633431945632953
Henrico,Water-cooled evaporative,2,17.064803087888635,0.2592927482258607,Seattle,Water-cooled evaporative,2,17.173377966103345,1.2003307510335863,0.6322278495763313,4.629249214436267
Seattle,Water-cooled evaporative,10,17.40923985865238,1.5614516299414214,New Albany,Water-cooled evaporative,12,16.9650384555364,7.223122576219711,2.5515266991695302,4.625902229511067
Council Bluffs,Water-cooled evaporative,11,17.14229831979521,0.0493426049820603,Henrico,Water-cooled evaporative,3,17.255202194642898,0.2279145531388211,0.6543178896086259,4.619021497176425
Mayes County,Climate-responsive hybrid,10,2.7837914078994483,0.9403568429762827,Forest City,Climate-responsive hybrid,10,2.803651662870455,4.340717245166307,0.7083709875239297,4.616031964448402
Seattle,Water-cooled evaporative,1,17.125193144448993,1.1806652775159978,Fort Wayne,Water-cooled evaporative,12,16.830439289174144,5.42128023027673,1.7211709835248816,4.591716495366548
Seattle,Water-cooled evaporative,5,17.454861151844938,1.379972735117141,New Albany,Water-cooled evaporative,3,17.140821915955286,6.311753558576083,1.7991505813637412,4.573824828532065
Forest City,Water-cooled evaporative,10,17.551068348095612,27.173213441099055,New Albany,Water-cooled evaporative,7,18.03482783797511,5.944723850658858,2.6823626719677884,4.570979935104543
Council Bluffs,Water-cooled evaporative,10,17.42218299677707,0.0402559269828757,Henrico,Water-cooled evaporative,4,17.502653145767887,0.1839295959169961,0.45975971940159094,4.569006596102907
Mayes County,Water-cooled evaporative,10,17.611557906068775,5.949134315685416,Forest City,Water-cooled evaporative,10,17.551068348095612,27.173213441099055,0.343465117031578,4.567591182040466
Council Bluffs,Water-cooled evaporative,11,17.14229831979521,0.0493426049820603,Montgomery County / Clarksville,Water-cooled evaporative,10,17.610932406961034,0.22510495432330285,2.661040746375181,4.562080871189213
Kansas City,Water-cooled evaporative,5,17.73642893578077,0.0150073823564826,Montgomery County / Clarksville,Water-cooled evaporative,3,17.386294144336638,0.06840600668931116,1.9740997058194862,4.558157116571528
Mayes County,Water-cooled evaporative,11,17.23413316543787,4.143638813801687,Forest City,Water-cooled evaporative,12,17.161058771530662,18.876077953995914,0.42400968592813204,4.555435162718147
Kansas City,Water-cooled evaporative,3,17.138704051594342,0.0233070019755581,Montgomery County / Clarksville,Water-cooled evaporative,4,17.495966388685023,0.10614035284181425,2.0419697269293424,4.554011406234184
Henrico,Water-cooled evaporative,2,17.064803087888635,0.2592927482258607,Seattle,Water-cooled evaporative,1,17.125193144448993,1.1806652775159978,0.35263868880762445,4.553406470463888
Seattle,Water-cooled evaporative,3,17.249131712627936,1.1438702157795326,Fort Wayne,Water-cooled evaporative,2,16.799944420034144,5.202059116517799,2.6041153843410285,4.547770406778765
Seattle,Water-cooled evaporative,10,17.40923985865238,1.5614516299414214,New Albany,Water-cooled evaporative,10,17.342821927071753,7.088610837405631,0.38150965877822396,4.539756916883531
Seattle,Water-cooled evaporative,10,17.40923985865238,1.5614516299414214,New Albany,Water-cooled evaporative,11,17.184289368160883,7.081530635583124,1.2921327543183778,4.535222545349542
Henrico,Water-cooled evaporative,1,16.972151884988754,0.3445485859877428,Seattle,Water-cooled evaporative,10,17.40923985865238,1.5614516299414214,2.510666618487617,4.5318764709629935
Seattle,Water-cooled evaporative,6,17.548201323721468,1.4555128445111398,New Albany,Water-cooled evaporative,9,17.744729047966636,6.59353106459328,1.1075273322794887,4.530039765336345
Mayes County,Water-cooled evaporative,3,17.328948035857564,2.805691263418541,Forest City,Water-cooled evaporative,3,17.37517355832884,12.70987772498829,0.26604351499623746,4.53003432369896
Mayes County,Water-cooled evaporative,10,17.611557906068775,5.949134315685416,Seattle,Water-cooled evaporative,4,17.354130306973452,1.3137358722983885,1.4616969178326662,4.528409736789307
Atlanta,Water-cooled evaporative,12,17.20455766710506,0.7745463045407869,Mayes County,Water-cooled evaporative,2,17.03489650235795,3.4988698853981868,0.9861408123935788,4.517315317219927
Seattle,Water-cooled evaporative,2,17.173377966103345,1.2003307510335863,Fort Wayne,Water-cooled evaporative,12,16.830439289174144,5.42128023027673,1.9969203356852105,4.5164886641524005
Forest City,Water-cooled evaporative,10,17.551068348095612,27.173213441099055,New Albany,Water-cooled evaporative,8,17.973948046279865,6.021781884775739,2.352736844990372,4.512487160951203
Atlanta,Water-cooled evaporative,5,17.830684138680336,0.8268216358804037,Henrico,Water-cooled evaporative,4,17.502653145767887,0.1839295959169961,1.8396994212961648,4.495315893878941
Henrico,Water-cooled evaporative,11,17.314232307912096,0.5899915641596294,Montgomery County / Clarksville,Water-cooled evaporative,12,17.126348403620877,0.13125244922250706,1.0851414082353603,4.495089940450865
Atlanta,Water-cooled evaporative,4,17.602846437659863,0.8648748435260727,Montgomery County / Clarksville,Water-cooled evaporative,9,17.929409655793705,0.19265116217094047,1.8213829925421792,4.489331046747926
Henrico,Water-cooled evaporative,12,17.17315705786896,0.4764154514832484,Montgomery County / Clarksville,Water-cooled evaporative,4,17.495966388685023,0.10614035284181425,1.8450500169275061,4.488542187091387
Henrico,Water-cooled evaporative,10,17.56483916631861,0.8624373261930341,Montgomery County / Clarksville,Water-cooled evaporative,9,17.929409655793705,0.19265116217094047,2.0333658300751045,4.476678554514966
Seattle,Water-cooled evaporative,7,17.641672799526734,1.6856059412636832,Fort Wayne,Water-cooled evaporative,11,17.11463249756379,7.5413614034547445,2.9874735120191294,4.473976520159305
Forest City,Water-cooled evaporative,3,17.37517355832884,12.70987772498829,Fort Wayne,Water-cooled evaporative,5,17.64714703608572,2.8409254489710696,1.5411753367314052,4.4738511985914915
Atlanta,Water-cooled evaporative,2,17.19450877402098,0.7840678433968516,Mayes County,Water-cooled evaporative,2,17.03489650235795,3.4988698853981868,0.9282746821135668,4.4624580830147025
Council Bluffs,Water-cooled evaporative,12,16.848479469873773,0.0462184965543775,Montgomery County / Clarksville,Water-cooled evaporative,11,17.326333368954696,0.20594604712632414,2.7579632049394895,4.455922682037531
Forest City,Water-cooled evaporative,10,17.551068348095612,27.173213441099055,New Albany,Water-cooled evaporative,5,17.607896950391954,6.099115392109956,0.3227449732154242,4.4552712474093115
Seattle,Water-cooled evaporative,12,17.166734198946635,1.2174132739277843,Fort Wayne,Water-cooled evaporative,12,16.830439289174144,5.42128023027673,1.9589917678874884,4.453114112010507
Mayes County,Climate-responsive hybrid,11,0.9563293231642632,0.2299322666362521,Forest City,Climate-responsive hybrid,12,0.9278913832403586,1.0206217644299742,2.973655542612701,4.438793125301443
Mayes County,Water-cooled evaporative,2,17.03489650235795,3.4988698853981868,Forest City,Water-cooled evaporative,1,17.06378807311401,15.519826402403526,0.16931510536974304,4.435668347420499
Seattle,Water-cooled evaporative,6,17.548201323721468,1.4555128445111398,New Albany,Water-cooled evaporative,4,17.360773418512416,6.453821140580956,1.0680747374130541,4.434053031492545
Henrico,Water-cooled evaporative,1,16.972151884988754,0.3445485859877428,Montgomery County / Clarksville,Water-cooled evaporative,2,17.033207441225265,0.0778148194990946,0.3584501418607671,4.427801647625125
Seattle,Water-cooled evaporative,5,17.454861151844938,1.379972735117141,New Albany,Water-cooled evaporative,5,17.607896950391954,6.099115392109956,0.8691316116750076,4.41973615630328
Atlanta,Water-cooled evaporative,11,17.376695685310406,0.7927291293276406,Mayes County,Water-cooled evaporative,2,17.03489650235795,3.4988698853981868,1.9669975761928125,4.4137016743232085
Henrico,Water-cooled evaporative,2,17.064803087888635,0.2592927482258607,Seattle,Water-cooled evaporative,3,17.249131712627936,1.1438702157795326,1.0686255274191898,4.4115009910849805
Seattle,Water-cooled evaporative,1,17.125193144448993,1.1806652775159978,Fort Wayne,Water-cooled evaporative,2,16.799944420034144,5.202059116517799,1.8992412037132285,4.406040573550544
Kansas City,Water-cooled evaporative,3,17.138704051594342,0.0233070019755581,Montgomery County / Clarksville,Water-cooled evaporative,1,17.018934267468634,0.10251914500766245,0.6988263742996745,4.3986414518338135
Atlanta,Water-cooled evaporative,10,17.631360911378515,0.7507609580400378,Mayes County,Water-cooled evaporative,9,17.925119247041305,3.3010240931505765,1.6388082646160234,4.396904311284836
Henrico,Water-cooled evaporative,5,17.76193221788505,0.2603086423781433,Seattle,Water-cooled evaporative,3,17.249131712627936,1.1438702157795326,2.8870761298185776,4.394284436080549
Mayes County,Water-cooled evaporative,3,17.328948035857564,2.805691263418541,Forest City,Water-cooled evaporative,4,17.53766580277945,12.316581211122307,1.1901114393958145,4.389856208239891
Atlanta,Water-cooled evaporative,1,17.065796158191247,0.7971616790451956,Mayes County,Water-cooled evaporative,2,17.03489650235795,3.4988698853981868,0.18106190620627646,4.389159661549431
Seattle,Water-cooled evaporative,4,17.354130306973452,1.3137358722983885,New Albany,Water-cooled evaporative,6,17.889797109319222,5.757620868123333,2.9942586775717412,4.3826319959204145
Atlanta,Water-cooled evaporative,3,17.41115935851971,0.8010068027762554,Mayes County,Water-cooled evaporative,2,17.03489650235795,3.4988698853981868,2.1610442384334836,4.368090100197968
Seattle,Water-cooled evaporative,5,17.454861151844938,1.379972735117141,New Albany,Water-cooled evaporative,8,17.973948046279865,6.021781884775739,2.8879959655962453,4.363696275683716
Atlanta,Water-cooled evaporative,3,17.41115935851971,0.8010068027762554,Henrico,Water-cooled evaporative,4,17.502653145767887,0.1839295959169961,0.5227423893176952,4.354964184979422
Forest City,Water-cooled evaporative,6,17.995629734477507,28.706840078736402,New Albany,Water-cooled evaporative,9,17.744729047966636,6.59353106459328,1.3942312117601239,4.353788553888792
Atlanta,Water-cooled evaporative,7,18.187990649858357,0.7582102707736409,Mayes County,Water-cooled evaporative,9,17.925119247041305,3.3010240931505765,1.4453020560525662,4.353705324754269
Henrico,Water-cooled evaporative,12,17.17315705786896,0.4764154514832484,Fort Wayne,Water-cooled evaporative,3,17.05927373968985,2.0677764897661115,0.663147246574132,4.340280071371317
Seattle,Water-cooled evaporative,11,17.292650708839894,1.2495704990225598,Fort Wayne,Water-cooled evaporative,12,16.830439289174144,5.42128023027673,2.672877787495411,4.338514901333993
Seattle,Water-cooled evaporative,6,17.548201323721468,1.4555128445111398,New Albany,Water-cooled evaporative,3,17.140821915955286,6.311753558576083,2.321488112946888,4.33644648508478
Forest City,Water-cooled evaporative,4,17.53766580277945,12.316581211122307,Fort Wayne,Water-cooled evaporative,5,17.64714703608572,2.8409254489710696,0.6203905542487788,4.335411622850978
Atlanta,Water-cooled evaporative,1,17.065796158191247,0.7971616790451956,Henrico,Water-cooled evaporative,4,17.502653145767887,0.1839295959169961,2.4959472369037434,4.334058774341784
Seattle,Water-cooled evaporative,2,17.173377966103345,1.2003307510335863,Fort Wayne,Water-cooled evaporative,2,16.799944420034144,5.202059116517799,2.1744909289615624,4.333854741318913
Henrico,Water-cooled evaporative,6,17.971922725305266,0.5784052032193264,Mayes County,Water-cooled evaporative,7,18.31109635555001,2.5031364776930545,1.8522846674985802,4.327652074637174
Council Bluffs,Water-cooled evaporative,3,17.0513355964971,0.0475899670194202,Montgomery County / Clarksville,Water-cooled evaporative,11,17.326333368954696,0.20594604712632414,1.5871665781886448,4.327509767810577
Mayes County,Water-cooled evaporative,10,17.611557906068775,5.949134315685416,Seattle,Water-cooled evaporative,5,17.454861151844938,1.379972735117141,0.8897381768244428,4.311052069576154
Atlanta,Water-cooled evaporative,11,17.376695685310406,0.7927291293276406,Henrico,Water-cooled evaporative,4,17.502653145767887,0.1839295959169961,0.7196478122971767,4.309959609139707
Atlanta,Water-cooled evaporative,8,18.243874995696743,0.7660284885937908,Mayes County,Water-cooled evaporative,9,17.925119247041305,3.3010240931505765,1.7471932291282621,4.309270663301717
Forest City,Water-cooled evaporative,10,17.551068348095612,27.173213441099055,New Albany,Water-cooled evaporative,3,17.140821915955286,6.311753558576083,2.3374442170914347,4.305176554965063
Atlanta,Water-cooled evaporative,6,18.028496874075547,0.7898038468567355,Henrico,Water-cooled evaporative,4,17.502653145767887,0.1839295959169961,2.9167363867356437,4.294055249342031
Atlanta,Water-cooled evaporative,5,17.830684138680336,0.8268216358804037,Montgomery County / Clarksville,Water-cooled evaporative,9,17.929409655793705,0.19265116217094047,0.550634510609594,4.291807153214887
Kansas City,Water-cooled evaporative,4,17.39951136286369,0.0159390041801391,Montgomery County / Clarksville,Water-cooled evaporative,3,17.386294144336638,0.06840600668931116,0.0759631592601117,4.29173654239635
Mayes County,Water-cooled evaporative,1,16.97112774996448,2.9657169719923138,Forest City,Water-cooled evaporative,3,17.37517355832884,12.70987772498829,2.3254202728275946,4.285600360728297
Seattle,Water-cooled evaporative,12,17.166734198946635,1.2174132739277843,Fort Wayne,Water-cooled evaporative,2,16.799944420034144,5.202059116517799,2.1366310834765376,4.273042875353419
Mayes County,Water-cooled evaporative,2,17.03489650235795,3.4988698853981868,Forest City,Water-cooled evaporative,2,17.18346880757389,14.943569593328107,0.8646234755025554,4.270970365514882
Atlanta,Water-cooled evaporative,2,17.19450877402098,0.7840678433968516,Henrico,Water-cooled evaporative,4,17.502653145767887,0.1839295959169961,1.7605580661433293,4.262869384819866
Atlanta,Water-cooled evaporative,5,17.830684138680336,0.8268216358804037,Montgomery County / Clarksville,Water-cooled evaporative,7,18.23208011967617,0.19419104628193018,2.201591800612175,4.257774247119554
Atlanta,Water-cooled evaporative,9,17.983196012479553,0.7762135543356912,Mayes County,Water-cooled evaporative,9,17.925119247041305,3.3010240931505765,0.3229501885979831,4.252726681609806
Seattle,Water-cooled evaporative,3,17.249131712627936,1.1438702157795326,Fort Wayne,Water-cooled evaporative,1,16.75566997613035,4.84178592905253,2.8607917471945994,4.232810560377181
Seattle,Water-cooled evaporative,10,17.40923985865238,1.5614516299414214,New Albany,Water-cooled evaporative,9,17.744729047966636,6.59353106459328,1.8906413752916635,4.222693126165323
Atlanta,Water-cooled evaporative,9,17.983196012479553,0.7762135543356912,Henrico,Water-cooled evaporative,4,17.502653145767887,0.1839295959169961,2.6721772168761886,4.220166691857364
Mayes County,Water-cooled evaporative,3,17.328948035857564,2.805691263418541,Fort Wayne,Water-cooled evaporative,9,17.754465867605767,11.829776833810485,2.396680558690241,4.216350169404141
Forest City,Water-cooled evaporative,11,17.332512831225806,22.852894043752038,Fort Wayne,Water-cooled evaporative,12,16.830439289174144,5.42128023027673,2.896715248046082,4.2154054158874406
Atlanta,Water-cooled evaporative,12,17.20455766710506,0.7745463045407869,Henrico,Water-cooled evaporative,4,17.502653145767887,0.1839295959169961,1.7031445243197643,4.211102083268452
Forest City,Water-cooled evaporative,10,17.551068348095612,27.173213441099055,New Albany,Water-cooled evaporative,4,17.360773418512416,6.453821140580956,1.0842355907288346,4.210406958791702
Seattle,Water-cooled evaporative,7,17.641672799526734,1.6856059412636832,New Albany,Water-cooled evaporative,10,17.342821927071753,7.088610837405631,1.69400530126031,4.205378412519931
Henrico,Water-cooled evaporative,9,17.989698810550344,0.9464556701585684,Montgomery County / Clarksville,Water-cooled evaporative,10,17.610932406961034,0.22510495432330285,2.1054627294103256,4.204508394778547
Henrico,Water-cooled evaporative,7,18.240049204659343,0.8095718691530903,Montgomery County / Clarksville,Water-cooled evaporative,9,17.929409655793705,0.19265116217094047,1.703063107890553,4.202268286524805
Seattle,Water-cooled evaporative,7,17.641672799526734,1.6856059412636832,New Albany,Water-cooled evaporative,11,17.184289368160883,7.081530635583124,2.5926307361177314,4.201178022826714
Atlanta,Water-cooled evaporative,4,17.602846437659863,0.8648748435260727,Montgomery County / Clarksville,Water-cooled evaporative,11,17.326333368954696,0.20594604712632414,1.5708429297752096,4.199521455226435
Seattle,Water-cooled evaporative,6,17.548201323721468,1.4555128445111398,New Albany,Water-cooled evaporative,5,17.607896950391954,6.099115392109956,0.3390275785840338,4.190354908313059
Forest City,Water-cooled evaporative,9,17.970017364380077,33.386214972073056,Fort Wayne,Water-cooled evaporative,8,17.982517090353113,7.967996641116271,0.06951043566499365,4.190038785884307
Henrico,Water-cooled evaporative,10,17.56483916631861,0.8624373261930341,Montgomery County / Clarksville,Water-cooled evaporative,11,17.326333368954696,0.20594604712632414,1.3578592727524623,4.18768574695696
Seattle,Water-cooled evaporative,5,17.454861151844938,1.379972735117141,Fort Wayne,Water-cooled evaporative,7,17.95146502148568,5.777467960620443,2.766369591820893,4.186653702350152
Henrico,Water-cooled evaporative,6,17.971922725305266,0.5784052032193264,Mayes County,Water-cooled evaporative,8,18.242584178594516,2.4209009003944426,1.4836793441076124,4.185475661214716
Atlanta,Water-cooled evaporative,6,18.028496874075547,0.7898038468567355,Mayes County,Water-cooled evaporative,9,17.925119247041305,3.3010240931505765,0.5734123468878622,4.179549271997098
Council Bluffs,Water-cooled evaporative,11,17.14229831979521,0.0493426049820603,Montgomery County / Clarksville,Water-cooled evaporative,11,17.326333368954696,0.20594604712632414,1.062169619160397,4.173797617722064
Seattle,Water-cooled evaporative,5,17.454861151844938,1.379972735117141,New Albany,Water-cooled evaporative,6,17.889797109319222,5.757620868123333,2.431195584927655,4.172271467113145
Henrico,Water-cooled evaporative,7,18.240049204659343,0.8095718691530903,Montgomery County / Clarksville,Water-cooled evaporative,7,18.23208011967617,0.19419104628193018,0.04369004103968005,4.168945400179465
Atlanta,Climate-responsive hybrid,6,6.7901344671001835,0.2974665253708362,Montgomery County / Clarksville,Climate-responsive hybrid,9,6.6437922450398545,0.07138741998767438,2.155218321071429,4.166932008779645
Seattle,Water-cooled evaporative,11,17.292650708839894,1.2495704990225598,Fort Wayne,Water-cooled evaporative,2,16.799944420034144,5.202059116517799,2.849223621650328,4.163077729977587
Atlanta,Water-cooled evaporative,3,17.41115935851971,0.8010068027762554,Montgomery County / Clarksville,Water-cooled evaporative,9,17.929409655793705,0.19265116217094047,2.890503966518087,4.157809346955911
Seattle,Water-cooled evaporative,6,17.548201323721468,1.4555128445111398,New Albany,Water-cooled evaporative,8,17.973948046279865,6.021781884775739,2.368687844552414,4.1372234587172345
Seattle,Water-cooled evaporative,10,17.40923985865238,1.5614516299414214,New Albany,Water-cooled evaporative,4,17.360773418512416,6.453821140580956,0.27839492438193403,4.133218741347162
Forest City,Water-cooled evaporative,10,17.551068348095612,27.173213441099055,New Albany,Water-cooled evaporative,9,17.744729047966636,6.59353106459328,1.0913702843674367,4.121192904818024
Atlanta,Water-cooled evaporative,3,17.41115935851971,0.8010068027762554,Mayes County,Water-cooled evaporative,9,17.925119247041305,3.3010240931505765,2.867260638204275,4.121093705708076
Kansas City,Water-cooled evaporative,9,17.847691993264707,0.0166267092563554,Montgomery County / Clarksville,Water-cooled evaporative,3,17.386294144336638,0.06840600668931116,2.5851961648721278,4.114224025608893
Seattle,Water-cooled evaporative,1,17.125193144448993,1.1806652775159978,Fort Wayne,Water-cooled evaporative,1,16.75566997613035,4.84178592905253,2.1577751865439354,4.100896351622337
Atlanta,Water-cooled evaporative,6,18.028496874075547,0.7898038468567355,Montgomery County / Clarksville,Water-cooled evaporative,9,17.929409655793705,0.19265116217094047,0.5496144186281329,4.09965783728799
Atlanta,Water-cooled evaporative,12,17.20455766710506,0.7745463045407869,Mayes County,Water-cooled evaporative,12,17.04331351118919,3.174402907106473,0.9372176782212052,4.0984030115391406
Mayes County,Water-cooled evaporative,10,17.611557906068775,5.949134315685416,Seattle,Water-cooled evaporative,6,17.548201323721468,1.4555128445111398,0.3597443376969788,4.087311450476097
Kansas City,Water-cooled evaporative,2,16.881328443209075,0.0250908454456192,Montgomery County / Clarksville,Water-cooled evaporative,1,17.018934267468634,0.10251914500766245,0.8085454829130513,4.085918317493843
Seattle,Water-cooled evaporative,6,17.548201323721468,1.4555128445111398,New Albany,Water-cooled evaporative,7,18.03482783797511,5.944723850658858,2.6982598260737274,4.08428127108387
Atlanta,Water-cooled evaporative,10,17.631360911378515,0.7507609580400378,Henrico,Water-cooled evaporative,4,17.502653145767887,0.1839295959169961,0.7299933695280736,4.081784414830346
Forest City,Water-cooled evaporative,5,17.79722792614906,19.6710405684225,Fort Wayne,Water-cooled evaporative,6,17.801545760713267,4.8202201951417925,0.02425539120168689,4.080942316338279
Henrico,Water-cooled evaporative,7,18.240049204659343,0.8095718691530903,Mayes County,Water-cooled evaporative,9,17.925119247041305,3.3010240931505765,1.7265850222464862,4.077493572749564
Atlanta,Water-cooled evaporative,6,18.028496874075547,0.7898038468567355,Montgomery County / Clarksville,Water-cooled evaporative,7,18.23208011967617,0.19419104628193018,1.1166210562058374,4.067148624916947
Kansas City,Water-cooled evaporative,11,17.080305828668926,0.0261044868741696,Montgomery County / Clarksville,Water-cooled evaporative,4,17.495966388685023,0.10614035284181425,2.375750791822006,4.065981199072722
Kansas City,Water-cooled evaporative,10,17.474312529217023,0.0192033059303433,Montgomery County / Clarksville,Water-cooled evaporative,2,17.033207441225265,0.0778148194990946,2.5243058189226684,4.052157466081857
Atlanta,Water-cooled evaporative,2,17.19450877402098,0.7840678433968516,Mayes County,Water-cooled evaporative,12,17.04331351118919,3.174402907106473,0.8793229560604308,4.048632951651055
Atlanta,Climate-responsive hybrid,8,12.147137984465283,0.51003713592507,Montgomery County / Clarksville,Climate-responsive hybrid,7,11.839180136443627,0.126099861492769,2.5352296846837272,4.0447081375606215
Seattle,Water-cooled evaporative,10,17.40923985865238,1.5614516299414214,New Albany,Water-cooled evaporative,3,17.140821915955286,6.311753558576083,1.541813111177806,4.042234442326511
Seattle,Water-cooled evaporative,2,17.173377966103345,1.2003307510335863,Fort Wayne,Water-cooled evaporative,1,16.75566997613035,4.84178592905253,2.4322995207900524,4.033709812802298
Atlanta,Water-cooled evaporative,9,17.983196012479553,0.7762135543356912,Montgomery County / Clarksville,Water-cooled evaporative,9,17.929409655793705,0.19265116217094047,0.2990923117810774,4.029114309972096
Henrico,Water-cooled evaporative,11,17.314232307912096,0.5899915641596294,Montgomery County / Clarksville,Water-cooled evaporative,5,17.821154768270667,0.14664534676849442,2.844498389414757,4.023254587757465
Atlanta,Water-cooled evaporative,5,17.830684138680336,0.8268216358804037,Montgomery County / Clarksville,Water-cooled evaporative,11,17.326333368954696,0.20594604712632414,2.828555347641123,4.014748752974336
Kansas City,Water-cooled evaporative,12,16.885069121742546,0.0255611534895248,Montgomery County / Clarksville,Water-cooled evaporative,1,17.018934267468634,0.10251914500766245,0.7865659718891327,4.0107401667016225
Forest City,Water-cooled evaporative,8,18.178730541556863,47.387271201364186,Fort Wayne,Water-cooled evaporative,9,17.754465867605767,11.829776833810485,2.3338520419851156,4.0057620584969476
Henrico,Water-cooled evaporative,1,16.972151884988754,0.3445485859877428,Seattle,Water-cooled evaporative,5,17.454861151844938,1.379972735117141,2.765471822760171,4.0051615105633696
Atlanta,Water-cooled evaporative,11,17.376695685310406,0.7927291293276406,Mayes County,Water-cooled evaporative,12,17.04331351118919,3.174402907106473,1.9185590871746927,4.004397958479043
Mayes County,Water-cooled evaporative,12,17.04331351118919,3.174402907106473,Forest City,Water-cooled evaporative,3,17.37517355832884,12.70987772498829,1.9099668042197557,4.00386406417879
Atlanta,Water-cooled evaporative,9,17.983196012479553,0.7762135543356912,Montgomery County / Clarksville,Water-cooled evaporative,7,18.23208011967617,0.19419104628193018,1.365088928761448,3.9971644892873686
Atlanta,Water-cooled evaporative,5,17.830684138680336,0.8268216358804037,Mayes County,Water-cooled evaporative,9,17.925119247041305,3.3010240931505765,0.5268311304347737,3.992425875062679
Council Bluffs,Water-cooled evaporative,5,17.678164559991735,0.0266189030219744,Montgomery County / Clarksville,Water-cooled evaporative,4,17.495966388685023,0.10614035284181425,1.0306396384557561,3.9874052192982337
Henrico,Water-cooled evaporative,8,18.13923918554841,1.2094493152781127,Fort Wayne,Water-cooled evaporative,6,17.801545760713267,4.8202201951417925,1.8616735871931307,3.985466885012361
Atlanta,Water-cooled evaporative,1,17.065796158191247,0.7971616790451956,Mayes County,Water-cooled evaporative,12,17.04331351118919,3.174402907106473,0.13174097940497284,3.9821318442058455
Seattle,Water-cooled evaporative,8,17.708893461695116,2.1745776179476533,Fort Wayne,Water-cooled evaporative,10,17.377248463785236,8.651257190054936,1.8727595748838755,3.978362105198119
Seattle,Water-cooled evaporative,12,17.166734198946635,1.2174132739277843,Fort Wayne,Water-cooled evaporative,1,16.75566997613035,4.84178592905253,2.394539450849709,3.977109526193436
Atlanta,Water-cooled evaporative,8,18.243874995696743,0.7660284885937908,Montgomery County / Clarksville,Water-cooled evaporative,9,17.929409655793705,0.19265116217094047,1.723676247382816,3.9762463925034064
Seattle,Water-cooled evaporative,6,17.548201323721468,1.4555128445111398,Fort Wayne,Water-cooled evaporative,7,17.95146502148568,5.777467960620443,2.2464110716398733,3.9693692724236382
Atlanta,Water-cooled evaporative,3,17.41115935851971,0.8010068027762554,Mayes County,Water-cooled evaporative,12,17.04331351118919,3.174402907106473,2.112701628628338,3.9630161642874047
Seattle,Water-cooled evaporative,6,17.548201323721468,1.4555128445111398,New Albany,Water-cooled evaporative,6,17.889797109319222,5.757620868123333,1.909444715948223,3.955733465242716
Atlanta,Water-cooled evaporative,8,18.243874995696743,0.7660284885937908,Montgomery County / Clarksville,Water-cooled evaporative,7,18.23208011967617,0.19419104628193018,0.06465115565281829,3.944715800550641
Henrico,Water-cooled evaporative,6,17.971922725305266,0.5784052032193264,Montgomery County / Clarksville,Water-cooled evaporative,5,17.821154768270667,0.14664534676849442,0.8389083312845054,3.9442451872164837
Atlanta,Water-cooled evaporative,7,18.187990649858357,0.7582102707736409,Montgomery County / Clarksville,Water-cooled evaporative,9,17.929409655793705,0.19265116217094047,1.421712816124991,3.9356641414956877
Council Bluffs,Water-cooled evaporative,9,17.812899523243495,0.0269707448142641,Montgomery County / Clarksville,Water-cooled evaporative,4,17.495966388685023,0.10614035284181425,1.7792338307691877,3.9353882724691935
Kansas City,Water-cooled evaporative,11,17.080305828668926,0.0261044868741696,Montgomery County / Clarksville,Water-cooled evaporative,1,17.018934267468634,0.10251914500766245,0.3593118402908331,3.9272614513294717
Seattle,Water-cooled evaporative,9,17.590738175367985,2.2074385722956293,Fort Wayne,Water-cooled evaporative,10,17.377248463785236,8.651257190054936,1.213648395277097,3.9191383618245137
Henrico,Water-cooled evaporative,6,17.971922725305266,0.5784052032193264,Mayes County,Water-cooled evaporative,5,17.821497966615873,2.266069287350972,0.8369986950677706,3.9177885585024677
Seattle,Water-cooled evaporative,7,17.641672799526734,1.6856059412636832,New Albany,Water-cooled evaporative,9,17.744729047966636,6.59353106459328,0.5807710456515041,3.9116681444835026
Seattle,Water-cooled evaporative,10,17.40923985865238,1.5614516299414214,New Albany,Water-cooled evaporative,5,17.607896950391954,6.099115392109956,1.1282272510979854,3.9060546450220603
Atlanta,Water-cooled evaporative,7,18.187990649858357,0.7582102707736409,Montgomery County / Clarksville,Water-cooled evaporative,7,18.23208011967617,0.19419104628193018,0.24182358528707362,3.9044553561591973
Forest City,Water-cooled evaporative,12,17.161058771530662,18.876077953995914,Fort Wayne,Water-cooled evaporative,1,16.75566997613035,4.84178592905253,2.3622598162348396,3.898577556007252
Atlanta,Water-cooled evaporative,10,17.631360911378515,0.7507609580400378,Montgomery County / Clarksville,Water-cooled evaporative,9,17.929409655793705,0.19265116217094047,1.6623455548012374,3.896996776868044
Atlanta,Water-cooled evaporative,3,17.41115935851971,0.8010068027762554,Montgomery County / Clarksville,Water-cooled evaporative,11,17.326333368954696,0.20594604712632414,0.48719322945894317,3.8894011997468936
Mayes County,Water-cooled evaporative,12,17.04331351118919,3.174402907106473,Forest City,Water-cooled evaporative,4,17.53766580277945,12.316581211122307,2.818803238409944,3.8799678464096097
Mayes County,Water-cooled evaporative,4,17.57357699037506,2.231070572978707,Fort Wayne,Water-cooled evaporative,10,17.377248463785236,8.651257190054936,1.1171802228843424,3.877625967924728
Atlanta,Water-cooled evaporative,1,17.065796158191247,0.7971616790451956,Montgomery County / Clarksville,Water-cooled evaporative,11,17.326333368954696,0.20594604712632414,1.5037065558849225,3.8707306606192295
Council Bluffs,Water-cooled evaporative,3,17.0513355964971,0.0475899670194202,Henrico,Water-cooled evaporative,4,17.502653145767887,0.1839295959169961,2.5785664922458595,3.8648817689228343
Seattle,Water-cooled evaporative,11,17.292650708839894,1.2495704990225598,Fort Wayne,Water-cooled evaporative,6,17.801545760713267,4.8202201951417925,2.8587127135693393,3.8575015966784343
Henrico,Water-cooled evaporative,6,17.971922725305266,0.5784052032193264,Mayes County,Water-cooled evaporative,4,17.57357699037506,2.231070572978707,2.2164892483613783,3.8572795689956885
Atlanta,Water-cooled evaporative,11,17.376695685310406,0.7927291293276406,Montgomery County / Clarksville,Water-cooled evaporative,11,17.326333368954696,0.20594604712632414,0.28982677298241344,3.849207791987349
Atlanta,Water-cooled evaporative,4,17.602846437659863,0.8648748435260727,Montgomery County / Clarksville,Water-cooled evaporative,10,17.610932406961034,0.22510495432330285,0.045914487173741095,3.842095995292543
Mayes County,Water-cooled evaporative,10,17.611557906068775,5.949134315685416,Forest City,Water-cooled evaporative,11,17.332512831225806,22.852894043752038,1.5844428774061656,3.841381423091822
Henrico,Water-cooled evaporative,11,17.314232307912096,0.5899915641596294,Fort Wayne,Water-cooled evaporative,4,17.29611907595038,2.2662366496044477,0.10461469870333075,3.8411339877925608
Henrico,Water-cooled evaporative,11,17.314232307912096,0.5899915641596294,Mayes County,Water-cooled evaporative,5,17.821497966615873,2.266069287350972,2.846369366110592,3.8408503189002534
Henrico,Water-cooled evaporative,9,17.989698810550344,0.9464556701585684,Montgomery County / Clarksville,Water-cooled evaporative,6,18.08988933307039,0.2464654370419071,0.5538481782577013,3.8401151963455233
Forest City,Water-cooled evaporative,10,17.551068348095612,27.173213441099055,New Albany,Water-cooled evaporative,11,17.184289368160883,7.081530635583124,2.089781503098793,3.837194928531365
Forest City,Water-cooled evaporative,10,17.551068348095612,27.173213441099055,New Albany,Water-cooled evaporative,10,17.342821927071753,7.088610837405631,1.1865170649082126,3.8333622855566736
Henrico,Water-cooled evaporative,10,17.56483916631861,0.8624373261930341,Montgomery County / Clarksville,Water-cooled evaporative,10,17.610932406961034,0.22510495432330285,0.26173083614928294,3.8312676359595996
Atlanta,Water-cooled evaporative,12,17.20455766710506,0.7745463045407869,Mayes County,Water-cooled evaporative,1,16.97112774996448,2.9657169719923138,1.3567911576529237,3.8289731092973565
Seattle,Water-cooled evaporative,7,17.641672799526734,1.6856059412636832,New Albany,Water-cooled evaporative,4,17.360773418512416,6.453821140580956,1.5922491262951781,3.8287840488641054
Henrico,Water-cooled evaporative,10,17.56483916631861,0.8624373261930341,Mayes County,Water-cooled evaporative,9,17.925119247041305,3.3010240931505765,2.00991734424396,3.8275524410822266
Mayes County,Water-cooled evaporative,5,17.821497966615873,2.266069287350972,Fort Wayne,Water-cooled evaporative,10,17.377248463785236,8.651257190054936,2.4927730747596377,3.81773727676625
Atlanta,Water-cooled evaporative,4,17.602846437659863,0.8648748435260727,Mayes County,Water-cooled evaporative,9,17.925119247041305,3.3010240931505765,1.7978837682468174,3.8167650705301885
Henrico,Water-cooled evaporative,6,17.971922725305266,0.5784052032193264,Seattle,Water-cooled evaporative,9,17.590738175367985,2.2074385722956293,2.1210003835625,3.8164223973251277
Henrico,Water-cooled evaporative,1,16.972151884988754,0.3445485859877428,Seattle,Water-cooled evaporative,4,17.354130306973452,1.3137358722983885,2.201080752696704,3.8129190649040257
Mayes County,Water-cooled evaporative,10,17.611557906068775,5.949134315685416,Seattle,Water-cooled evaporative,10,17.40923985865238,1.5614516299414214,1.1487799574316904,3.810002309138837
Atlanta,Water-cooled evaporative,2,17.19450877402098,0.7840678433968516,Montgomery County / Clarksville,Water-cooled evaporative,11,17.326333368954696,0.20594604712632414,0.7608337674601011,3.8071516998620347
Henrico,Water-cooled evaporative,6,17.971922725305266,0.5784052032193264,Mayes County,Water-cooled evaporative,6,18.199521050354782,2.2011470590681332,1.2505731575011958,3.8055450518370884
Henrico,Water-cooled evaporative,5,17.76193221788505,0.2603086423781433,Montgomery County / Clarksville,Water-cooled evaporative,3,17.386294144336638,0.06840600668931116,2.114849155713872,3.8053477315292263
Kansas City,Water-cooled evaporative,1,16.852532170914774,0.0270125979043672,Montgomery County / Clarksville,Water-cooled evaporative,1,17.018934267468634,0.10251914500766245,0.9777468667467278,3.795234555765845
Atlanta,Water-cooled evaporative,4,17.602846437659863,0.8648748435260727,Henrico,Water-cooled evaporative,3,17.255202194642898,0.2279145531388211,1.9749319761899915,3.7947328576217934
Henrico,Water-cooled evaporative,2,17.064803087888635,0.2592927482258607,Montgomery County / Clarksville,Water-cooled evaporative,3,17.386294144336638,0.06840600668931116,1.8491062775026452,3.790496782008132
Atlanta,Water-cooled evaporative,10,17.631360911378515,0.7507609580400378,Fort Wayne,Water-cooled evaporative,5,17.64714703608572,2.8409254489710696,0.08945425951812296,3.784061249519003
Atlanta,Water-cooled evaporative,2,17.19450877402098,0.7840678433968516,Mayes County,Water-cooled evaporative,1,16.97112774996448,2.9657169719923138,1.2991416445348232,3.7824749439331775
Henrico,Water-cooled evaporative,11,17.314232307912096,0.5899915641596294,Mayes County,Water-cooled evaporative,4,17.57357699037506,2.231070572978707,1.4757649089027496,3.781529615862548
Council Bluffs,Water-cooled evaporative,4,17.399657086027492,0.0281100447894364,Montgomery County / Clarksville,Water-cooled evaporative,4,17.495966388685023,0.10614035284181425,0.5504657503218334,3.7758870054060254
Atlanta,Water-cooled evaporative,12,17.20455766710506,0.7745463045407869,Montgomery County / Clarksville,Water-cooled evaporative,11,17.326333368954696,0.20594604712632414,0.7028359622113313,3.760918528655673
Henrico,Water-cooled evaporative,6,17.971922725305266,0.5784052032193264,Seattle,Water-cooled evaporative,8,17.708893461695116,2.1745776179476533,1.4635566134490063,3.759609363546945
Forest City,Water-cooled evaporative,11,17.332512831225806,22.852894043752038,New Albany,Water-cooled evaporative,5,17.607896950391954,6.099115392109956,1.5639807521705074,3.7469194423367354
Atlanta,Water-cooled evaporative,7,18.187990649858357,0.7582102707736409,Fort Wayne,Water-cooled evaporative,5,17.64714703608572,2.8409254489710696,2.9736303706360703,3.74688336267501
Mayes County,Water-cooled evaporative,11,17.23413316543787,4.143638813801687,Forest City,Water-cooled evaporative,1,17.06378807311401,15.519826402403526,0.9884169437977757,3.745458303631553
Seattle,Water-cooled evaporative,7,17.641672799526734,1.6856059412636832,New Albany,Water-cooled evaporative,3,17.140821915955286,6.311753558576083,2.8390214990546974,3.744501252673694
Henrico,Water-cooled evaporative,11,17.314232307912096,0.5899915641596294,Seattle,Water-cooled evaporative,9,17.590738175367985,2.2074385722956293,1.5718832529897764,3.7414748047115807
Atlanta,Water-cooled evaporative,11,17.376695685310406,0.7927291293276406,Mayes County,Water-cooled evaporative,1,16.97112774996448,2.9657169719923138,2.333976163769596,3.741147968799519
Atlanta,Water-cooled evaporative,10,17.631360911378515,0.7507609580400378,Mayes County,Water-cooled evaporative,3,17.328948035857564,2.805691263418541,1.7151987134798323,3.7371299524460815
Mayes County,Water-cooled evaporative,9,17.925119247041305,3.3010240931505765,Forest City,Water-cooled evaporative,4,17.53766580277945,12.316581211122307,2.161511111429885,3.731139447506142
Council Bluffs,Water-cooled evaporative,11,17.14229831979521,0.0493426049820603,Henrico,Water-cooled evaporative,4,17.502653145767887,0.1839295959169961,2.0588582940627553,3.7276020587860765
Atlanta,Water-cooled evaporative,1,17.065796158191247,0.7971616790451956,Mayes County,Water-cooled evaporative,1,16.97112774996448,2.9657169719923138,0.554725999005488,3.720345633704465
Atlanta,Water-cooled evaporative,3,17.41115935851971,0.8010068027762554,Mayes County,Water-cooled evaporative,1,16.97112774996448,2.9657169719923138,2.5272964280802594,3.7024866227268802
Seattle,Water-cooled evaporative,10,17.40923985865238,1.5614516299414214,New Albany,Water-cooled evaporative,6,17.889797109319222,5.757620868123333,2.686208500467048,3.687351409239192
Henrico,Water-cooled evaporative,11,17.314232307912096,0.5899915641596294,Seattle,Water-cooled evaporative,8,17.708893461695116,2.1745776179476533,2.228604258287982,3.6857774755560655
Henrico,Water-cooled evaporative,10,17.56483916631861,0.8624373261930341,Mayes County,Water-cooled evaporative,12,17.04331351118919,3.174402907106473,2.969145633450884,3.680734600297165
Atlanta,Water-cooled evaporative,5,17.830684138680336,0.8268216358804037,Montgomery County / Clarksville,Water-cooled evaporative,10,17.610932406961034,0.22510495432330285,1.2324357832271406,3.6730494820335955
Seattle,Water-cooled evaporative,4,17.354130306973452,1.3137358722983885,Fort Wayne,Water-cooled evaporative,6,17.801545760713267,4.8202201951417925,2.5133517041381244,3.66909383901407
Atlanta,Water-cooled evaporative,12,17.20455766710506,0.7745463045407869,Fort Wayne,Water-cooled evaporative,5,17.64714703608572,2.8409254489710696,2.507993887485788,3.667857470000322
Seattle,Water-cooled evaporative,8,17.708893461695116,2.1745776179476533,Fort Wayne,Water-cooled evaporative,8,17.982517090353113,7.967996641116271,1.5216091678555128,3.6641583061249356
Atlanta,Water-cooled evaporative,9,17.983196012479553,0.7762135543356912,Fort Wayne,Water-cooled evaporative,5,17.64714703608572,2.8409254489710696,1.8686832761019228,3.659979181119075
Council Bluffs,Water-cooled evaporative,4,17.399657086027492,0.0281100447894364,Montgomery County / Clarksville,Water-cooled evaporative,1,17.018934267468634,0.10251914500766245,2.1881052981474656,3.6470644488687753
Atlanta,Water-cooled evaporative,10,17.631360911378515,0.7507609580400378,Montgomery County / Clarksville,Water-cooled evaporative,11,17.326333368954696,0.20594604712632414,1.7300283509423662,3.6454254330967206
Council Bluffs,Water-cooled evaporative,10,17.42218299677707,0.0402559269828757,Montgomery County / Clarksville,Water-cooled evaporative,5,17.821154768270667,0.14664534676849442,2.2387537546328775,3.6428262310510267
Atlanta,Climate-responsive hybrid,1,0.3747845878689035,0.0175065908778264,Henrico,Climate-responsive hybrid,3,0.3642068632313286,0.0048106097828996,2.8223478179083745,3.6391625319637306
Mayes County,Water-cooled evaporative,2,17.03489650235795,3.4988698853981868,Forest City,Water-cooled evaporative,3,17.37517355832884,12.70987772498829,1.9584095366217378,3.6325665547125228
Henrico,Water-cooled evaporative,12,17.17315705786896,0.4764154514832484,Montgomery County / Clarksville,Water-cooled evaporative,12,17.126348403620877,0.13125244922250706,0.2725687192538286,3.629764277202936
Forest City,Water-cooled evaporative,12,17.161058771530662,18.876077953995914,Fort Wayne,Water-cooled evaporative,2,16.799944420034144,5.202059116517799,2.1042661545777612,3.6285781324667745
Henrico,Water-cooled evaporative,6,17.971922725305266,0.5784052032193264,Montgomery County / Clarksville,Water-cooled evaporative,8,18.225878581836163,0.15943836333341305,1.3933806010536505,3.627766812995826
Henrico,Water-cooled evaporative,1,16.972151884988754,0.3445485859877428,Seattle,Water-cooled evaporative,11,17.292650708839894,1.2495704990225598,1.853381700974866,3.626688803381166
Atlanta,Water-cooled evaporative,2,17.19450877402098,0.7840678433968516,Fort Wayne,Water-cooled evaporative,5,17.64714703608572,2.8409254489710696,2.5649373303183913,3.623315855759628
Mayes County,Water-cooled evaporative,11,17.23413316543787,4.143638813801687,Seattle,Water-cooled evaporative,3,17.249131712627936,1.1438702157795326,0.08695247644890967,3.62247286155436
Atlanta,Water-cooled evaporative,12,17.20455766710506,0.7745463045407869,Mayes County,Water-cooled evaporative,3,17.328948035857564,2.805691263418541,0.7178183493603415,3.6223673742552807
Forest City,Water-cooled evaporative,11,17.332512831225806,22.852894043752038,New Albany,Water-cooled evaporative,3,17.140821915955286,6.311753558576083,1.1059614790832566,3.620688582287994
Mayes County,Water-cooled evaporative,6,18.199521050354782,2.2011470590681332,Fort Wayne,Water-cooled evaporative,8,17.982517090353113,7.967996641116271,1.1923608286243284,3.6199292583792935
Seattle,Water-cooled evaporative,7,17.641672799526734,1.6856059412636832,New Albany,Water-cooled evaporative,5,17.607896950391954,6.099115392109956,0.19145491200634154,3.6183518595915163
Seattle,Water-cooled evaporative,9,17.590738175367985,2.2074385722956293,Fort Wayne,Water-cooled evaporative,8,17.982517090353113,7.967996641116271,2.178665606247645,3.609611946225049
Mayes County,Water-cooled evaporative,11,17.23413316543787,4.143638813801687,Forest City,Water-cooled evaporative,2,17.18346880757389,14.943569593328107,0.29397682713502676,3.6063880721345374
Forest City,Water-cooled evaporative,10,17.551068348095612,27.173213441099055,Fort Wayne,Water-cooled evaporative,11,17.11463249756379,7.5413614034547445,2.486662588714595,3.603223872635362
Forest City,Water-cooled evaporative,6,17.995629734477507,28.706840078736402,Fort Wayne,Water-cooled evaporative,8,17.982517090353113,7.967996641116271,0.07286571416432289,3.6027675928732243
Atlanta,Water-cooled evaporative,6,18.028496874075547,0.7898038468567355,Fort Wayne,Water-cooled evaporative,5,17.64714703608572,2.8409254489710696,2.11526141448984,3.5970012811122607
Atlanta,Water-cooled evaporative,11,17.376695685310406,0.7927291293276406,Fort Wayne,Water-cooled evaporative,5,17.64714703608572,2.8409254489710696,1.5325499936181324,3.58372783825999
Mayes County,Water-cooled evaporative,9,17.925119247041305,3.3010240931505765,Fort Wayne,Water-cooled evaporative,9,17.754465867605767,11.829776833810485,0.9520348349353743,3.583668734304772
Atlanta,Water-cooled evaporative,2,17.19450877402098,0.7840678433968516,Mayes County,Water-cooled evaporative,3,17.328948035857564,2.805691263418541,0.7758074036484928,3.5783781812340645
Seattle,Water-cooled evaporative,7,17.641672799526734,1.6856059412636832,New Albany,Water-cooled evaporative,8,17.973948046279865,6.021781884775739,1.8486491999285777,3.572473101430376
Mayes County,Water-cooled evaporative,4,17.57357699037506,2.231070572978707,Fort Wayne,Water-cooled evaporative,8,17.982517090353113,7.967996641116271,2.274098213967128,3.5713781256494195
Kansas City,Water-cooled evaporative,10,17.474312529217023,0.0192033059303433,Montgomery County / Clarksville,Water-cooled evaporative,3,17.386294144336638,0.06840600668931116,0.5037015604088497,3.562199495099553
Atlanta,Water-cooled evaporative,3,17.41115935851971,0.8010068027762554,Montgomery County / Clarksville,Water-cooled evaporative,10,17.610932406961034,0.22510495432330285,1.1343695144861192,3.558370384091254
Atlanta,Water-cooled evaporative,3,17.41115935851971,0.8010068027762554,Fort Wayne,Water-cooled evaporative,5,17.64714703608572,2.8409254489710696,1.3372568216462957,3.5466932854059956
Forest City,Water-cooled evaporative,11,17.332512831225806,22.852894043752038,New Albany,Water-cooled evaporative,2,16.87703640074658,6.446942234838222,2.6278730321125274,3.5447648220359
Forest City,Water-cooled evaporative,11,17.332512831225806,22.852894043752038,New Albany,Water-cooled evaporative,4,17.360773418512416,6.453821140580956,0.16278414910060796,3.540986579261612
Atlanta,Water-cooled evaporative,11,17.376695685310406,0.7927291293276406,Mayes County,Water-cooled evaporative,3,17.328948035857564,2.805691263418541,0.2747797988613283,3.5392811486544087
Henrico,Water-cooled evaporative,12,17.17315705786896,0.4764154514832484,Seattle,Water-cooled evaporative,7,17.641672799526734,1.6856059412636832,2.655733087116001,3.5381009075499144
Henrico,Water-cooled evaporative,1,16.972151884988754,0.3445485859877428,Seattle,Water-cooled evaporative,12,17.166734198946635,1.2174132739277843,1.1334847484841952,3.5333573360567887
Mayes County,Water-cooled evaporative,10,17.611557906068775,5.949134315685416,Seattle,Water-cooled evaporative,7,17.641672799526734,1.6856059412636832,0.17070316290395798,3.5293743158174946
Seattle,Water-cooled evaporative,7,17.641672799526734,1.6856059412636832,New Albany,Water-cooled evaporative,7,18.03482783797511,5.944723850658858,2.1799766650421164,3.526757770088395
Atlanta,Water-cooled evaporative,11,17.376695685310406,0.7927291293276406,Montgomery County / Clarksville,Water-cooled evaporative,10,17.610932406961034,0.22510495432330285,1.3300642818777841,3.521597877357679
Mayes County,Water-cooled evaporative,2,17.03489650235795,3.4988698853981868,Forest City,Water-cooled evaporative,4,17.53766580277945,12.316581211122307,2.8667971329560884,3.520159827183921
Atlanta,Water-cooled evaporative,1,17.065796158191247,0.7971616790451956,Mayes County,Water-cooled evaporative,3,17.328948035857564,2.805691263418541,1.5185681042022605,3.519601276843954
Mayes County,Water-cooled evaporative,5,17.821497966615873,2.266069287350972,Fort Wayne,Water-cooled evaporative,8,17.982517090353113,7.967996641116271,0.8954203848560259,3.5162193343306085
Atlanta,Water-cooled evaporative,3,17.41115935851971,0.8010068027762554,Henrico,Water-cooled evaporative,3,17.255202194642898,0.2279145531388211,0.8957310691691512,3.514504851686096
Mayes County,Water-cooled evaporative,11,17.23413316543787,4.143638813801687,Seattle,Water-cooled evaporative,1,17.125193144448993,1.1806652775159978,0.6321177859258511,3.509579635067688
Atlanta,Water-cooled evaporative,4,17.602846437659863,0.8648748435260727,Montgomery County / Clarksville,Water-cooled evaporative,6,18.08988933307039,0.2464654370419071,2.692348673024521,3.5091120844624393
Atlanta,Water-cooled evaporative,6,18.028496874075547,0.7898038468567355,Montgomery County / Clarksville,Water-cooled evaporative,10,17.610932406961034,0.22510495432330285,2.3161357823178172,3.508602683717011
Henrico,Water-cooled evaporative,11,17.314232307912096,0.5899915641596294,Fort Wayne,Water-cooled evaporative,3,17.05927373968985,2.0677764897661115,1.4725375268630179,3.504756025980482
Atlanta,Water-cooled evaporative,3,17.41115935851971,0.8010068027762554,Mayes County,Water-cooled evaporative,3,17.328948035857564,2.805691263418541,0.47217603933949853,3.5027059117277597
Henrico,Water-cooled evaporative,10,17.56483916631861,0.8624373261930341,Montgomery County / Clarksville,Water-cooled evaporative,6,18.08988933307039,0.2464654370419071,2.9024509607802136,3.4992221893019098
Atlanta,Water-cooled evaporative,1,17.065796158191247,0.7971616790451956,Henrico,Water-cooled evaporative,3,17.255202194642898,0.2279145531388211,1.0976749754369968,3.4976339512626478
Fort Wayne,Water-cooled evaporative,3,17.05927373968985,2.0677764897661115,New Albany,Water-cooled evaporative,12,16.9650384555364,7.223122576219711,0.5523991559746311,3.493183432526949
Seattle,Water-cooled evaporative,5,17.454861151844938,1.379972735117141,Fort Wayne,Water-cooled evaporative,6,17.801545760713267,4.8202201951417925,1.9474972203449756,3.492982196298698
Henrico,Water-cooled evaporative,9,17.989698810550344,0.9464556701585684,Mayes County,Water-cooled evaporative,9,17.925119247041305,3.3010240931505765,0.35898079333693456,3.487774649390104
Henrico,Water-cooled evaporative,1,16.972151884988754,0.3445485859877428,Seattle,Water-cooled evaporative,2,17.173377966103345,1.2003307510335863,1.1717326754920838,3.4837779049143673
Atlanta,Water-cooled evaporative,2,17.19450877402098,0.7840678433968516,Montgomery County / Clarksville,Water-cooled evaporative,10,17.610932406961034,0.22510495432330285,2.364574591038993,3.483121221182669
Forest City,Water-cooled evaporative,12,17.161058771530662,18.876077953995914,Fort Wayne,Water-cooled evaporative,12,16.830439289174144,5.42128023027673,1.926568090921051,3.4818487796622133
Atlanta,Water-cooled evaporative,11,17.376695685310406,0.7927291293276406,Henrico,Water-cooled evaporative,3,17.255202194642898,0.2279145531388211,0.6991748769025952,3.4781856551511874
Forest City,Water-cooled evaporative,11,17.332512831225806,22.852894043752038,New Albany,Water-cooled evaporative,9,17.744729047966636,6.59353106459328,2.323034719924711,3.4659568325188004
Forest City,Water-cooled evaporative,7,18.187688983789265,40.84580884228518,Fort Wayne,Water-cooled evaporative,9,17.754465867605767,11.829776833810485,2.3819580187984917,3.4527962290501093
Mayes County,Water-cooled evaporative,11,17.23413316543787,4.143638813801687,Seattle,Water-cooled evaporative,2,17.173377966103345,1.2003307510335863,0.3525283154731994,3.452080862073777
Atlanta,Water-cooled evaporative,9,17.983196012479553,0.7762135543356912,Montgomery County / Clarksville,Water-cooled evaporative,10,17.610932406961034,0.22510495432330285,2.0700636597642847,3.4482295454984464
Atlanta,Water-cooled evaporative,12,17.20455766710506,0.7745463045407869,Montgomery County / Clarksville,Water-cooled evaporative,10,17.610932406961034,0.22510495432330285,2.307514051302284,3.4408230012936944
Atlanta,Water-cooled evaporative,2,17.19450877402098,0.7840678433968516,Henrico,Water-cooled evaporative,3,17.255202194642898,0.2279145531388211,0.3517398401785149,3.440183316943704
Atlanta,Water-cooled evaporative,5,17.830684138680336,0.8268216358804037,Fort Wayne,Water-cooled evaporative,5,17.64714703608572,2.8409254489710696,1.029332925013613,3.4359592512912878
Fort Wayne,Water-cooled evaporative,3,17.05927373968985,2.0677764897661115,New Albany,Water-cooled evaporative,10,17.342821927071753,7.088610837405631,1.6349599192925526,3.4281320406188738
Seattle,Water-cooled evaporative,7,17.641672799526734,1.6856059412636832,Fort Wayne,Water-cooled evaporative,7,17.95146502148568,5.777467960620443,1.7257211129462922,3.427531796838073
Henrico,Water-cooled evaporative,1,16.972151884988754,0.3445485859877428,Seattle,Water-cooled evaporative,1,17.125193144448993,1.1806652775159978,0.8936615089205309,3.426701851442222
Fort Wayne,Water-cooled evaporative,3,17.05927373968985,2.0677764897661115,New Albany,Water-cooled evaporative,11,17.184289368160883,7.081530635583124,0.727499553764861,3.424707975272571
Forest City,Water-cooled evaporative,5,17.79722792614906,19.6710405684225,New Albany,Water-cooled evaporative,6,17.889797109319222,5.757620868123333,0.5174412130249438,3.416522382939427
Seattle,Water-cooled evaporative,9,17.590738175367985,2.2074385722956293,Fort Wayne,Water-cooled evaporative,11,17.11463249756379,7.5413614034547445,2.7065702022151537,3.4163403222641406
Seattle,Water-cooled evaporative,7,17.641672799526734,1.6856059412636832,New Albany,Water-cooled evaporative,6,17.889797109319222,5.757620868123333,1.386959887114838,3.415757341129741
Forest City,Water-cooled evaporative,10,17.551068348095612,27.173213441099055,Fort Wayne,Water-cooled evaporative,8,17.982517090353113,7.967996641116271,2.3992678004402173,3.4102942891416985
Forest City,Water-cooled evaporative,5,17.79722792614906,19.6710405684225,Fort Wayne,Water-cooled evaporative,7,17.95146502148568,5.777467960620443,0.8591894597572934,3.4047857474072476
Mayes County,Water-cooled evaporative,11,17.23413316543787,4.143638813801687,Seattle,Water-cooled evaporative,12,17.166734198946635,1.2174132739277843,0.39107836665902773,3.4036418877156773
Atlanta,Water-cooled evaporative,12,17.20455766710506,0.7745463045407869,Henrico,Water-cooled evaporative,3,17.255202194642898,0.2279145531388211,0.2935029503946398,3.3984065250498343
Atlanta,Water-cooled evaporative,5,17.830684138680336,0.8268216358804037,Mayes County,Water-cooled evaporative,3,17.328948035857564,2.805691263418541,2.8138914857133783,3.3933452411789244
Forest City,Water-cooled evaporative,11,17.332512831225806,22.852894043752038,New Albany,Water-cooled evaporative,1,16.867860356409007,6.759291788974309,2.680814255505368,3.3809598338437548
Mayes County,Water-cooled evaporative,4,17.57357699037506,2.231070572978707,Fort Wayne,Water-cooled evaporative,11,17.11463249756379,7.5413614034547445,2.6115599178393274,3.3801536781448633
Henrico,Water-cooled evaporative,1,16.972151884988754,0.3445485859877428,Montgomery County / Clarksville,Water-cooled evaporative,1,17.018934267468634,0.10251914500766245,0.2748843243921732,3.3608218831906047
Atlanta,Water-cooled evaporative,5,17.830684138680336,0.8268216358804037,Montgomery County / Clarksville,Water-cooled evaporative,6,18.08988933307039,0.2464654370419071,1.4328733007569892,3.3547163683637202
Kansas City,Water-cooled evaporative,3,17.138704051594342,0.0233070019755581,Montgomery County / Clarksville,Water-cooled evaporative,2,17.033207441225265,0.0778148194990946,0.6155460182490446,3.3386885014511303
Atlanta,Water-cooled evaporative,10,17.631360911378515,0.7507609580400378,Montgomery County / Clarksville,Water-cooled evaporative,10,17.610932406961034,0.22510495432330285,0.11586459218980276,3.3351596382981925
Henrico,Water-cooled evaporative,2,17.064803087888635,0.2592927482258607,Montgomery County / Clarksville,Water-cooled evaporative,2,17.033207441225265,0.0778148194990946,0.18515095955483743,3.332176954145317
Henrico,Water-cooled evaporative,3,17.255202194642898,0.2279145531388211,Montgomery County / Clarksville,Water-cooled evaporative,3,17.386294144336638,0.06840600668931116,0.753995926937896,3.3317915219634378
Atlanta,Water-cooled evaporative,4,17.602846437659863,0.8648748435260727,Henrico,Water-cooled evaporative,5,17.76193221788505,0.2603086423781433,0.8956558232161157,3.3224976152335834
Henrico,Water-cooled evaporative,1,16.972151884988754,0.3445485859877428,Seattle,Water-cooled evaporative,3,17.249131712627936,1.1438702157795326,1.605760987009025,3.3199097668629687
Mayes County,Water-cooled evaporative,11,17.23413316543787,4.143638813801687,Seattle,Water-cooled evaporative,11,17.292650708839894,1.2495704990225598,0.33839545126594384,3.31605044856847
Seattle,Water-cooled evaporative,6,17.548201323721468,1.4555128445111398,Fort Wayne,Water-cooled evaporative,6,17.801545760713267,4.8202201951417925,1.4231597659957844,3.31169883750545
Forest City,Water-cooled evaporative,5,17.79722792614906,19.6710405684225,New Albany,Water-cooled evaporative,7,18.03482783797511,5.944723850658858,1.3174504018593904,3.3089914792665005
Mayes County,Water-cooled evaporative,10,17.611557906068775,5.949134315685416,Forest City,Water-cooled evaporative,5,17.79722792614906,19.6710405684225,1.0432524708383568,3.3065383171057463
Atlanta,Water-cooled evaporative,7,18.187990649858357,0.7582102707736409,Mayes County,Water-cooled evaporative,7,18.31109635555001,2.5031364776930545,0.6723011189569792,3.3013750593736693
Henrico,Water-cooled evaporative,10,17.56483916631861,0.8624373261930341,Fort Wayne,Water-cooled evaporative,5,17.64714703608572,2.8409254489710696,0.46640893056992727,3.2940659717401917
Atlanta,Water-cooled evaporative,10,17.631360911378515,0.7507609580400378,Henrico,Water-cooled evaporative,3,17.255202194642898,0.2279145531388211,2.1334638807878994,3.294045718891653
Mayes County,Water-cooled evaporative,8,18.242584178594516,2.4209009003944426,Fort Wayne,Water-cooled evaporative,8,17.982517090353113,7.967996641116271,1.4256044302460198,3.2913353205899623
Atlanta,Water-cooled evaporative,4,17.602846437659863,0.8648748435260727,Fort Wayne,Water-cooled evaporative,5,17.64714703608572,2.8409254489710696,0.2510354695592905,3.284782151124536
Henrico,Water-cooled evaporative,7,18.240049204659343,0.8095718691530903,Montgomery County / Clarksville,Water-cooled evaporative,6,18.08988933307039,0.2464654370419071,0.8232426892280345,3.284727785240885
Henrico,Water-cooled evaporative,12,17.17315705786896,0.4764154514832484,Seattle,Water-cooled evaporative,10,17.40923985865238,1.5614516299414214,1.3560775927048214,3.2774999741928497
Fort Wayne,Water-cooled evaporative,3,17.05927373968985,2.0677764897661115,New Albany,Water-cooled evaporative,1,16.867860356409007,6.759291788974309,1.122048841009585,3.2688696396479777
Atlanta,Water-cooled evaporative,8,18.243874995696743,0.7660284885937908,Mayes County,Water-cooled evaporative,7,18.31109635555001,2.5031364776930545,0.3671072367706299,3.2676806606606723
Forest City,Water-cooled evaporative,5,17.79722792614906,19.6710405684225,New Albany,Water-cooled evaporative,8,17.973948046279865,6.021781884775739,0.983201462893861,3.266647803726469
Council Bluffs,Water-cooled evaporative,10,17.42218299677707,0.0402559269828757,Montgomery County / Clarksville,Water-cooled evaporative,12,17.126348403620877,0.13125244922250706,1.6980340133662932,3.2604503003580065
Seattle,Water-cooled evaporative,8,17.708893461695116,2.1745776179476533,New Albany,Water-cooled evaporative,10,17.342821927071753,7.088610837405631,2.067162103692059,3.2597644613374612
Seattle,Water-cooled evaporative,8,17.708893461695116,2.1745776179476533,New Albany,Water-cooled evaporative,11,17.184289368160883,7.081530635583124,2.962376472979341,3.2565085638408293
Henrico,Water-cooled evaporative,10,17.56483916631861,0.8624373261930341,Mayes County,Water-cooled evaporative,3,17.328948035857564,2.805691263418541,1.3429734723297513,3.253211773432172
Henrico,Water-cooled evaporative,1,16.972151884988754,0.3445485859877428,Montgomery County / Clarksville,Water-cooled evaporative,4,17.495966388685023,0.10614035284181425,2.9939158092749274,3.2461601715347514
Atlanta,Water-cooled evaporative,4,17.602846437659863,0.8648748435260727,Mayes County,Water-cooled evaporative,3,17.328948035857564,2.805691263418541,1.5559892701007465,3.244043094119618
Forest City,Water-cooled evaporative,11,17.332512831225806,22.852894043752038,New Albany,Water-cooled evaporative,11,17.184289368160883,7.081530635583124,0.8551758450043523,3.2271122190619783
Forest City,Water-cooled evaporative,5,17.79722792614906,19.6710405684225,New Albany,Water-cooled evaporative,5,17.607896950391954,6.099115392109956,1.0638228410781079,3.225228464093284
Atlanta,Water-cooled evaporative,9,17.983196012479553,0.7762135543356912,Mayes County,Water-cooled evaporative,7,18.31109635555001,2.5031364776930545,1.7907193359892506,3.2248038747987597
Forest City,Water-cooled evaporative,11,17.332512831225806,22.852894043752038,New Albany,Water-cooled evaporative,10,17.342821927071753,7.088610837405631,0.059443012730559484,3.2238889350732074
Seattle,Water-cooled evaporative,9,17.590738175367985,2.2074385722956293,New Albany,Water-cooled evaporative,10,17.342821927071753,7.088610837405631,1.4093567070618138,3.2112380957599282
Seattle,Water-cooled evaporative,9,17.590738175367985,2.2074385722956293,New Albany,Water-cooled evaporative,11,17.184289368160883,7.081530635583124,2.31058414465088,3.208030667063444
Forest City,Water-cooled evaporative,1,17.06378807311401,15.519826402403526,Fort Wayne,Water-cooled evaporative,1,16.75566997613035,4.84178592905253,1.8056840348898748,3.2053929334791014
Atlanta,Water-cooled evaporative,6,18.028496874075547,0.7898038468567355,Montgomery County / Clarksville,Water-cooled evaporative,6,18.08988933307039,0.2464654370419071,0.33937443101218623,3.204521722542554
Atlanta,Water-cooled evaporative,7,18.187990649858357,0.7582102707736409,Mayes County,Water-cooled evaporative,8,18.242584178594516,2.4209009003944426,0.29926422814711945,3.192914938918294
Fort Wayne,Water-cooled evaporative,4,17.29611907595038,2.2662366496044477,New Albany,Water-cooled evaporative,12,16.9650384555364,7.223122576219711,1.9141902235995445,3.1872763938754787
Mayes County,Water-cooled evaporative,7,18.31109635555001,2.5031364776930545,Fort Wayne,Water-cooled evaporative,8,17.982517090353113,7.967996641116271,1.7944270447646133,3.1832050358116115
Mayes County,Water-cooled evaporative,4,17.57357699037506,2.231070572978707,New Albany,Water-cooled evaporative,10,17.342821927071753,7.088610837405631,1.3130796503733368,3.177223940496697
Atlanta,Water-cooled evaporative,5,17.830684138680336,0.8268216358804037,Henrico,Water-cooled evaporative,5,17.76193221788505,0.2603086423781433,0.3855820688682471,3.176312658414554
Mayes County,Water-cooled evaporative,4,17.57357699037506,2.231070572978707,New Albany,Water-cooled evaporative,11,17.184289368160883,7.081530635583124,2.215187166661557,3.174050485605463
Mayes County,Water-cooled evaporative,10,17.611557906068775,5.949134315685416,Forest City,Water-cooled evaporative,12,17.161058771530662,18.876077953995914,2.557974353778635,3.172911713260108
Atlanta,Water-cooled evaporative,6,18.028496874075547,0.7898038468567355,Mayes County,Water-cooled evaporative,7,18.31109635555001,2.5031364776930545,1.5433236546145344,3.1693141121748734
Forest City,Water-cooled evaporative,11,17.332512831225806,22.852894043752038,New Albany,Water-cooled evaporative,12,16.9650384555364,7.223122576219711,2.120144835706524,3.163852447830439
Atlanta,Water-cooled evaporative,8,18.243874995696743,0.7660284885937908,Mayes County,Water-cooled evaporative,8,18.242584178594516,2.4209009003944426,0.00707534502692686,3.16032750275192
Mayes County,Water-cooled evaporative,11,17.23413316543787,4.143638813801687,Seattle,Water-cooled evaporative,4,17.354130306973452,1.3137358722983885,0.6914615680127885,3.15408820081343
Atlanta,Water-cooled evaporative,9,17.983196012479553,0.7762135543356912,Montgomery County / Clarksville,Water-cooled evaporative,6,18.08988933307039,0.2464654370419071,0.589795319509158,3.149380958449398
Forest City,Water-cooled evaporative,10,17.551068348095612,27.173213441099055,Fort Wayne,Water-cooled evaporative,10,17.377248463785236,8.651257190054936,0.9903664031325843,3.1409554523862795
Mayes County,Water-cooled evaporative,5,17.821497966615873,2.266069287350972,New Albany,Water-cooled evaporative,10,17.342821927071753,7.088610837405631,2.685947278061582,3.1281527343288764
Fort Wayne,Water-cooled evaporative,4,17.29611907595038,2.2662366496044477,New Albany,Water-cooled evaporative,10,17.342821927071753,7.088610837405631,0.26929211011774257,3.127921719315098
Fort Wayne,Water-cooled evaporative,4,17.29611907595038,2.2662366496044477,New Albany,Water-cooled evaporative,11,17.184289368160883,7.081530635583124,0.6465595391569179,3.1247975081592405
Fort Wayne,Water-cooled evaporative,3,17.05927373968985,2.0677764897661115,New Albany,Water-cooled evaporative,4,17.360773418512416,6.453821140580956,1.7366719301863935,3.121140593542078
Atlanta,Water-cooled evaporative,9,17.983196012479553,0.7762135543356912,Mayes County,Water-cooled evaporative,8,18.242584178594516,2.4209009003944426,1.421882796732954,3.1188593485285483
Fort Wayne,Water-cooled evaporative,3,17.05927373968985,2.0677764897661115,New Albany,Water-cooled evaporative,2,16.87703640074658,6.446942234838222,1.068259655856743,3.117813877247169
Atlanta,Water-cooled evaporative,8,18.243874995696743,0.7660284885937908,Montgomery County / Clarksville,Water-cooled evaporative,6,18.08988933307039,0.2464654370419071,0.8440403294951073,3.1080564390192413
Kansas City,Water-cooled evaporative,2,16.881328443209075,0.0250908454456192,Montgomery County / Clarksville,Water-cooled evaporative,2,17.033207441225265,0.0778148194990946,0.891664112823517,3.10132313666939
Council Bluffs,Water-cooled evaporative,11,17.14229831979521,0.0493426049820603,Kansas City,Water-cooled evaporative,4,17.39951136286369,0.0159390041801391,1.4782773935678442,3.0957144137990733
Forest City,Water-cooled evaporative,12,17.161058771530662,18.876077953995914,New Albany,Water-cooled evaporative,5,17.607896950391954,6.099115392109956,2.5377146408807496,3.0948878223249743
Henrico,Water-cooled evaporative,7,18.240049204659343,0.8095718691530903,Mayes County,Water-cooled evaporative,7,18.31109635555001,2.5031364776930545,0.3880005299034598,3.091926205775451
Atlanta,Water-cooled evaporative,3,17.41115935851971,0.8010068027762554,Henrico,Water-cooled evaporative,2,17.064803087888635,0.2592927482258607,1.989277471414309,3.0891986307250168
Seattle,Water-cooled evaporative,10,17.40923985865238,1.5614516299414214,Fort Wayne,Water-cooled evaporative,6,17.801545760713267,4.8202201951417925,2.2037743650704633,3.0870121768181993
Forest City,Water-cooled evaporative,2,17.18346880757389,14.943569593328107,Fort Wayne,Water-cooled evaporative,1,16.75566997613035,4.84178592905253,2.4895952978654887,3.086375525952333
Mayes County,Water-cooled evaporative,3,17.328948035857564,2.805691263418541,Fort Wayne,Water-cooled evaporative,10,17.377248463785236,8.651257190054936,0.277952105181272,3.083467273414102
Atlanta,Water-cooled evaporative,3,17.41115935851971,0.8010068027762554,Henrico,Water-cooled evaporative,5,17.76193221788505,0.2603086423781433,1.9748575496315357,3.0771425622229422
Atlanta,Water-cooled evaporative,7,18.187990649858357,0.7582102707736409,Montgomery County / Clarksville,Water-cooled evaporative,6,18.08988933307039,0.2464654370419071,0.5393741325061219,3.076335083221915
Atlanta,Water-cooled evaporative,1,17.065796158191247,0.7971616790451956,Henrico,Water-cooled evaporative,2,17.064803087888635,0.2592927482258607,0.005819068113831945,3.0743693547141415
Mayes County,Water-cooled evaporative,11,17.23413316543787,4.143638813801687,Forest City,Water-cooled evaporative,3,17.37517355832884,12.70987772498829,0.8117351600402284,3.0673227798364238
Atlanta,Water-cooled evaporative,6,18.028496874075547,0.7898038468567355,Mayes County,Water-cooled evaporative,8,18.242584178594516,2.4209009003944426,1.1735579916916326,3.065192591843093
Forest City,Climate-responsive hybrid,5,5.785684546482061,6.394840584286989,New Albany,Climate-responsive hybrid,9,5.61606980705539,2.086801699459442,2.93162784911604,3.0644217828380564
Mayes County,Water-cooled evaporative,2,17.03489650235795,3.4988698853981868,Seattle,Water-cooled evaporative,3,17.249131712627936,1.1438702157795326,1.2420057649229208,3.0587997109565026
Atlanta,Water-cooled evaporative,11,17.376695685310406,0.7927291293276406,Henrico,Water-cooled evaporative,2,17.064803087888635,0.2592927482258607,1.7948901394724492,3.057274585393042
Henrico,Water-cooled evaporative,12,17.17315705786896,0.4764154514832484,Seattle,Water-cooled evaporative,6,17.548201323721468,1.4555128445111398,2.137223405030851,3.055133581372346
Fort Wayne,Water-cooled evaporative,3,17.05927373968985,2.0677764897661115,New Albany,Water-cooled evaporative,3,17.140821915955286,6.311753558576083,0.47575417716421065,3.0524351107648062
Forest City,Water-cooled evaporative,5,17.79722792614906,19.6710405684225,New Albany,Water-cooled evaporative,4,17.360773418512416,6.453821140580956,2.4523735350681815,3.0479680393887962
Atlanta,Water-cooled evaporative,10,17.631360911378515,0.7507609580400378,Montgomery County / Clarksville,Water-cooled evaporative,6,18.08988933307039,0.2464654370419071,2.5347220939247608,3.046110509654886
Atlanta,Water-cooled evaporative,11,17.376695685310406,0.7927291293276406,Henrico,Water-cooled evaporative,5,17.76193221788505,0.2603086423781433,2.1688886538297782,3.045343105343635
Henrico,Climate-responsive hybrid,7,12.832675678971778,0.5695693645939708,Mayes County,Climate-responsive hybrid,7,12.685484560502603,1.7341123941484675,1.1470025593366273,3.044602645341828
Kansas City,Water-cooled evaporative,12,16.885069121742546,0.0255611534895248,Montgomery County / Clarksville,Water-cooled evaporative,2,17.033207441225265,0.0778148194990946,0.8697030197858182,3.0442608754328653
Atlanta,Water-cooled evaporative,6,18.028496874075547,0.7898038468567355,Henrico,Water-cooled evaporative,5,17.76193221788505,0.2603086423781433,1.4785739379848613,3.0341053590891116
Seattle,Water-cooled evaporative,8,17.708893461695116,2.1745776179476533,New Albany,Water-cooled evaporative,9,17.744729047966636,6.59353106459328,0.20195059713029045,3.0320973646441716
Forest City,Water-cooled evaporative,11,17.332512831225806,22.852894043752038,Fort Wayne,Water-cooled evaporative,11,17.11463249756379,7.5413614034547445,1.2570614300627474,3.0303406535168818
Atlanta,Water-cooled evaporative,5,17.830684138680336,0.8268216358804037,Mayes County,Water-cooled evaporative,7,18.31109635555001,2.5031364776930545,2.623612521836044,3.027420146096809
Atlanta,Water-cooled evaporative,2,17.19450877402098,0.7840678433968516,Henrico,Water-cooled evaporative,2,17.064803087888635,0.2592927482258607,0.7543436560881459,3.0238710830195608
Atlanta,Water-cooled evaporative,10,17.631360911378515,0.7507609580400378,Fort Wayne,Water-cooled evaporative,4,17.29611907595038,2.2662366496044477,1.901395116991706,3.018586176245449
Atlanta,Water-cooled evaporative,10,17.631360911378515,0.7507609580400378,Mayes County,Water-cooled evaporative,5,17.821497966615873,2.266069287350972,1.0668971575427166,3.0183632527547113
Mayes County,Water-cooled evaporative,11,17.23413316543787,4.143638813801687,Seattle,Water-cooled evaporative,5,17.454861151844938,1.379972735117141,1.2645645501667937,3.0026961463481
Henrico,Water-cooled evaporative,6,17.971922725305266,0.5784052032193264,Montgomery County / Clarksville,Water-cooled evaporative,9,17.929409655793705,0.19265116217094047,0.23655270591443306,3.0023447390683486
Henrico,Water-cooled evaporative,9,17.989698810550344,0.9464556701585684,Fort Wayne,Water-cooled evaporative,5,17.64714703608572,2.8409254489710696,1.9041551394052763,3.0016466048484904
Mayes County,Water-cooled evaporative,6,18.199521050354782,2.2011470590681332,New Albany,Water-cooled evaporative,9,17.744729047966636,6.59353106459328,2.498922917420842,2.995497750788484
Forest City,Water-cooled evaporative,12,17.161058771530662,18.876077953995914,New Albany,Water-cooled evaporative,3,17.140821915955286,6.311753558576083,0.11792311794274837,2.9906234105652114
Henrico,Water-cooled evaporative,7,18.240049204659343,0.8095718691530903,Mayes County,Water-cooled evaporative,8,18.242584178594516,2.4209009003944426,0.013895914692545043,2.9903471114022238
Atlanta,Water-cooled evaporative,7,18.187990649858357,0.7582102707736409,Mayes County,Water-cooled evaporative,5,17.821497966615873,2.266069287350972,2.0150256853433017,2.9887082445332545
Atlanta,Water-cooled evaporative,12,17.20455766710506,0.7745463045407869,Henrico,Water-cooled evaporative,2,17.064803087888635,0.2592927482258607,0.8123113765582896,2.987149890771751
Seattle,Water-cooled evaporative,9,17.590738175367985,2.2074385722956293,New Albany,Water-cooled evaporative,9,17.744729047966636,6.59353106459328,0.8678119129482971,2.9869601570549373
Council Bluffs,Water-cooled evaporative,3,17.0513355964971,0.0475899670194202,Kansas City,Water-cooled evaporative,4,17.39951136286369,0.0159390041801391,2.001066346665994,2.985755350934658
Forest City,Water-cooled evaporative,1,17.06378807311401,15.519826402403526,Fort Wayne,Water-cooled evaporative,2,16.799944420034144,5.202059116517799,1.5462197019170882,2.983400621712336
Forest City,Water-cooled evaporative,5,17.79722792614906,19.6710405684225,New Albany,Water-cooled evaporative,9,17.744729047966636,6.59353106459328,0.2949834569758323,2.9833848321507688
Fort Wayne,Water-cooled evaporative,4,17.29611907595038,2.2662366496044477,New Albany,Water-cooled evaporative,1,16.867860356409007,6.759291788974309,2.4760393800528924,2.982606335553741
Atlanta,Water-cooled evaporative,9,17.983196012479553,0.7762135543356912,Henrico,Water-cooled evaporative,5,17.76193221788505,0.2603086423781433,1.2303919416824196,2.981896979079576
Kansas City,Water-cooled evaporative,11,17.080305828668926,0.0261044868741696,Montgomery County / Clarksville,Water-cooled evaporative,2,17.033207441225265,0.0778148194990946,0.2757467454980086,2.9808982599114944
Henrico,Water-cooled evaporative,6,17.971922725305266,0.5784052032193264,Montgomery County / Clarksville,Water-cooled evaporative,7,18.23208011967617,0.19419104628193018,1.42692107901687,2.9785369320251096
Mayes County,Water-cooled evaporative,11,17.23413316543787,4.143638813801687,Forest City,Water-cooled evaporative,4,17.53766580277945,12.316581211122307,1.730747071788048,2.9724070471823163
Atlanta,Water-cooled evaporative,10,17.631360911378515,0.7507609580400378,Mayes County,Water-cooled evaporative,4,17.57357699037506,2.231070572978707,0.3277337540414375,2.971745599029571
Seattle,Water-cooled evaporative,8,17.708893461695116,2.1745776179476533,New Albany,Water-cooled evaporative,4,17.360773418512416,6.453821140580956,1.9657921819660515,2.9678504401567483
Mayes County,Water-cooled evaporative,2,17.03489650235795,3.4988698853981868,Seattle,Water-cooled evaporative,1,17.125193144448993,1.1806652775159978,0.5272737149847144,2.9634731807811447
Atlanta,Water-cooled evaporative,8,18.243874995696743,0.7660284885937908,Mayes County,Water-cooled evaporative,5,17.821497966615873,2.266069287350972,2.315171690117905,2.95820497682903
Mayes County,Water-cooled evaporative,4,17.57357699037506,2.231070572978707,New Albany,Water-cooled evaporative,9,17.744729047966636,6.59353106459328,0.9645233642560989,2.9553216040988977
Atlanta,Water-cooled evaporative,8,18.243874995696743,0.7660284885937908,Henrico,Water-cooled evaporative,5,17.76193221788505,0.2603086423781433,2.6416689323149294,2.942770096280561
Atlanta,Water-cooled evaporative,10,17.631360911378515,0.7507609580400378,Seattle,Water-cooled evaporative,9,17.590738175367985,2.2074385722956293,0.23040045640670676,2.940268202089842
Kansas City,Water-cooled evaporative,3,17.138704051594342,0.0233070019755581,Montgomery County / Clarksville,Water-cooled evaporative,3,17.386294144336638,0.06840600668931116,1.4240532840803546,2.9349981074806655
Henrico,Water-cooled evaporative,3,17.255202194642898,0.2279145531388211,Montgomery County / Clarksville,Water-cooled evaporative,2,17.033207441225265,0.0778148194990946,1.2865381171050774,2.928935061546637
Atlanta,Water-cooled evaporative,5,17.830684138680336,0.8268216358804037,Mayes County,Water-cooled evaporative,8,18.242584178594516,2.4209009003944426,2.257904011195382,2.927960270193771
Forest City,Water-cooled evaporative,12,17.161058771530662,18.876077953995914,New Albany,Water-cooled evaporative,2,16.87703640074658,6.446942234838222,1.655039904969393,2.9279117551251934
Atlanta,Water-cooled evaporative,12,17.20455766710506,0.7745463045407869,Fort Wayne,Water-cooled evaporative,4,17.29611907595038,2.2662366496044477,0.5293754537839169,2.9258891770816136
Forest City,Water-cooled evaporative,12,17.161058771530662,18.876077953995914,New Albany,Water-cooled evaporative,4,17.360773418512416,6.453821140580956,1.1503787427395993,2.9247909947961057
Seattle,Water-cooled evaporative,9,17.590738175367985,2.2074385722956293,New Albany,Water-cooled evaporative,4,17.360773418512416,6.453821140580956,1.3073058933796475,2.923669642081725
Atlanta,Water-cooled evaporative,9,17.983196012479553,0.7762135543356912,Mayes County,Water-cooled evaporative,5,17.821497966615873,2.266069287350972,0.8991618939785171,2.91938896801454
Mayes County,Water-cooled evaporative,1,16.97112774996448,2.9657169719923138,Fort Wayne,Water-cooled evaporative,10,17.377248463785236,8.651257190054936,2.3370829660813337,2.917087932447978
Mayes County,Water-cooled evaporative,2,17.03489650235795,3.4988698853981868,Seattle,Water-cooled evaporative,2,17.173377966103345,1.2003307510335863,0.8063728872603272,2.9149214767557723
Henrico,Water-cooled evaporative,6,17.971922725305266,0.5784052032193264,Seattle,Water-cooled evaporative,7,17.641672799526734,1.6856059412636832,1.8375881692030915,2.9142302522208046
Atlanta,Water-cooled evaporative,7,18.187990649858357,0.7582102707736409,Henrico,Water-cooled evaporative,5,17.76193221788505,0.2603086423781433,2.342526121634136,2.912735681177306
Mayes County,Water-cooled evaporative,5,17.821497966615873,2.266069287350972,New Albany,Water-cooled evaporative,9,17.744729047966636,6.59353106459328,0.43076580202766107,2.909677608446429
Fort Wayne,Water-cooled evaporative,4,17.29611907595038,2.2662366496044477,New Albany,Water-cooled evaporative,9,17.744729047966636,6.59353106459328,2.528130865247915,2.9094627278859533
Atlanta,Water-cooled evaporative,7,18.187990649858357,0.7582102707736409,Mayes County,Water-cooled evaporative,6,18.199521050354782,2.2011470590681332,0.06335551613981108,2.9030826195775346
Henrico,Water-cooled evaporative,12,17.17315705786896,0.4764154514832484,Seattle,Water-cooled evaporative,5,17.454861151844938,1.379972735117141,1.613900514735421,2.8965742626961446
Atlanta,Water-cooled evaporative,10,17.631360911378515,0.7507609580400378,Seattle,Water-cooled evaporative,8,17.708893461695116,2.1745776179476533,0.4378170238829783,2.8964980060027092
Mayes County,Water-cooled evaporative,4,17.57357699037506,2.231070572978707,New Albany,Water-cooled evaporative,4,17.360773418512416,6.453821140580956,1.2109291806625069,2.8927014764774768
Atlanta,Water-cooled evaporative,2,17.19450877402098,0.7840678433968516,Fort Wayne,Water-cooled evaporative,4,17.29611907595038,2.2662366496044477,0.5874745744013946,2.8903578544763815
Atlanta,Water-cooled evaporative,10,17.631360911378515,0.7507609580400378,Henrico,Water-cooled evaporative,5,17.76193221788505,0.2603086423781433,0.735118819871743,2.8841184494728678
Kansas City,Water-cooled evaporative,1,16.852532170914774,0.0270125979043672,Montgomery County / Clarksville,Water-cooled evaporative,2,17.033207441225265,0.0778148194990946,1.0607237123949131,2.8806862551533436
Atlanta,Water-cooled evaporative,12,17.20455766710506,0.7745463045407869,Mayes County,Water-cooled evaporative,4,17.57357699037506,2.231070572978707,2.099853225510712,2.880487015300479
Atlanta,Water-cooled evaporative,9,17.983196012479553,0.7762135543356912,Mayes County,Water-cooled evaporative,4,17.57357699037506,2.231070572978707,2.2777876736717757,2.874299940417982
Mayes County,Water-cooled evaporative,2,17.03489650235795,3.4988698853981868,Seattle,Water-cooled evaporative,12,17.166734198946635,1.2174132739277843,0.7679835608847252,2.8740198257487837
Atlanta,Water-cooled evaporative,8,18.243874995696743,0.7660284885937908,Mayes County,Water-cooled evaporative,6,18.199521050354782,2.2011470590681332,0.24311691103135877,2.873453261651939
Forest City,Water-cooled evaporative,2,17.18346880757389,14.943569593328107,Fort Wayne,Water-cooled evaporative,2,16.799944420034144,5.202059116517799,2.231938101873254,2.8726258696058737
Atlanta,Water-cooled evaporative,6,18.028496874075547,0.7898038468567355,Mayes County,Water-cooled evaporative,5,17.821497966615873,2.266069287350972,1.1481761841018066,2.8691545329507866
Atlanta,Water-cooled evaporative,7,18.187990649858357,0.7582102707736409,Seattle,Water-cooled evaporative,8,17.708893461695116,2.1745776179476533,2.634140281829164,2.8680403072472496
Henrico,Water-cooled evaporative,11,17.314232307912096,0.5899915641596294,Montgomery County / Clarksville,Water-cooled evaporative,11,17.326333368954696,0.20594604712632414,0.06984201899452337,2.864787027438005
Forest City,Water-cooled evaporative,1,17.06378807311401,15.519826402403526,Fort Wayne,Water-cooled evaporative,12,16.830439289174144,5.42128023027673,1.367508685293246,2.8627604077222393
Seattle,Water-cooled evaporative,7,17.641672799526734,1.6856059412636832,Fort Wayne,Water-cooled evaporative,6,17.801545760713267,4.8202201951417925,0.8980847131790161,2.8596364530657254
Seattle,Water-cooled evaporative,9,17.590738175367985,2.2074385722956293,New Albany,Water-cooled evaporative,3,17.140821915955286,6.311753558576083,2.557688341031131,2.859311075647357
Atlanta,Water-cooled evaporative,11,17.376695685310406,0.7927291293276406,Fort Wayne,Water-cooled evaporative,4,17.29611907595038,2.2662366496044477,0.4637050151493565,2.858778069031693
Atlanta,Water-cooled evaporative,11,17.376695685310406,0.7927291293276406,Mayes County,Water-cooled evaporative,5,17.821497966615873,2.266069287350972,2.4958748256666925,2.858566947417406
Henrico,Water-cooled evaporative,11,17.314232307912096,0.5899915641596294,Seattle,Water-cooled evaporative,7,17.641672799526734,1.6856059412636832,1.8560626043547424,2.8570000719664903
Mayes County,Water-cooled evaporative,11,17.23413316543787,4.143638813801687,Fort Wayne,Water-cooled evaporative,9,17.754465867605767,11.829776833810485,2.930714480784678,2.8549247087868057
Atlanta,Water-cooled evaporative,12,17.20455766710506,0.7745463045407869,Seattle,Water-cooled evaporative,9,17.590738175367985,2.2074385722956293,2.1953627210692424,2.84997624977938
Mayes County,Water-cooled evaporative,5,17.821497966615873,2.266069287350972,New Albany,Water-cooled evaporative,4,17.360773418512416,6.453821140580956,2.5852178586026224,2.848024628640307
Fort Wayne,Water-cooled evaporative,4,17.29611907595038,2.2662366496044477,New Albany,Water-cooled evaporative,4,17.360773418512416,6.453821140580956,0.3724162570608361,2.847814301170805
Mayes County,Water-cooled evaporative,11,17.23413316543787,4.143638813801687,Seattle,Water-cooled evaporative,6,17.548201323721468,1.4555128445111398,1.7897455841188852,2.8468582942621867
Atlanta,Water-cooled evaporative,2,17.19450877402098,0.7840678433968516,Mayes County,Water-cooled evaporative,4,17.57357699037506,2.231070572978707,2.1570350564469107,2.84550704606497
Fort Wayne,Water-cooled evaporative,4,17.29611907595038,2.2662366496044477,New Albany,Water-cooled evaporative,2,16.87703640074658,6.446942234838222,2.4229867599981953,2.844778913960058
Atlanta,Water-cooled evaporative,9,17.983196012479553,0.7762135543356912,Seattle,Water-cooled evaporative,9,17.590738175367985,2.2074385722956293,2.1823586688329444,2.843854709783865
Atlanta,Water-cooled evaporative,1,17.065796158191247,0.7971616790451956,Fort Wayne,Water-cooled evaporative,4,17.29611907595038,2.2662366496044477,1.3316450745265018,2.8428820767185448
Council Bluffs,Water-cooled evaporative,12,16.848479469873773,0.0462184965543775,Montgomery County / Clarksville,Water-cooled evaporative,12,17.126348403620877,0.13125244922250706,1.622464562780685,2.8398251567548174
Council Bluffs,Water-cooled evaporative,1,16.786137022735872,0.046218602077775,Montgomery County / Clarksville,Water-cooled evaporative,12,17.126348403620877,0.13125244922250706,1.986479387591329,2.8398186730451123
Atlanta,Water-cooled evaporative,8,18.243874995696743,0.7660284885937908,Seattle,Water-cooled evaporative,8,17.708893461695116,2.1745776179476533,2.9323898246826143,2.8387685971569487
Atlanta,Water-cooled evaporative,9,17.983196012479553,0.7762135543356912,Mayes County,Water-cooled evaporative,6,18.199521050354782,2.2011470590681332,1.1886303891003354,2.835749320239514
Atlanta,Water-cooled evaporative,3,17.41115935851971,0.8010068027762554,Fort Wayne,Water-cooled evaporative,4,17.29611907595038,2.2662366496044477,0.6607272967899172,2.8292352096758333
Atlanta,Water-cooled evaporative,3,17.41115935851971,0.8010068027762554,Mayes County,Water-cooled evaporative,5,17.821497966615873,2.266069287350972,2.3024922420372755,2.829026269810534
Mayes County,Water-cooled evaporative,4,17.57357699037506,2.231070572978707,New Albany,Water-cooled evaporative,3,17.140821915955286,6.311753558576083,2.4625326685443207,2.8290246104358983
Henrico,Climate-responsive hybrid,3,0.3642068632313286,0.0048106097828996,Montgomery County / Clarksville,Climate-responsive hybrid,2,0.37240993701899694,0.0017013244351539389,2.2027000281815465,2.8275675606012953
Atlanta,Water-cooled evaporative,6,18.028496874075547,0.7898038468567355,Mayes County,Water-cooled evaporative,4,17.57357699037506,2.231070572978707,2.5233378405198543,2.8248413601148314
Forest City,Water-cooled evaporative,9,17.970017364380077,33.386214972073056,Fort Wayne,Water-cooled evaporative,9,17.754465867605767,11.829776833810485,1.1995063354895439,2.8222184949975118
Atlanta,Water-cooled evaporative,2,17.19450877402098,0.7840678433968516,Seattle,Water-cooled evaporative,9,17.590738175367985,2.2074385722956293,2.252488766513715,2.8153667962357005
Atlanta,Water-cooled evaporative,11,17.376695685310406,0.7927291293276406,Mayes County,Water-cooled evaporative,4,17.57357699037506,2.231070572978707,1.1203257320492268,2.8144172964490495
Henrico,Climate-responsive hybrid,11,1.871768067061516,0.0637814804601544,Seattle,Climate-responsive hybrid,7,1.8782021908677249,0.1794562685634909,0.34256821962476475,2.8136108987874766
Atlanta,Water-cooled evaporative,12,17.20455766710506,0.7745463045407869,Seattle,Water-cooled evaporative,8,17.708893461695116,2.1745776179476533,2.8479238168152587,2.807550181569735
Seattle,Water-cooled evaporative,8,17.708893461695116,2.1745776179476533,New Albany,Water-cooled evaporative,5,17.607896950391954,6.099115392109956,0.5703152007866583,2.804735660742359
Atlanta,Water-cooled evaporative,9,17.983196012479553,0.7762135543356912,Seattle,Water-cooled evaporative,8,17.708893461695116,2.1745776179476533,1.525327036384874,2.801519769657627
Council Bluffs,Water-cooled evaporative,2,16.780793662112494,0.0468668477096319,Montgomery County / Clarksville,Water-cooled evaporative,12,17.126348403620877,0.13125244922250706,2.0176790367952915,2.8005393073520612
Mayes County,Water-cooled evaporative,2,17.03489650235795,3.4988698853981868,Seattle,Water-cooled evaporative,11,17.292650708839894,1.2495704990225598,1.4905419118318417,2.800058010440448
Henrico,Water-cooled evaporative,7,18.240049204659343,0.8095718691530903,Mayes County,Water-cooled evaporative,5,17.821497966615873,2.266069287350972,2.2946826148722943,2.79909588474406
Atlanta,Water-cooled evaporative,1,17.065796158191247,0.7971616790451956,Mayes County,Water-cooled evaporative,4,17.57357699037506,2.231070572978707,2.8894563267450923,2.7987679684389533
Atlanta,Water-cooled evaporative,6,18.028496874075547,0.7898038468567355,Seattle,Water-cooled evaporative,9,17.590738175367985,2.2074385722956293,2.4281486236217833,2.7949200058733594
Forest City,Water-cooled evaporative,12,17.161058771530662,18.876077953995914,New Albany,Water-cooled evaporative,1,16.867860356409007,6.759291788974309,1.7085100577130836,2.7926117917836284
Atlanta,Water-cooled evaporative,6,18.028496874075547,0.7898038468567355,Mayes County,Water-cooled evaporative,6,18.199521050354782,2.2011470590681332,0.9397180057982997,2.7869540871803387
Atlanta,Water-cooled evaporative,3,17.41115935851971,0.8010068027762554,Mayes County,Water-cooled evaporative,4,17.57357699037506,2.231070572978707,0.9242149844866713,2.7853328651466027
Fort Wayne,Water-cooled evaporative,4,17.29611907595038,2.2662366496044477,New Albany,Water-cooled evaporative,3,17.140821915955286,6.311753558576083,0.8978728656593759,2.7851255338570864
Atlanta,Water-cooled evaporative,11,17.376695685310406,0.7927291293276406,Seattle,Water-cooled evaporative,9,17.590738175367985,2.2074385722956293,1.2167908357438892,2.7846063562315235
Mayes County,Water-cooled evaporative,12,17.04331351118919,3.174402907106473,Seattle,Water-cooled evaporative,3,17.249131712627936,1.1438702157795326,1.193209054621966,2.7751425496669295
Forest City,Water-cooled evaporative,5,17.79722792614906,19.6710405684225,New Albany,Water-cooled evaporative,10,17.342821927071753,7.088610837405631,2.553240319014274,2.7750205251247686
Atlanta,Water-cooled evaporative,2,17.19450877402098,0.7840678433968516,Seattle,Water-cooled evaporative,8,17.708893461695116,2.1745776179476533,2.9046687122872146,2.7734559404025996
Seattle,Water-cooled evaporative,8,17.708893461695116,2.1745776179476533,New Albany,Water-cooled evaporative,8,17.973948046279865,6.021781884775739,1.4746597903937357,2.7691731189889843
Atlanta,Water-cooled evaporative,1,17.065796158191247,0.7971616790451956,Seattle,Water-cooled evaporative,9,17.590738175367985,2.2074385722956293,2.984195500742573,2.7691227894190797
Council Bluffs,Water-cooled evaporative,4,17.399657086027492,0.0281100447894364,Montgomery County / Clarksville,Water-cooled evaporative,2,17.033207441225265,0.0778148194990946,2.1060739472647327,2.7682211139107467
Seattle,Water-cooled evaporative,9,17.590738175367985,2.2074385722956293,New Albany,Water-cooled evaporative,5,17.607896950391954,6.099115392109956,0.097449315340222,2.762983064922695
Council Bluffs,Water-cooled evaporative,3,17.0513355964971,0.0475899670194202,Montgomery County / Clarksville,Water-cooled evaporative,12,17.126348403620877,0.13125244922250706,0.43799650314200933,2.7579857151181977
Henrico,Water-cooled evaporative,12,17.17315705786896,0.4764154514832484,Seattle,Water-cooled evaporative,4,17.354130306973452,1.3137358722983885,1.042825228941449,2.7575425360539167
Forest City,Water-cooled evaporative,2,17.18346880757389,14.943569593328107,Fort Wayne,Water-cooled evaporative,12,16.830439289174144,5.42128023027673,2.0544717853716703,2.756465070717311
Atlanta,Water-cooled evaporative,3,17.41115935851971,0.8010068027762554,Seattle,Water-cooled evaporative,9,17.590738175367985,2.2074385722956293,1.0208714100454006,2.7558299937587813
Atlanta,Water-cooled evaporative,6,18.028496874075547,0.7898038468567355,Seattle,Water-cooled evaporative,8,17.708893461695116,2.1745776179476533,1.772767938518554,2.7533135304443577
Atlanta,Water-cooled evaporative,11,17.376695685310406,0.7927291293276406,Seattle,Water-cooled evaporative,8,17.708893461695116,2.1745776179476533,1.8758810487129771,2.7431534145743304
Atlanta,Water-cooled evaporative,5,17.830684138680336,0.8268216358804037,Fort Wayne,Water-cooled evaporative,4,17.29611907595038,2.2662366496044477,2.9980064621879423,2.7409014849875666
Atlanta,Water-cooled evaporative,5,17.830684138680336,0.8268216358804037,Mayes County,Water-cooled evaporative,5,17.821497966615873,2.266069287350972,0.05151889850673773,2.7406990685942203
Mayes County,Water-cooled evaporative,10,17.611557906068775,5.949134315685416,Seattle,Water-cooled evaporative,8,17.708893461695116,2.1745776179476533,0.549642222631699,2.7357654500740036
Mayes County,Water-cooled evaporative,6,18.199521050354782,2.2011470590681332,New Albany,Water-cooled evaporative,8,17.973948046279865,6.021781884775739,1.2394447274233062,2.7357471914325844
Mayes County,Climate-responsive hybrid,10,2.7837914078994483,0.9403568429762827,Seattle,Climate-responsive hybrid,8,2.800683593830202,0.3439121631890704,0.6031451024302298,2.7342936471232298
Seattle,Water-cooled evaporative,8,17.708893461695116,2.1745776179476533,New Albany,Water-cooled evaporative,7,18.03482783797511,5.944723850658858,1.807249723746687,2.733737256189289
Mayes County,Water-cooled evaporative,4,17.57357699037506,2.231070572978707,New Albany,Water-cooled evaporative,5,17.607896950391954,6.099115392109956,0.19491231754471647,2.7337169276393682
Henrico,Water-cooled evaporative,8,18.13923918554841,1.2094493152781127,Mayes County,Water-cooled evaporative,9,17.925119247041305,3.3010240931505765,1.18042403166332,2.7293612485046603
Seattle,Water-cooled evaporative,9,17.590738175367985,2.2074385722956293,New Albany,Water-cooled evaporative,8,17.973948046279865,6.021781884775739,2.1320294791393626,2.727949923658975
Kansas City,Water-cooled evaporative,2,16.881328443209075,0.0250908454456192,Montgomery County / Clarksville,Water-cooled evaporative,3,17.386294144336638,0.06840600668931116,2.9043894974711995,2.7263332691427773
Mayes County,Water-cooled evaporative,12,17.04331351118919,3.174402907106473,Fort Wayne,Water-cooled evaporative,10,17.377248463785236,8.651257190054936,1.9216791040996928,2.725317939536767
Mayes County,Water-cooled evaporative,8,18.242584178594516,2.4209009003944426,New Albany,Water-cooled evaporative,9,17.744729047966636,6.59353106459328,2.729082271206142,2.7235856963492315
Henrico,Water-cooled evaporative,7,18.240049204659343,0.8095718691530903,Mayes County,Water-cooled evaporative,6,18.199521050354782,2.2011470590681332,0.22219322903036692,2.7189025989388664
Atlanta,Water-cooled evaporative,3,17.41115935851971,0.8010068027762554,Seattle,Water-cooled evaporative,8,17.708893461695116,2.1745776179476533,1.681268814561522,2.714805430379193
Mayes County,Water-cooled evaporative,6,18.199521050354782,2.2011470590681332,New Albany,Water-cooled evaporative,7,18.03482783797511,5.944723850658858,0.9049315744298689,2.700739065192485
Mayes County,Water-cooled evaporative,4,17.57357699037506,2.231070572978707,New Albany,Water-cooled evaporative,8,17.973948046279865,6.021781884775739,2.227507584165251,2.6990548652775446
Atlanta,Water-cooled evaporative,5,17.830684138680336,0.8268216358804037,Mayes County,Water-cooled evaporative,4,17.57357699037506,2.231070572978707,1.4419365309014196,2.698369849263865
Mayes County,Water-cooled evaporative,10,17.611557906068775,5.949134315685416,Seattle,Water-cooled evaporative,9,17.590738175367985,2.2074385722956293,0.11821629189099583,2.6950395767971944
Seattle,Water-cooled evaporative,9,17.590738175367985,2.2074385722956293,New Albany,Water-cooled evaporative,7,18.03482783797511,5.944723850658858,2.4624003433624533,2.693041575547279
Mayes County,Water-cooled evaporative,5,17.821497966615873,2.266069287350972,New Albany,Water-cooled evaporative,5,17.607896950391954,6.099115392109956,1.1985581493993769,2.691495545239839
Fort Wayne,Water-cooled evaporative,4,17.29611907595038,2.2662366496044477,New Albany,Water-cooled evaporative,5,17.607896950391954,6.099115392109956,1.7706707128055645,2.6912967774898995
Henrico,Water-cooled evaporative,4,17.502653145767887,0.1839295959169961,Montgomery County / Clarksville,Water-cooled evaporative,3,17.386294144336638,0.06840600668931116,0.6648077892087144,2.6887930580771084
Mayes County,Water-cooled evaporative,12,17.04331351118919,3.174402907106473,Seattle,Water-cooled evaporative,1,17.125193144448993,1.1806652775159978,0.4781238527890316,2.6886561056365617
Mayes County,Water-cooled evaporative,3,17.328948035857564,2.805691263418541,Fort Wayne,Water-cooled evaporative,11,17.11463249756379,7.5413614034547445,1.236748692709488,2.6878799894276737
Henrico,Water-cooled evaporative,7,18.240049204659343,0.8095718691530903,Seattle,Water-cooled evaporative,8,17.708893461695116,2.1745776179476533,2.9120302089346644,2.6860834730121286
Council Bluffs,Water-cooled evaporative,10,17.42218299677707,0.0402559269828757,Kansas City,Water-cooled evaporative,5,17.73642893578077,0.0150073823564826,1.7717542812113112,2.682408299238589
Kansas City,Water-cooled evaporative,12,16.885069121742546,0.0255611534895248,Montgomery County / Clarksville,Water-cooled evaporative,3,17.386294144336638,0.06840600668931116,2.8828743976896267,2.676170569428511
Atlanta,Water-cooled evaporative,5,17.830684138680336,0.8268216358804037,Seattle,Water-cooled evaporative,9,17.590738175367985,2.2074385722956293,1.3456912894992816,2.6697881096751153
Atlanta,Water-cooled evaporative,12,17.20455766710506,0.7745463045407869,Fort Wayne,Water-cooled evaporative,3,17.05927373968985,2.0677764897661115,0.8444502336319395,2.6696615523742704
Forest City,Water-cooled evaporative,12,17.161058771530662,18.876077953995914,New Albany,Water-cooled evaporative,11,17.184289368160883,7.081530635583124,0.135185087567615,2.6655364391347542
Mayes County,Water-cooled evaporative,4,17.57357699037506,2.231070572978707,New Albany,Water-cooled evaporative,7,18.03482783797511,5.944723850658858,2.55755614494316,2.6645162742306465
Mayes County,Water-cooled evaporative,2,17.03489650235795,3.4988698853981868,Seattle,Water-cooled evaporative,4,17.354130306973452,1.3137358722983885,1.8395263776901867,2.663297820494841
Forest City,Water-cooled evaporative,12,17.161058771530662,18.876077953995914,New Albany,Water-cooled evaporative,10,17.342821927071753,7.088610837405631,1.0480598619153383,2.6628740647447353
Atlanta,Water-cooled evaporative,5,17.830684138680336,0.8268216358804037,Mayes County,Water-cooled evaporative,6,18.199521050354782,2.2011470590681332,2.0266297703875895,2.6621788346459283
Council Bluffs,Water-cooled evaporative,11,17.14229831979521,0.0493426049820603,Montgomery County / Clarksville,Water-cooled evaporative,12,17.126348403620877,0.13125244922250706,0.09304421073989624,2.660022697833385
Mayes County,Water-cooled evaporative,5,17.821497966615873,2.266069287350972,New Albany,Water-cooled evaporative,8,17.973948046279865,6.021781884775739,0.8481724731342254,2.6573688273297167
Seattle,Water-cooled evaporative,8,17.708893461695116,2.1745776179476533,Fort Wayne,Water-cooled evaporative,7,17.95146502148568,5.777467960620443,1.3512633063665702,2.6568230597688047
Mayes County,Water-cooled evaporative,11,17.23413316543787,4.143638813801687,Seattle,Water-cooled evaporative,10,17.40923985865238,1.5614516299414214,1.0058261856130462,2.653709365276424
Seattle,Water-cooled evaporative,8,17.708893461695116,2.1745776179476533,New Albany,Water-cooled evaporative,6,17.889797109319222,5.757620868123333,1.0112112871859746,2.647696187343878
Henrico,Water-cooled evaporative,11,17.314232307912096,0.5899915641596294,Seattle,Water-cooled evaporative,10,17.40923985865238,1.5614516299414214,0.5457306092147707,2.646566027033823
Henrico,Water-cooled evaporative,9,17.989698810550344,0.9464556701585684,Mayes County,Water-cooled evaporative,7,18.31109635555001,2.5031364776930545,1.755206453830122,2.644747722070999
Mayes County,Water-cooled evaporative,12,17.04331351118919,3.174402907106473,Seattle,Water-cooled evaporative,2,17.173377966103345,1.2003307510335863,0.7573609290546987,2.6446068338856135
Forest City,Water-cooled evaporative,11,17.332512831225806,22.852894043752038,Fort Wayne,Water-cooled evaporative,10,17.377248463785236,8.651257190054936,0.2574379520017825,2.641569143271178
Atlanta,Water-cooled evaporative,2,17.19450877402098,0.7840678433968516,Fort Wayne,Water-cooled evaporative,3,17.05927373968985,2.0677764897661115,0.7865012958989374,2.6372417988828523
Forest City,Water-cooled evaporative,3,17.37517355832884,12.70987772498829,Fort Wayne,Water-cooled evaporative,6,17.801545760713267,4.8202201951417925,2.3951414563413977,2.636783634448553
Council Bluffs,Water-cooled evaporative,10,17.42218299677707,0.0402559269828757,Montgomery County / Clarksville,Water-cooled evaporative,4,17.495966388685023,0.10614035284181425,0.4217165846618747,2.636639143522017
Atlanta,Water-cooled evaporative,5,17.830684138680336,0.8268216358804037,Seattle,Water-cooled evaporative,8,17.708893461695116,2.1745776179476533,0.6830398432162146,2.630044405686303
Henrico,Water-cooled evaporative,10,17.56483916631861,0.8624373261930341,Fort Wayne,Water-cooled evaporative,4,17.29611907595038,2.2662366496044477,1.5298750408344957,2.627711696579804
Henrico,Water-cooled evaporative,10,17.56483916631861,0.8624373261930341,Mayes County,Water-cooled evaporative,5,17.821497966615873,2.266069287350972,1.4401640130254434,2.62751763928614
Mayes County,Water-cooled evaporative,10,17.611557906068775,5.949134315685416,Fort Wayne,Water-cooled evaporative,4,17.29611907595038,2.2662366496044477,1.7910898729163447,2.62511610017594
Henrico,Water-cooled evaporative,1,16.972151884988754,0.3445485859877428,Montgomery County / Clarksville,Water-cooled evaporative,12,17.126348403620877,0.13125244922250706,0.9003467347395686,2.625083097715329
Mayes County,Water-cooled evaporative,6,18.199521050354782,2.2011470590681332,Fort Wayne,Water-cooled evaporative,7,17.95146502148568,5.777467960620443,1.3629810816601975,2.6247532788955787
Mayes County,Water-cooled evaporative,5,17.821497966615873,2.266069287350972,New Albany,Water-cooled evaporative,7,18.03482783797511,5.944723850658858,1.1828772266405556,2.623363673759606
Henrico,Water-cooled evaporative,12,17.17315705786896,0.4764154514832484,Seattle,Water-cooled evaporative,11,17.292650708839894,1.2495704990225598,0.6910082958528153,2.6228588832125586
Henrico,Water-cooled evaporative,11,17.314232307912096,0.5899915641596294,Montgomery County / Clarksville,Water-cooled evaporative,10,17.610932406961034,0.22510495432330285,1.6847495191774258,2.620962146005302
Kansas City,Water-cooled evaporative,11,17.080305828668926,0.0261044868741696,Montgomery County / Clarksville,Water-cooled evaporative,3,17.386294144336638,0.06840600668931116,1.759939830348398,2.6204693093201126
Atlanta,Water-cooled evaporative,4,17.602846437659863,0.8648748435260727,Fort Wayne,Water-cooled evaporative,4,17.29611907595038,2.2662366496044477,1.7424872891765153,2.6203058934690002
Atlanta,Water-cooled evaporative,4,17.602846437659863,0.8648748435260727,Mayes County,Water-cooled evaporative,5,17.821497966615873,2.266069287350972,1.2268975894484189,2.620112383096108
Seattle,Water-cooled evaporative,9,17.590738175367985,2.2074385722956293,Fort Wayne,Water-cooled evaporative,7,17.95146502148568,5.777467960620443,2.009456307248189,2.617272359525799
Mayes County,Water-cooled evaporative,6,18.199521050354782,2.2011470590681332,New Albany,Water-cooled evaporative,6,17.889797109319222,5.757620868123333,1.7018246808727024,2.615736574438989
Forest City,Water-cooled evaporative,12,17.161058771530662,18.876077953995914,New Albany,Water-cooled evaporative,12,16.9650384555364,7.223122576219711,1.142239057647473,2.6132850100233087
Atlanta,Water-cooled evaporative,11,17.376695685310406,0.7927291293276406,Fort Wayne,Water-cooled evaporative,3,17.05927373968985,2.0677764897661115,1.8267106207591124,2.608427536300971
Seattle,Water-cooled evaporative,9,17.590738175367985,2.2074385722956293,New Albany,Water-cooled evaporative,6,17.889797109319222,5.757620868123333,1.6716731448868691,2.6082813539566296
Mayes County,Water-cooled evaporative,12,17.04331351118919,3.174402907106473,Seattle,Water-cooled evaporative,12,17.166734198946635,1.2174132739277843,0.7189526343631409,2.6074981890617823
Atlanta,Water-cooled evaporative,1,17.065796158191247,0.7971616790451956,Fort Wayne,Water-cooled evaporative,3,17.05927373968985,2.0677764897661115,0.03821924533105841,2.593923596832704
Mayes County,Water-cooled evaporative,1,16.97112774996448,2.9657169719923138,Seattle,Water-cooled evaporative,3,17.249131712627936,1.1438702157795326,1.6116983005001375,2.5927040769841327
Mayes County,Water-cooled evaporative,4,17.57357699037506,2.231070572978707,Fort Wayne,Water-cooled evaporative,7,17.95146502148568,5.777467960620443,2.105053992297213,2.5895496227656007
Henrico,Water-cooled evaporative,10,17.56483916631861,0.8624373261930341,Mayes County,Water-cooled evaporative,4,17.57357699037506,2.231070572978707,0.04972137465944123,2.5869364708819895
Atlanta,Water-cooled evaporative,3,17.41115935851971,0.8010068027762554,Fort Wayne,Water-cooled evaporative,3,17.05927373968985,2.0677764897661115,2.021034967195766,2.581471820962427
Mayes County,Water-cooled evaporative,4,17.57357699037506,2.231070572978707,New Albany,Water-cooled evaporative,6,17.889797109319222,5.757620868123333,1.7676003646762202,2.5806538519471043
Atlanta,Water-cooled evaporative,4,17.602846437659863,0.8648748435260727,Mayes County,Water-cooled evaporative,4,17.57357699037506,2.231070572978707,0.16627678590767264,2.579645586502076
Mayes County,Water-cooled evaporative,3,17.328948035857564,2.805691263418541,New Albany,Water-cooled evaporative,12,16.9650384555364,7.223122576219711,2.100009646102873,2.5744538147860343
Council Bluffs,Water-cooled evaporative,5,17.678164559991735,0.0266189030219744,Montgomery County / Clarksville,Water-cooled evaporative,3,17.386294144336638,0.06840600668931116,1.6510221672879017,2.569828164325206
Henrico,Water-cooled evaporative,6,17.971922725305266,0.5784052032193264,Montgomery County / Clarksville,Water-cooled evaporative,10,17.610932406961034,0.22510495432330285,2.008634934958526,2.569491217810349
Council Bluffs,Water-cooled evaporative,11,17.14229831979521,0.0493426049820603,Kansas City,Water-cooled evaporative,10,17.474312529217023,0.0192033059303433,1.9000129983178844,2.5694849189531292
Henrico,Water-cooled evaporative,10,17.56483916631861,0.8624373261930341,Seattle,Water-cooled evaporative,9,17.590738175367985,2.2074385722956293,0.14723093932261078,2.559535058668775
Henrico,Water-cooled evaporative,9,17.989698810550344,0.9464556701585684,Mayes County,Water-cooled evaporative,8,18.242584178594516,2.4209009003944426,1.3862365417554312,2.5578597886035666
Henrico,Water-cooled evaporative,12,17.17315705786896,0.4764154514832484,Seattle,Water-cooled evaporative,12,17.166734198946635,1.2174132739277843,0.03740057172179093,2.555360599950211
Forest City,Water-cooled evaporative,4,17.53766580277945,12.316581211122307,Fort Wayne,Water-cooled evaporative,6,17.801545760713267,4.8202201951417925,1.4823429463984021,2.5551905748073405
Atlanta,Water-cooled evaporative,4,17.602846437659863,0.8648748435260727,Seattle,Water-cooled evaporative,9,17.590738175367985,2.2074385722956293,0.0687858201499378,2.5523214009739936
Mayes County,Water-cooled evaporative,5,17.821497966615873,2.266069287350972,Fort Wayne,Water-cooled evaporative,7,17.95146502148568,5.777467960620443,0.7239913551025189,2.549554858216311
Council Bluffs,Water-cooled evaporative,10,17.42218299677707,0.0402559269828757,Montgomery County / Clarksville,Water-cooled evaporative,1,17.018934267468634,0.10251914500766245,2.314570621735716,2.54668449322438
Mayes County,Water-cooled evaporative,1,16.97112774996448,2.9657169719923138,Fort Wayne,Water-cooled evaporative,11,17.11463249756379,7.5413614034547445,0.8384915517159728,2.542845954173637
Henrico,Climate-responsive hybrid,10,3.819298950055922,0.1875283880045032,Mayes County,Climate-responsive hybrid,5,3.749766396190439,0.4767966464471914,1.8205580336795806,2.5425305017592423
Mayes County,Water-cooled evaporative,5,17.821497966615873,2.266069287350972,New Albany,Water-cooled evaporative,6,17.889797109319222,5.757620868123333,0.38177706703990844,2.5407964797289915
Mayes County,Water-cooled evaporative,12,17.04331351118919,3.174402907106473,Seattle,Water-cooled evaporative,11,17.292650708839894,1.2495704990225598,1.441868004210852,2.540395207464931
Council Bluffs,Water-cooled evaporative,9,17.812899523243495,0.0269707448142641,Montgomery County / Clarksville,Water-cooled evaporative,3,17.386294144336638,0.06840600668931116,2.394923849147594,2.536303953057057
Mayes County,Water-cooled evaporative,2,17.03489650235795,3.4988698853981868,Seattle,Water-cooled evaporative,5,17.454861151844938,1.379972735117141,2.406003954048065,2.5354630539864833
Henrico,Water-cooled evaporative,2,17.064803087888635,0.2592927482258607,Montgomery County / Clarksville,Water-cooled evaporative,1,17.018934267468634,0.10251914500766245,0.2687919701373831,2.5292129407290775
Mayes County,Water-cooled evaporative,3,17.328948035857564,2.805691263418541,New Albany,Water-cooled evaporative,10,17.342821927071753,7.088610837405631,0.07999788772859442,2.5265113556252974
Council Bluffs,Water-cooled evaporative,10,17.42218299677707,0.0402559269828757,Kansas City,Water-cooled evaporative,4,17.39951136286369,0.0159390041801391,0.13013084478319092,2.5256237170096774
Mayes County,Water-cooled evaporative,3,17.328948035857564,2.805691263418541,New Albany,Water-cooled evaporative,11,17.184289368160883,7.081530635583124,0.834780434434622,2.5239878413973345
Henrico,Water-cooled evaporative,10,17.56483916631861,0.8624373261930341,Seattle,Water-cooled evaporative,8,17.708893461695116,2.1745776179476533,0.8134573494843139,2.52143263273015
Henrico,Water-cooled evaporative,12,17.17315705786896,0.4764154514832484,Seattle,Water-cooled evaporative,2,17.173377966103345,1.2003307510335863,0.001286341189380778,2.5195042421410467
Henrico,Water-cooled evaporative,6,17.971922725305266,0.5784052032193264,Seattle,Water-cooled evaporative,6,17.548201323721468,1.4555128445111398,2.3576854188627197,2.5164241891496637
Atlanta,Water-cooled evaporative,4,17.602846437659863,0.8648748435260727,Seattle,Water-cooled evaporative,8,17.708893461695116,2.1745776179476533,0.5988348411753407,2.5143263608893465
Mayes County,Water-cooled evaporative,1,16.97112774996448,2.9657169719923138,Seattle,Water-cooled evaporative,1,17.125193144448993,1.1806652775159978,0.8996417919785683,2.5119032705288724
Mayes County,Water-cooled evaporative,10,17.611557906068775,5.949134315685416,Forest City,Water-cooled evaporative,2,17.18346880757389,14.943569593328107,2.430728166003803,2.511889764184357
Forest City,Water-cooled evaporative,12,17.161058771530662,18.876077953995914,Fort Wayne,Water-cooled evaporative,11,17.11463249756379,7.5413614034547445,0.27053269023174414,2.5030066779916775
Fort Wayne,Water-cooled evaporative,5,17.64714703608572,2.8409254489710696,New Albany,Water-cooled evaporative,10,17.342821927071753,7.088610837405631,1.7245003307994653,2.4951766474452874
Fort Wayne,Water-cooled evaporative,5,17.64714703608572,2.8409254489710696,New Albany,Water-cooled evaporative,11,17.184289368160883,7.081530635583124,2.62284700738518,2.492684430754043
Mayes County,Water-cooled evaporative,8,18.242584178594516,2.4209009003944426,New Albany,Water-cooled evaporative,8,17.973948046279865,6.021781884775739,1.4725771836090138,2.4874136251486365
Seattle,Water-cooled evaporative,3,17.249131712627936,1.1438702157795326,Fort Wayne,Water-cooled evaporative,5,17.64714703608572,2.8409254489710696,2.255408892122356,2.483608201158569
Henrico,Water-cooled evaporative,12,17.17315705786896,0.4764154514832484,Seattle,Water-cooled evaporative,1,17.125193144448993,1.1806652775159978,0.27929584093560045,2.4782262494639347
Council Bluffs,Water-cooled evaporative,3,17.0513355964971,0.0475899670194202,Kansas City,Water-cooled evaporative,10,17.474312529217023,0.0192033059303433,2.4205640823506283,2.4782174065259723
Mayes County,Water-cooled evaporative,2,17.03489650235795,3.4988698853981868,Fort Wayne,Water-cooled evaporative,10,17.377248463785236,8.651257190054936,1.9701160522666166,2.4725861416451003
Mayes County,Water-cooled evaporative,1,16.97112774996448,2.9657169719923138,Seattle,Water-cooled evaporative,2,17.173377966103345,1.2003307510335863,1.1776961791562732,2.4707498074498053
Forest City,Water-cooled evaporative,5,17.79722792614906,19.6710405684225,Fort Wayne,Water-cooled evaporative,8,17.982517090353113,7.967996641116271,1.0303850304886073,2.4687561321143705
Henrico,Water-cooled evaporative,11,17.314232307912096,0.5899915641596294,Seattle,Water-cooled evaporative,6,17.548201323721468,1.4555128445111398,1.333293432718343,2.467006196240008
Forest City,Water-cooled evaporative,1,17.06378807311401,15.519826402403526,New Albany,Water-cooled evaporative,3,17.140821915955286,6.311753558576083,0.44941743878435836,2.458877118438186
Mayes County,Water-cooled evaporative,11,17.23413316543787,4.143638813801687,Seattle,Water-cooled evaporative,7,17.641672799526734,1.6856059412636832,2.3100963197764104,2.458248818638619
Mayes County,Water-cooled evaporative,8,18.242584178594516,2.4209009003944426,New Albany,Water-cooled evaporative,7,18.03482783797511,5.944723850658858,1.1388536765705686,2.45558331185315
Mayes County,Water-cooled evaporative,3,17.328948035857564,2.805691263418541,Seattle,Water-cooled evaporative,3,17.249131712627936,1.1438702157795326,0.46059531752574184,2.4528055934269597
Henrico,Water-cooled evaporative,5,17.76193221788505,0.2603086423781433,Montgomery County / Clarksville,Water-cooled evaporative,4,17.495966388685023,0.10614035284181425,1.4973924342094829,2.452494601804207
Forest City,Water-cooled evaporative,2,17.18346880757389,14.943569593328107,New Albany,Water-cooled evaporative,5,17.607896950391954,6.099115392109956,2.4104419966440926,2.4501208179565954
Henrico,Water-cooled evaporative,2,17.064803087888635,0.2592927482258607,Montgomery County / Clarksville,Water-cooled evaporative,4,17.495966388685023,0.10614035284181425,2.464358305324763,2.442923367819366
Mayes County,Water-cooled evaporative,1,16.97112774996448,2.9657169719923138,Seattle,Water-cooled evaporative,12,17.166734198946635,1.2174132739277843,1.1394505601080307,2.4360806929793974
Mayes County,Water-cooled evaporative,1,16.97112774996448,2.9657169719923138,New Albany,Water-cooled evaporative,12,16.9650384555364,7.223122576219711,0.03588031695826595,2.435540088428381
Council Bluffs,Water-cooled evaporative,4,17.399657086027492,0.0281100447894364,Montgomery County / Clarksville,Water-cooled evaporative,3,17.386294144336638,0.06840600668931116,0.07680002901657727,2.4335075664844816
Forest City,Water-cooled evaporative,6,17.995629734477507,28.706840078736402,Fort Wayne,Water-cooled evaporative,9,17.754465867605767,11.829776833810485,1.3401246326473326,2.426659478198259
Council Bluffs,Water-cooled evaporative,10,17.42218299677707,0.0402559269828757,Kansas City,Water-cooled evaporative,9,17.847691993264707,0.0166267092563554,2.3841121678265913,2.4211602165045534
Mayes County,Water-cooled evaporative,12,17.04331351118919,3.174402907106473,Seattle,Water-cooled evaporative,4,17.354130306973452,1.3137358722983885,1.7910249046555,2.416317445570575
Mayes County,Water-cooled evaporative,9,17.925119247041305,3.3010240931505765,Fort Wayne,Water-cooled evaporative,8,17.982517090353113,7.967996641116271,0.31918692485269184,2.413795360551708
Mayes County,Water-cooled evaporative,3,17.328948035857564,2.805691263418541,New Albany,Water-cooled evaporative,1,16.867860356409007,6.759291788974309,2.6607944030674044,2.409135986237694
Forest City,Water-cooled evaporative,1,17.06378807311401,15.519826402403526,New Albany,Water-cooled evaporative,2,16.87703640074658,6.446942234838222,1.0944326756008012,2.407315877368487
Seattle,Water-cooled evaporative,1,17.125193144448993,1.1806652775159978,Fort Wayne,Water-cooled evaporative,5,17.64714703608572,2.8409254489710696,2.95772393446607,2.406207333333368
Mayes County,Water-cooled evaporative,7,18.31109635555001,2.5031364776930545,New Albany,Water-cooled evaporative,8,17.973948046279865,6.021781884775739,1.841224046467084,2.405694590941979
Forest City,Water-cooled evaporative,1,17.06378807311401,15.519826402403526,New Albany,Water-cooled evaporative,4,17.360773418512416,6.453821140580956,1.7106688638751442,2.4047500022609043
Mayes County,Water-cooled evaporative,2,17.03489650235795,3.4988698853981868,Seattle,Water-cooled evaporative,6,17.548201323721468,1.4555128445111398,2.925113587964365,2.4038742760620195
Henrico,Water-cooled evaporative,12,17.17315705786896,0.4764154514832484,Seattle,Water-cooled evaporative,3,17.249131712627936,1.1438702157795326,0.4404549517316051,2.4009931084692226
Henrico,Water-cooled evaporative,10,17.56483916631861,0.8624373261930341,Fort Wayne,Water-cooled evaporative,3,17.05927373968985,2.0677764897661115,2.8782809898891917,2.3975962391304173
Henrico,Water-cooled evaporative,9,17.989698810550344,0.9464556701585684,Mayes County,Water-cooled evaporative,5,17.821497966615873,2.266069287350972,0.934984213497934,2.394268806030098
Mayes County,Water-cooled evaporative,9,17.925119247041305,3.3010240931505765,Seattle,Water-cooled evaporative,5,17.454861151844938,1.379972735117141,2.6234586711270422,2.3920937052936515
Mayes County,Water-cooled evaporative,1,16.97112774996448,2.9657169719923138,New Albany,Water-cooled evaporative,10,17.342821927071753,7.088610837405631,2.1432162462964945,2.390184533571197
Mayes County,Water-cooled evaporative,1,16.97112774996448,2.9657169719923138,New Albany,Water-cooled evaporative,11,17.184289368160883,7.081530635583124,1.2404447669005658,2.3877971844447052
Mayes County,Water-cooled evaporative,8,18.242584178594516,2.4209009003944426,Fort Wayne,Water-cooled evaporative,7,17.95146502148568,5.777467960620443,1.5958219200678154,2.3864950274003816
Henrico,Water-cooled evaporative,6,17.971922725305266,0.5784052032193264,Seattle,Water-cooled evaporative,5,17.454861151844938,1.379972735117141,2.8770520626169978,2.385823515135058
Mayes County,Water-cooled evaporative,8,18.242584178594516,2.4209009003944426,New Albany,Water-cooled evaporative,6,17.889797109319222,5.757620868123333,1.933865650948989,2.3782968014862695
Mayes County,Water-cooled evaporative,3,17.328948035857564,2.805691263418541,Seattle,Water-cooled evaporative,1,17.125193144448993,1.1806652775159978,1.1758064654989806,2.3763646791759947
Mayes County,Water-cooled evaporative,12,17.04331351118919,3.174402907106473,Fort Wayne,Water-cooled evaporative,11,17.11463249756379,7.5413614034547445,0.41671351333282536,2.375678710025135
Mayes County,Water-cooled evaporative,7,18.31109635555001,2.5031364776930545,New Albany,Water-cooled evaporative,7,18.03482783797511,5.944723850658858,1.508749187981651,2.37490999936913
Mayes County,Water-cooled evaporative,1,16.97112774996448,2.9657169719923138,Seattle,Water-cooled evaporative,11,17.292650708839894,1.2495704990225598,1.8593040725159171,2.3733890759362195
Forest City,Water-cooled evaporative,2,17.18346880757389,14.943569593328107,New Albany,Water-cooled evaporative,3,17.140821915955286,6.311753558576083,0.24818557938551217,2.367578115121995
Seattle,Water-cooled evaporative,2,17.173377966103345,1.2003307510335863,Fort Wayne,Water-cooled evaporative,5,17.64714703608572,2.8409254489710696,2.6846779766360482,2.3667855268431577
Henrico,Water-cooled evaporative,4,17.502653145767887,0.1839295959169961,Montgomery County / Clarksville,Water-cooled evaporative,2,17.033207441225265,0.0778148194990946,2.6821402482979164,2.3636833844886853
Henrico,Water-cooled evaporative,9,17.989698810550344,0.9464556701585684,Mayes County,Water-cooled evaporative,4,17.57357699037506,2.231070572978707,2.3131116566067425,2.3572900911512478
Mayes County,Water-cooled evaporative,3,17.328948035857564,2.805691263418541,New Albany,Water-cooled evaporative,9,17.744729047966636,6.59353106459328,2.343124039736838,2.3500558135393406
Henrico,Water-cooled evaporative,8,18.13923918554841,1.2094493152781127,Fort Wayne,Water-cooled evaporative,5,17.64714703608572,2.8409254489710696,2.7128599189250466,2.3489413017012617
Henrico,Water-cooled evaporative,6,17.971922725305266,0.5784052032193264,Montgomery County / Clarksville,Water-cooled evaporative,6,18.08988933307039,0.2464654370419071,0.6521134850143402,2.346800468907041
Henrico,Water-cooled evaporative,11,17.314232307912096,0.5899915641596294,Seattle,Water-cooled evaporative,5,17.454861151844938,1.379972735117141,0.8056715129926841,2.3389702818594413
Mayes County,Water-cooled evaporative,3,17.328948035857564,2.805691263418541,Seattle,Water-cooled evaporative,2,17.173377966103345,1.2003307510335863,0.8977467612708466,2.337431796196676
Seattle,Water-cooled evaporative,12,17.166734198946635,1.2174132739277843,Fort Wayne,Water-cooled evaporative,5,17.64714703608572,2.8409254489710696,2.722325802333452,2.3335752203565923
Henrico,Water-cooled evaporative,9,17.989698810550344,0.9464556701585684,Seattle,Water-cooled evaporative,9,17.590738175367985,2.2074385722956293,2.2177171468172783,2.3323211449785037
Henrico,Water-cooled evaporative,9,17.989698810550344,0.9464556701585684,Mayes County,Water-cooled evaporative,6,18.199521050354782,2.2011470590681332,1.1528997890872967,2.325673698694578
Atlanta,Water-cooled evaporative,3,17.41115935851971,0.8010068027762554,Henrico,Water-cooled evaporative,1,16.972151884988754,0.3445485859877428,2.521414367022835,2.3248007257958996
Fort Wayne,Water-cooled evaporative,5,17.64714703608572,2.8409254489710696,New Albany,Water-cooled evaporative,9,17.744729047966636,6.59353106459328,0.5499211152626681,2.320909570851757
Forest City,Water-cooled evaporative,2,17.18346880757389,14.943569593328107,New Albany,Water-cooled evaporative,2,16.87703640074658,6.446942234838222,1.783297716304215,2.3179313617199018
Forest City,Water-cooled evaporative,2,17.18346880757389,14.943569593328107,New Albany,Water-cooled evaporative,4,17.360773418512416,6.453821140580956,1.0212944242994257,2.315460758489958
Atlanta,Water-cooled evaporative,1,17.065796158191247,0.7971616790451956,Henrico,Water-cooled evaporative,1,16.972151884988754,0.3445485859877428,0.5487249017535317,2.313640837503116
Henrico,Water-cooled evaporative,12,17.17315705786896,0.4764154514832484,Montgomery County / Clarksville,Water-cooled evaporative,11,17.326333368954696,0.20594604712632414,0.8840665120769179,2.313302236828185
Mayes County,Water-cooled evaporative,7,18.31109635555001,2.5031364776930545,Fort Wayne,Water-cooled evaporative,7,17.95146502148568,5.777467960620443,1.9640076546007899,2.308091473280388
Mayes County,Water-cooled evaporative,3,17.328948035857564,2.805691263418541,Seattle,Water-cooled evaporative,12,17.166734198946635,1.2174132739277843,0.9360858868944139,2.304633375950008
Atlanta,Water-cooled evaporative,11,17.376695685310406,0.7927291293276406,Henrico,Water-cooled evaporative,1,16.972151884988754,0.3445485859877428,2.3280824366604804,2.300776034401841
Mayes County,Water-cooled evaporative,12,17.04331351118919,3.174402907106473,Seattle,Water-cooled evaporative,5,17.454861151844938,1.379972735117141,2.3577823797942274,2.300337409809049
Mayes County,Water-cooled evaporative,3,17.328948035857564,2.805691263418541,New Albany,Water-cooled evaporative,4,17.360773418512416,6.453821140580956,0.18331776982305872,2.30026062551067
Mayes County,Water-cooled evaporative,7,18.31109635555001,2.5031364776930545,New Albany,Water-cooled evaporative,6,17.889797109319222,5.757620868123333,2.3007865725259764,2.300162583795544
Mayes County,Water-cooled evaporative,3,17.328948035857564,2.805691263418541,New Albany,Water-cooled evaporative,2,16.87703640074658,6.446942234838222,2.607842288959932,2.297808856910032
Henrico,Water-cooled evaporative,9,17.989698810550344,0.9464556701585684,Seattle,Water-cooled evaporative,8,17.708893461695116,2.1745776179476533,1.5609230138447092,2.2976011307358184
Forest City,Water-cooled evaporative,10,17.551068348095612,27.173213441099055,Fort Wayne,Water-cooled evaporative,9,17.754465867605767,11.829776833810485,1.1456132841555509,2.2970182635597785
Forest City,Water-cooled evaporative,1,17.06378807311401,15.519826402403526,New Albany,Water-cooled evaporative,1,16.867860356409007,6.759291788974309,1.1482076304833564,2.2960728559934807
Mayes County,Climate-responsive hybrid,3,1.0997629043856971,0.1780601549662419,New Albany,Climate-responsive hybrid,4,1.0942563805432182,0.40678688625904275,0.500700998416998,2.2845475246057423
Mayes County,Water-cooled evaporative,1,16.97112774996448,2.9657169719923138,New Albany,Water-cooled evaporative,1,16.867860356409007,6.759291788974309,0.6084886937209547,2.2791425657970126
Atlanta,Water-cooled evaporative,2,17.19450877402098,0.7840678433968516,Henrico,Water-cooled evaporative,1,16.972151884988754,0.3445485859877428,1.2931854695854053,2.2756379659754127
Mayes County,Water-cooled evaporative,12,17.04331351118919,3.174402907106473,New Albany,Water-cooled evaporative,12,16.9650384555364,7.223122576219711,0.45927134768365285,2.2754271551508
Forest City,Water-cooled evaporative,5,17.79722792614906,19.6710405684225,Fort Wayne,Water-cooled evaporative,10,17.377248463785236,8.651257190054936,2.3598026844773794,2.273778265549124
Seattle,Water-cooled evaporative,11,17.292650708839894,1.2495704990225598,Fort Wayne,Water-cooled evaporative,5,17.64714703608572,2.8409254489710696,2.008802479635577,2.2735215429568005
Fort Wayne,Water-cooled evaporative,5,17.64714703608572,2.8409254489710696,New Albany,Water-cooled evaporative,4,17.360773418512416,6.453821140580956,1.62277572112769,2.2717319607659574
Mayes County,Water-cooled evaporative,9,17.925119247041305,3.3010240931505765,Seattle,Water-cooled evaporative,6,17.548201323721468,1.4555128445111398,2.102735932326089,2.267945697352664
Mayes County,Water-cooled evaporative,1,16.97112774996448,2.9657169719923138,Seattle,Water-cooled evaporative,4,17.354130306973452,1.3137358722983885,2.2069821433521724,2.257468213000666
Mayes County,Water-cooled evaporative,3,17.328948035857564,2.805691263418541,New Albany,Water-cooled evaporative,3,17.140821915955286,6.311753558576083,1.0856176584579902,2.2496251247849868
Atlanta,Water-cooled evaporative,12,17.20455766710506,0.7745463045407869,Henrico,Water-cooled evaporative,1,16.972151884988754,0.3445485859877428,1.3508384616052258,2.2480031439407537
Mayes County,Water-cooled evaporative,3,17.328948035857564,2.805691263418541,Seattle,Water-cooled evaporative,11,17.292650708839894,1.2495704990225598,0.2094606489820587,2.2453245059908276
Atlanta,Water-cooled evaporative,10,17.631360911378515,0.7507609580400378,Seattle,Water-cooled evaporative,7,17.641672799526734,1.6856059412636832,0.05845187282067847,2.2451965878249496
Henrico,Climate-responsive hybrid,9,9.913127320261308,0.5215393353757937,Mayes County,Climate-responsive hybrid,6,9.678634499063692,1.1705856326913675,2.3654777510860705,2.2444819657713935
Mayes County,Water-cooled evaporative,2,17.03489650235795,3.4988698853981868,Seattle,Water-cooled evaporative,10,17.40923985865238,1.5614516299414214,2.150256756376318,2.2407801934469456
Mayes County,Water-cooled evaporative,12,17.04331351118919,3.174402907106473,New Albany,Water-cooled evaporative,10,17.342821927071753,7.088610837405631,1.7269877828534785,2.233053284300017
Mayes County,Water-cooled evaporative,12,17.04331351118919,3.174402907106473,New Albany,Water-cooled evaporative,11,17.184289368160883,7.081530635583124,0.8203764144759654,2.2308228800225205
Council Bluffs,Water-cooled evaporative,3,17.0513355964971,0.0475899670194202,Montgomery County / Clarksville,Water-cooled evaporative,4,17.495966388685023,0.10614035284181425,2.541333141080299,2.2303094431332804
Henrico,Water-cooled evaporative,11,17.314232307912096,0.5899915641596294,Seattle,Water-cooled evaporative,4,17.354130306973452,1.3137358722983885,0.2299049180547172,2.22670280747089
Henrico,Water-cooled evaporative,3,17.255202194642898,0.2279145531388211,Montgomery County / Clarksville,Water-cooled evaporative,1,17.018934267468634,0.10251914500766245,1.3692562075431183,2.2231413763915646
Fort Wayne,Water-cooled evaporative,5,17.64714703608572,2.8409254489710696,New Albany,Water-cooled evaporative,3,17.140821915955286,6.311753558576083,2.8691613386292776,2.2217244598453236
Council Bluffs,Water-cooled evaporative,12,16.848479469873773,0.0462184965543775,Montgomery County / Clarksville,Water-cooled evaporative,1,17.018934267468634,0.10251914500766245,1.0015597622977002,2.2181410614913766
Council Bluffs,Water-cooled evaporative,1,16.786137022735872,0.046218602077775,Montgomery County / Clarksville,Water-cooled evaporative,1,17.018934267468634,0.10251914500766245,1.3678720481208346,2.2181359971715917
Seattle,Water-cooled evaporative,8,17.708893461695116,2.1745776179476533,Fort Wayne,Water-cooled evaporative,6,17.801545760713267,4.8202201951417925,0.5204733356505968,2.2166236584790533
Forest City,Water-cooled evaporative,2,17.18346880757389,14.943569593328107,New Albany,Water-cooled evaporative,1,16.867860356409007,6.759291788974309,1.836698135278569,2.2108188342607002
Forest City,Water-cooled evaporative,3,17.37517355832884,12.70987772498829,New Albany,Water-cooled evaporative,6,17.889797109319222,5.757620868123333,2.8766315673994023,2.207487782906242
Forest City,Water-cooled evaporative,1,17.06378807311401,15.519826402403526,New Albany,Water-cooled evaporative,11,17.184289368160883,7.081530635583124,0.70122943384634,2.1915920725414693
Mayes County,Water-cooled evaporative,6,18.199521050354782,2.2011470590681332,Fort Wayne,Water-cooled evaporative,6,17.801545760713267,4.8202201951417925,2.1867349615431597,2.1898674035811387
Forest City,Water-cooled evaporative,1,17.06378807311401,15.519826402403526,New Albany,Water-cooled evaporative,10,17.342821927071753,7.088610837405631,1.6089299373026278,2.18940308029149
Council Bluffs,Water-cooled evaporative,2,16.780793662112494,0.0468668477096319,Montgomery County / Clarksville,Water-cooled evaporative,1,17.018934267468634,0.10251914500766245,1.3992686123204616,2.1874555259792543
Seattle,Water-cooled evaporative,9,17.590738175367985,2.2074385722956293,Fort Wayne,Water-cooled evaporative,6,17.801545760713267,4.8202201951417925,1.184209439893246,2.1836259706783125
Forest City,Water-cooled evaporative,12,17.161058771530662,18.876077953995914,Fort Wayne,Water-cooled evaporative,10,17.377248463785236,8.651257190054936,1.2440962256200694,2.1818884283887585
Mayes County,Water-cooled evaporative,12,17.04331351118919,3.174402907106473,Seattle,Water-cooled evaporative,6,17.548201323721468,1.4555128445111398,2.8771485078061882,2.180951490107017
Atlanta,Water-cooled evaporative,12,17.20455766710506,0.7745463045407869,Seattle,Water-cooled evaporative,7,17.641672799526734,1.6856059412636832,2.477741977129291,2.1762494138591824
Mayes County,Water-cooled evaporative,1,16.97112774996448,2.9657169719923138,New Albany,Water-cooled evaporative,4,17.360773418512416,6.453821140580956,2.2444027069234247,2.1761419587673596
Mayes County,Water-cooled evaporative,3,17.328948035857564,2.805691263418541,New Albany,Water-cooled evaporative,5,17.607896950391954,6.099115392109956,1.584226187376567,2.1738369690322252
Mayes County,Water-cooled evaporative,1,16.97112774996448,2.9657169719923138,New Albany,Water-cooled evaporative,2,16.87703640074658,6.446942234838222,0.5544201340308591,2.173822483980083
Atlanta,Water-cooled evaporative,9,17.983196012479553,0.7762135543356912,Seattle,Water-cooled evaporative,7,17.641672799526734,1.6856059412636832,1.8991241196271027,2.1715749897027754
Seattle,Water-cooled evaporative,4,17.354130306973452,1.3137358722983885,Fort Wayne,Water-cooled evaporative,5,17.64714703608572,2.8409254489710696,1.6604198316764331,2.162478401385854
Mayes County,Water-cooled evaporative,4,17.57357699037506,2.231070572978707,Fort Wayne,Water-cooled evaporative,6,17.801545760713267,4.8202201951417925,1.2806122198742917,2.160496513880467
Mayes County,Climate-responsive hybrid,4,2.500398776408128,0.3174405605535792,Fort Wayne,Climate-responsive hybrid,6,2.5275331198320115,0.6843937235490861,1.07355045957565,2.1559744046431355
Mayes County,Water-cooled evaporative,2,17.03489650235795,3.4988698853981868,Fort Wayne,Water-cooled evaporative,11,17.11463249756379,7.5413614034547445,0.46589370363161986,2.155370634080182
Council Bluffs,Water-cooled evaporative,3,17.0513355964971,0.0475899670194202,Montgomery County / Clarksville,Water-cooled evaporative,1,17.018934267468634,0.10251914500766245,0.19002223517976566,2.15421760989721
Council Bluffs,Water-cooled evaporative,11,17.14229831979521,0.0493426049820603,Montgomery County / Clarksville,Water-cooled evaporative,4,17.495966388685023,0.10614035284181425,2.0214263164024917,2.1510893654764307
Atlanta,Water-cooled evaporative,2,17.19450877402098,0.7840678433968516,Seattle,Water-cooled evaporative,7,17.641672799526734,1.6856059412636832,2.534703089594479,2.149821543453508
Mayes County,Water-cooled evaporative,1,16.97112774996448,2.9657169719923138,Seattle,Water-cooled evaporative,5,17.454861151844938,1.379972735117141,2.7713391568819636,2.1491127299269177
Forest City,Water-cooled evaporative,1,17.06378807311401,15.519826402403526,New Albany,Water-cooled evaporative,12,16.9650384555364,7.223122576219711,0.5787086498876629,2.148631182516353
Henrico,Water-cooled evaporative,3,17.255202194642898,0.2279145531388211,Montgomery County / Clarksville,Water-cooled evaporative,4,17.495966388685023,0.10614035284181425,1.3761125775700611,2.147294097264708
Fort Wayne,Water-cooled evaporative,5,17.64714703608572,2.8409254489710696,New Albany,Water-cooled evaporative,5,17.607896950391954,6.099115392109956,0.22241604047104857,2.146876256228034
Forest City,Water-cooled evaporative,4,17.53766580277945,12.316581211122307,New Albany,Water-cooled evaporative,6,17.889797109319222,5.757620868123333,1.9683359424816378,2.139178923591895
Mayes County,Water-cooled evaporative,10,17.611557906068775,5.949134315685416,Forest City,Water-cooled evaporative,3,17.37517355832884,12.70987772498829,1.3422114556854727,2.136424738550209
Mayes County,Water-cooled evaporative,3,17.328948035857564,2.805691263418541,Seattle,Water-cooled evaporative,4,17.354130306973452,1.3137358722983885,0.14510822882186697,2.1356585616482926
Atlanta,Water-cooled evaporative,6,18.028496874075547,0.7898038468567355,Seattle,Water-cooled evaporative,7,17.641672799526734,1.6856059412636832,2.1456257681973145,2.1342083201697033
Forest City,Water-cooled evaporative,4,17.53766580277945,12.316581211122307,Fort Wayne,Water-cooled evaporative,7,17.95146502148568,5.777467960620443,2.305099991621656,2.1318302922790466
Mayes County,Water-cooled evaporative,12,17.04331351118919,3.174402907106473,New Albany,Water-cooled evaporative,1,16.867860356409007,6.759291788974309,1.0294544817531808,2.129311239553875
Mayes County,Water-cooled evaporative,1,16.97112774996448,2.9657169719923138,New Albany,Water-cooled evaporative,3,17.140821915955286,6.311753558576083,0.9900001693200461,2.128238674891476
Mayes County,Water-cooled evaporative,5,17.821497966615873,2.266069287350972,Fort Wayne,Water-cooled evaporative,6,17.801545760713267,4.8202201951417925,0.11195582963890373,2.1271283371818765
Atlanta,Water-cooled evaporative,11,17.376695685310406,0.7927291293276406,Seattle,Water-cooled evaporative,7,17.641672799526734,1.6856059412636832,1.5019954016120132,2.1263327899825546
Fort Wayne,Water-cooled evaporative,5,17.64714703608572,2.8409254489710696,New Albany,Water-cooled evaporative,8,17.973948046279865,6.021781884775739,1.8181926939628872,2.119655018387306
Henrico,Water-cooled evaporative,11,17.314232307912096,0.5899915641596294,Seattle,Water-cooled evaporative,11,17.292650708839894,1.2495704990225598,0.12464658373759169,2.1179463825087392
Council Bluffs,Water-cooled evaporative,11,17.14229831979521,0.0493426049820603,Kansas City,Water-cooled evaporative,3,17.138704051594342,0.0233070019755581,0.020967247995660413,2.1170721585644334
Henrico,Water-cooled evaporative,12,17.17315705786896,0.4764154514832484,Montgomery County / Clarksville,Water-cooled evaporative,10,17.610932406961034,0.22510495432330285,2.48581584992647,2.116414776011573
Mayes County,Water-cooled evaporative,9,17.925119247041305,3.3010240931505765,Seattle,Water-cooled evaporative,10,17.40923985865238,1.5614516299414214,2.8779690738965367,2.114073871935704
Forest City,Water-cooled evaporative,2,17.18346880757389,14.943569593328107,New Albany,Water-cooled evaporative,11,17.184289368160883,7.081530635583124,0.004775062671555278,2.1102174603665453
Forest City,Water-cooled evaporative,2,17.18346880757389,14.943569593328107,New Albany,Water-cooled evaporative,10,17.342821927071753,7.088610837405631,0.9188419287700524,2.108109746196382
Atlanta,Water-cooled evaporative,3,17.41115935851971,0.8010068027762554,Seattle,Water-cooled evaporative,7,17.641672799526734,1.6856059412636832,1.3066416298867474,2.104359083370385
Council Bluffs,Water-cooled evaporative,10,17.42218299677707,0.0402559269828757,Kansas City,Water-cooled evaporative,10,17.474312529217023,0.0192033059303433,0.29832093453056846,2.0963019143108577
Mayes County,Water-cooled evaporative,10,17.611557906068775,5.949134315685416,Fort Wayne,Water-cooled evaporative,5,17.64714703608572,2.8409254489710696,0.20167072866889077,2.0940832213108873
Fort Wayne,Water-cooled evaporative,5,17.64714703608572,2.8409254489710696,New Albany,Water-cooled evaporative,7,18.03482783797511,5.944723850658858,2.1496229704675645,2.092530746560747
Mayes County,Water-cooled evaporative,11,17.23413316543787,4.143638813801687,Fort Wayne,Water-cooled evaporative,10,17.377248463785236,8.651257190054936,0.8235785926961999,2.0878405620777603
Forest City,Water-cooled evaporative,3,17.37517355832884,12.70987772498829,New Albany,Water-cooled evaporative,5,17.607896950391954,6.099115392109956,1.3216989667691914,2.0838887130140646
Council Bluffs,Climate-responsive hybrid,2,0.1445787268938528,0.0004037919368906,Kansas City,Climate-responsive hybrid,3,0.142571385003462,0.0001938834781165,1.3884075019311386,2.0826526365901636
Atlanta,Water-cooled evaporative,10,17.631360911378515,0.7507609580400378,Seattle,Water-cooled evaporative,10,17.40923985865238,1.5614516299414214,1.2598066243586838,2.079825293549894
Council Bluffs,Water-cooled evaporative,11,17.14229831979521,0.0493426049820603,Montgomery County / Clarksville,Water-cooled evaporative,1,17.018934267468634,0.10251914500766245,0.7196470976363765,2.0777002966287608
Forest City,Water-cooled evaporative,4,17.53766580277945,12.316581211122307,New Albany,Water-cooled evaporative,7,18.03482783797511,5.944723850658858,2.7566774668556002,2.071850858094485
Mayes County,Water-cooled evaporative,10,17.611557906068775,5.949134315685416,Forest City,Water-cooled evaporative,4,17.53766580277945,12.316581211122307,0.4195659673234358,2.070314865584486
Henrico,Water-cooled evaporative,8,18.13923918554841,1.2094493152781127,Mayes County,Water-cooled evaporative,7,18.31109635555001,2.5031364776930545,0.9385411264547918,2.0696497538778287
Forest City,Water-cooled evaporative,2,17.18346880757389,14.943569593328107,New Albany,Water-cooled evaporative,12,16.9650384555364,7.223122576219711,1.2711656446294108,2.068851723841154
Mayes County,Water-cooled evaporative,2,17.03489650235795,3.4988698853981868,New Albany,Water-cooled evaporative,12,16.9650384555364,7.223122576219711,0.41008788525294443,2.0644158865020747
Henrico,Water-cooled evaporative,11,17.314232307912096,0.5899915641596294,Seattle,Water-cooled evaporative,12,17.166734198946635,1.2174132739277843,0.8518893956277744,2.063441831853715
Seattle,Water-cooled evaporative,5,17.454861151844938,1.379972735117141,Fort Wayne,Water-cooled evaporative,5,17.64714703608572,2.8409254489710696,1.0896145640288866,2.05868230340791
Forest City,Water-cooled evaporative,1,17.06378807311401,15.519826402403526,Fort Wayne,Water-cooled evaporative,11,17.11463249756379,7.5413614034547445,0.29708160228982794,2.0579608338746103
Fort Wayne,Water-cooled evaporative,9,17.754465867605767,11.829776833810485,New Albany,Water-cooled evaporative,6,17.889797109319222,5.757620868123333,0.7564716407150199,2.0546293520827708
Forest City,Water-cooled evaporative,4,17.53766580277945,12.316581211122307,New Albany,Water-cooled evaporative,8,17.973948046279865,6.021781884775739,2.427303352480279,2.045338314604365
Council Bluffs,Water-cooled evaporative,3,17.0513355964971,0.0475899670194202,Kansas City,Water-cooled evaporative,3,17.138704051594342,0.0233070019755581,0.5097728208283859,2.0418742431706782
Atlanta,Water-cooled evaporative,5,17.830684138680336,0.8268216358804037,Seattle,Water-cooled evaporative,7,17.641672799526734,1.6856059412636832,1.0600341393720119,2.0386572727609407
Henrico,Water-cooled evaporative,11,17.314232307912096,0.5899915641596294,Seattle,Water-cooled evaporative,2,17.173377966103345,1.2003307510335863,0.8135176847799646,2.03448798923644
Mayes County,Water-cooled evaporative,3,17.328948035857564,2.805691263418541,Seattle,Water-cooled evaporative,5,17.454861151844938,1.379972735117141,0.7213641798237076,2.0331497804414056
Mayes County,Water-cooled evaporative,12,17.04331351118919,3.174402907106473,New Albany,Water-cooled evaporative,4,17.360773418512416,6.453821140580956,1.8286046345418399,2.0330819147540833
Mayes County,Water-cooled evaporative,12,17.04331351118919,3.174402907106473,Seattle,Water-cooled evaporative,10,17.40923985865238,1.5614516299414214,2.1019088164341966,2.0329819036568955
Mayes County,Water-cooled evaporative,12,17.04331351118919,3.174402907106473,New Albany,Water-cooled evaporative,2,16.87703640074658,6.446942234838222,0.9756149256624729,2.030914922742031
Fort Wayne,Water-cooled evaporative,5,17.64714703608572,2.8409254489710696,New Albany,Water-cooled evaporative,6,17.889797109319222,5.757620868123333,1.3563601182883174,2.026670875931868
Mayes County,Water-cooled evaporative,2,17.03489650235795,3.4988698853981868,New Albany,Water-cooled evaporative,10,17.342821927071753,7.088610837405631,1.7755208812537016,2.0259715478384863
Mayes County,Water-cooled evaporative,2,17.03489650235795,3.4988698853981868,New Albany,Water-cooled evaporative,11,17.184289368160883,7.081530635583124,0.8693572518612824,2.023947979642351
Forest City,Water-cooled evaporative,4,17.53766580277945,12.316581211122307,New Albany,Water-cooled evaporative,5,17.607896950391954,6.099115392109956,0.3988616460578497,2.0194045233273497
Atlanta,Water-cooled evaporative,12,17.20455766710506,0.7745463045407869,Seattle,Water-cooled evaporative,10,17.40923985865238,1.5614516299414214,1.1757101011253708,2.0159564648199764
Forest City,Water-cooled evaporative,3,17.37517355832884,12.70987772498829,New Albany,Water-cooled evaporative,3,17.140821915955286,6.311753558576083,1.3487729580762462,2.0136840906468487
Council Bluffs,Water-cooled evaporative,2,16.780793662112494,0.0468668477096319,Kansas City,Water-cooled evaporative,3,17.138704051594342,0.0233070019755581,2.088316528509944,2.010848403358821
Mayes County,Water-cooled evaporative,11,17.23413316543787,4.143638813801687,Fort Wayne,Water-cooled evaporative,3,17.05927373968985,2.0677764897661115,1.014611086438003,2.0039104005241777
Henrico,Water-cooled evaporative,8,18.13923918554841,1.2094493152781127,Mayes County,Water-cooled evaporative,8,18.242584178594516,2.4209009003944426,0.5665041314013527,2.0016555219081313
Henrico,Water-cooled evaporative,11,17.314232307912096,0.5899915641596294,Seattle,Water-cooled evaporative,1,17.125193144448993,1.1806652775159978,1.0918137177628044,2.0011562016106295
Mayes County,Water-cooled evaporative,9,17.925119247041305,3.3010240931505765,New Albany,Water-cooled evaporative,9,17.744729047966636,6.59353106459328,1.0063542484072665,1.9974198547276447
Atlanta,Water-cooled evaporative,2,17.19450877402098,0.7840678433968516,Seattle,Water-cooled evaporative,10,17.40923985865238,1.5614516299414214,1.2334317085342357,1.9914751549772476
Mayes County,Water-cooled evaporative,8,18.242584178594516,2.4209009003944426,Fort Wayne,Water-cooled evaporative,6,17.801545760713267,4.8202201951417925,2.4176312608098263,1.9910852998387598
Fort Wayne,Water-cooled evaporative,9,17.754465867605767,11.829776833810485,New Albany,Water-cooled evaporative,7,18.03482783797511,5.944723850658858,1.5545586178482922,1.9899623819362748
Mayes County,Water-cooled evaporative,10,17.611557906068775,5.949134315685416,Fort Wayne,Water-cooled evaporative,9,17.754465867605767,11.829776833810485,0.8049127616828889,1.9884870984708205
Mayes County,Water-cooled evaporative,12,17.04331351118919,3.174402907106473,New Albany,Water-cooled evaporative,3,17.140821915955286,6.311753558576083,0.5688665645334743,1.9883278031424696
Council Bluffs,Water-cooled evaporative,1,16.786137022735872,0.046218602077775,Kansas City,Water-cooled evaporative,3,17.138704051594342,0.0233070019755581,2.0571393717815676,1.9830350607188407
Council Bluffs,Water-cooled evaporative,12,16.848479469873773,0.0462184965543775,Kansas City,Water-cooled evaporative,3,17.138704051594342,0.0233070019755581,1.6933869728240651,1.9830305331782498
Forest City,Water-cooled evaporative,2,17.18346880757389,14.943569593328107,Fort Wayne,Water-cooled evaporative,11,17.11463249756379,7.5413614034547445,0.4005961239895954,1.9815479982808362
Seattle,Water-cooled evaporative,3,17.249131712627936,1.1438702157795326,Fort Wayne,Water-cooled evaporative,4,17.29611907595038,2.2662366496044477,0.2716641988651547,1.9812008550813056
Henrico,Water-cooled evaporative,2,17.064803087888635,0.2592927482258607,Montgomery County / Clarksville,Water-cooled evaporative,12,17.126348403620877,0.13125244922250706,0.35936040936333374,1.9755269312063808
Forest City,Water-cooled evaporative,3,17.37517355832884,12.70987772498829,New Albany,Water-cooled evaporative,2,16.87703640074658,6.446942234838222,2.866947808665062,1.9714582917008607
Atlanta,Water-cooled evaporative,11,17.376695685310406,0.7927291293276406,Seattle,Water-cooled evaporative,10,17.40923985865238,1.5614516299414214,0.1869362109213556,1.9697164796577853
Forest City,Water-cooled evaporative,3,17.37517355832884,12.70987772498829,New Albany,Water-cooled evaporative,4,17.360773418512416,6.453821140580956,0.0828776746780798,1.969356982186863
Council Bluffs,Water-cooled evaporative,11,17.14229831979521,0.0493426049820603,Kansas City,Water-cooled evaporative,2,16.881328443209075,0.0250908454456192,1.522373906448574,1.9665580854580331
Fort Wayne,Water-cooled evaporative,9,17.754465867605767,11.829776833810485,New Albany,Water-cooled evaporative,8,17.973948046279865,6.021781884775739,1.2211127911851611,1.9644977284412295
Atlanta,Water-cooled evaporative,1,17.065796158191247,0.7971616790451956,Seattle,Water-cooled evaporative,10,17.40923985865238,1.5614516299414214,1.972766779305657,1.958764038697467
Mayes County,Water-cooled evaporative,9,17.925119247041305,3.3010240931505765,Seattle,Water-cooled evaporative,7,17.641672799526734,1.6856059412636832,1.5812806799673376,1.9583604995339712
Henrico,Water-cooled evaporative,10,17.56483916631861,0.8624373261930341,Seattle,Water-cooled evaporative,7,17.641672799526734,1.6856059412636832,0.43552351345154716,1.9544677509544668
Seattle,Water-cooled evaporative,6,17.548201323721468,1.4555128445111398,Fort Wayne,Water-cooled evaporative,5,17.64714703608572,2.8409254489710696,0.5606895673386909,1.9518381164992367
Forest City,Water-cooled evaporative,4,17.53766580277945,12.316581211122307,New Albany,Water-cooled evaporative,3,17.140821915955286,6.311753558576083,2.2628090379123953,1.9513723241597696
Mayes County,Water-cooled evaporative,4,17.57357699037506,2.231070572978707,Seattle,Water-cooled evaporative,3,17.249131712627936,1.1438702157795326,1.846210807992138,1.950457789879826
Atlanta,Water-cooled evaporative,3,17.41115935851971,0.8010068027762554,Seattle,Water-cooled evaporative,10,17.40923985865238,1.5614516299414214,0.011024537928839208,1.949361259516769
Atlanta,Water-cooled evaporative,4,17.602846437659863,0.8648748435260727,Seattle,Water-cooled evaporative,7,17.641672799526734,1.6856059412636832,0.22008322174477987,1.9489593828299026
Fort Wayne,Water-cooled evaporative,9,17.754465867605767,11.829776833810485,New Albany,Water-cooled evaporative,5,17.607896950391954,6.099115392109956,0.8255326761546664,1.9395889523772458
Henrico,Water-cooled evaporative,11,17.314232307912096,0.5899915641596294,Seattle,Water-cooled evaporative,3,17.249131712627936,1.1438702157795326,0.37599469688535786,1.9387907984902046
Atlanta,Water-cooled evaporative,10,17.631360911378515,0.7507609580400378,Seattle,Water-cooled evaporative,6,17.548201323721468,1.4555128445111398,0.4716572252989229,1.9387167498839462
Council Bluffs,Water-cooled evaporative,10,17.42218299677707,0.0402559269828757,Montgomery County / Clarksville,Water-cooled evaporative,2,17.033207441225265,0.0778148194990946,2.2326453328137026,1.933002798126992
Mayes County,Water-cooled evaporative,3,17.328948035857564,2.805691263418541,Fort Wayne,Water-cooled evaporative,12,16.830439289174144,5.42128023027673,2.876739809317284,1.9322440430139394
Mayes County,Water-cooled evaporative,2,17.03489650235795,3.4988698853981868,New Albany,Water-cooled evaporative,1,16.867860356409007,6.759291788974309,0.9805527490338459,1.9318500002480292
Forest City,Water-cooled evaporative,11,17.332512831225806,22.852894043752038,Fort Wayne,Water-cooled evaporative,9,17.754465867605767,11.829776833810485,2.376602256167237,1.931811086954453
Council Bluffs,Water-cooled evaporative,11,17.14229831979521,0.0493426049820603,Kansas City,Water-cooled evaporative,12,16.885069121742546,0.0255611534895248,1.5005525703378138,1.930374738459333
Mayes County,Water-cooled evaporative,3,17.328948035857564,2.805691263418541,Seattle,Water-cooled evaporative,6,17.548201323721468,1.4555128445111398,1.249434536447444,1.9276307138058153
Forest City,Water-cooled evaporative,3,17.37517355832884,12.70987772498829,New Albany,Water-cooled evaporative,9,17.744729047966636,6.59353106459328,2.082621203394167,1.9276283982704336
Mayes County,Water-cooled evaporative,7,18.31109635555001,2.5031364776930545,Fort Wayne,Water-cooled evaporative,6,17.801545760713267,4.8202201951417925,2.782742141391769,1.925672146963482
Seattle,Water-cooled evaporative,1,17.125193144448993,1.1806652775159978,Fort Wayne,Water-cooled evaporative,4,17.29611907595038,2.2662366496044477,0.9882328558841441,1.9194573540541346
Forest City,Water-cooled evaporative,4,17.53766580277945,12.316581211122307,New Albany,Water-cooled evaporative,4,17.360773418512416,6.453821140580956,1.008642690859122,1.9084168809198825
Mayes County,Water-cooled evaporative,11,17.23413316543787,4.143638813801687,Seattle,Water-cooled evaporative,8,17.708893461695116,2.1745776179476533,2.6809145206286638,1.905491337537271
Mayes County,Water-cooled evaporative,1,16.97112774996448,2.9657169719923138,Seattle,Water-cooled evaporative,10,17.40923985865238,1.5614516299414214,2.5165493280865934,1.8993332326942296
Council Bluffs,Water-cooled evaporative,3,17.0513355964971,0.0475899670194202,Kansas City,Water-cooled evaporative,2,16.881328443209075,0.0250908454456192,0.9970313018937406,1.8967063952693268
Council Bluffs,Water-cooled evaporative,8,18.17576209587628,0.0280341972757222,Kansas City,Water-cooled evaporative,6,18.04172106591572,0.0148282923279255,0.7374713052113031,1.8905883871014986
Council Bluffs,Water-cooled evaporative,11,17.14229831979521,0.0493426049820603,Kansas City,Water-cooled evaporative,11,17.080305828668926,0.0261044868741696,0.3616346534740704,1.89019631835341
Mayes County,Water-cooled evaporative,4,17.57357699037506,2.231070572978707,Seattle,Water-cooled evaporative,1,17.125193144448993,1.1806652775159978,2.551466022948224,1.8896723868026823
Atlanta,Water-cooled evaporative,5,17.830684138680336,0.8268216358804037,Seattle,Water-cooled evaporative,10,17.40923985865238,1.5614516299414214,2.3635900717556377,1.8884987549688153
Seattle,Water-cooled evaporative,2,17.173377966103345,1.2003307510335863,Fort Wayne,Water-cooled evaporative,4,17.29611907595038,2.2662366496044477,0.7096453794522098,1.8880101569113565
Forest City,Water-cooled evaporative,3,17.37517355832884,12.70987772498829,New Albany,Water-cooled evaporative,1,16.867860356409007,6.759291788974309,2.919759047106898,1.880356422209871
Atlanta,Water-cooled evaporative,12,17.20455766710506,0.7745463045407869,Seattle,Water-cooled evaporative,6,17.548201323721468,1.4555128445111398,1.9582842154419202,1.8791811877200608
Mayes County,Water-cooled evaporative,11,17.23413316543787,4.143638813801687,Seattle,Water-cooled evaporative,9,17.590738175367985,2.2074385722956293,2.0272316395991936,1.877125309762302
Atlanta,Water-cooled evaporative,9,17.983196012479553,0.7762135543356912,Seattle,Water-cooled evaporative,6,17.548201323721468,1.4555128445111398,2.418895331264907,1.8751448443293612
Henrico,Water-cooled evaporative,8,18.13923918554841,1.2094493152781127,Mayes County,Water-cooled evaporative,5,17.821497966615873,2.266069287350972,1.7516788641592058,1.873637248560424
Council Bluffs,Water-cooled evaporative,4,17.399657086027492,0.0281100447894364,Kansas City,Water-cooled evaporative,5,17.73642893578077,0.0150073823564826,1.8987579234390646,1.8730811357847468
Council Bluffs,Water-cooled evaporative,8,18.17576209587628,0.0280341972757222,Kansas City,Water-cooled evaporative,5,17.73642893578077,0.0150073823564826,2.4171374921065207,1.868027122239111
Forest City,Water-cooled evaporative,4,17.53766580277945,12.316581211122307,New Albany,Water-cooled evaporative,9,17.744729047966636,6.59353106459328,1.1669000108565377,1.8679795530594125
Council Bluffs,Water-cooled evaporative,2,16.780793662112494,0.0468668477096319,Kansas City,Water-cooled evaporative,2,16.881328443209075,0.0250908454456192,0.5955383276546784,1.8678863496731928
Council Bluffs,Water-cooled evaporative,3,17.0513355964971,0.0475899670194202,Kansas City,Water-cooled evaporative,12,16.885069121742546,0.0255611534895248,0.9750935568279513,1.8618082724210008
Seattle,Water-cooled evaporative,12,17.166734198946635,1.2174132739277843,Fort Wayne,Water-cooled evaporative,4,17.29611907595038,2.2662366496044477,0.7480572747885922,1.8615179398305777
Mayes County,Water-cooled evaporative,4,17.57357699037506,2.231070572978707,Seattle,Water-cooled evaporative,2,17.173377966103345,1.2003307510335863,2.2772769851630135,1.8587131680643576
Atlanta,Water-cooled evaporative,2,17.19450877402098,0.7840678433968516,Seattle,Water-cooled evaporative,6,17.548201323721468,1.4555128445111398,2.015548734458436,1.8563608452622637
Mayes County,Water-cooled evaporative,9,17.925119247041305,3.3010240931505765,New Albany,Water-cooled evaporative,5,17.607896950391954,6.099115392109956,1.7697081524392742,1.847643403986432
Mayes County,Water-cooled evaporative,2,17.03489650235795,3.4988698853981868,New Albany,Water-cooled evaporative,4,17.360773418512416,6.453821140580956,1.8770875484554896,1.8445444820668098
Atlanta,Water-cooled evaporative,6,18.028496874075547,0.7898038468567355,Seattle,Water-cooled evaporative,6,17.548201323721468,1.4555128445111398,2.664090931755546,1.8428789000000387
Mayes County,Water-cooled evaporative,2,17.03489650235795,3.4988698853981868,New Albany,Water-cooled evaporative,2,16.87703640074658,6.446942234838222,0.926686590608394,1.8425784456127414
Council Bluffs,Water-cooled evaporative,1,16.786137022735872,0.046218602077775,Kansas City,Water-cooled evaporative,2,16.881328443209075,0.0250908454456192,0.5638858386852593,1.8420504075060833
Council Bluffs,Water-cooled evaporative,12,16.848479469873773,0.0462184965543775,Kansas City,Water-cooled evaporative,2,16.881328443209075,0.0250908454456192,0.19458760870514297,1.8420462018527615
Atlanta,Water-cooled evaporative,10,17.631360911378515,0.7507609580400378,Seattle,Water-cooled evaporative,5,17.454861151844938,1.379972735117141,1.0010557915564635,1.8380986921852527
Atlanta,Water-cooled evaporative,11,17.376695685310406,0.7927291293276406,Seattle,Water-cooled evaporative,6,17.548201323721468,1.4555128445111398,0.977340271217558,1.8360784165275275
Council Bluffs,Water-cooled evaporative,2,16.780793662112494,0.0468668477096319,Kansas City,Water-cooled evaporative,12,16.885069121742546,0.0255611534895248,0.6175601584939873,1.8335184962931494
Fort Wayne,Water-cooled evaporative,9,17.754465867605767,11.829776833810485,New Albany,Water-cooled evaporative,4,17.360773418512416,6.453821140580956,2.217427727925453,1.8329880199849478
Mayes County,Water-cooled evaporative,4,17.57357699037506,2.231070572978707,Seattle,Water-cooled evaporative,12,17.166734198946635,1.2174132739277843,2.3150824197671853,1.832632041032807
Mayes County,Water-cooled evaporative,11,17.23413316543787,4.143638813801687,Fort Wayne,Water-cooled evaporative,4,17.29611907595038,2.2662366496044477,0.35838045656552603,1.8284228235938746
Mayes County,Water-cooled evaporative,1,16.97112774996448,2.9657169719923138,Fort Wayne,Water-cooled evaporative,12,16.830439289174144,5.42128023027673,0.8289871060020212,1.8279830076417622
Council Bluffs,Water-cooled evaporative,11,17.14229831979521,0.0493426049820603,Kansas City,Water-cooled evaporative,1,16.852532170914774,0.0270125979043672,1.6903576374343305,1.8266515925920235
Atlanta,Water-cooled evaporative,1,17.065796158191247,0.7971616790451956,Seattle,Water-cooled evaporative,6,17.548201323721468,1.4555128445111398,2.7490291262963265,1.8258690586512984
Mayes County,Water-cooled evaporative,9,17.925119247041305,3.3010240931505765,New Albany,Water-cooled evaporative,8,17.973948046279865,6.021781884775739,0.27166429497200184,1.8242162779940228
Council Bluffs,Water-cooled evaporative,7,18.12470824694942,0.0270372073180772,Kansas City,Water-cooled evaporative,6,18.04172106591572,0.0148282923279255,0.45786767931929984,1.8233527313970714
Council Bluffs,Water-cooled evaporative,3,17.0513355964971,0.0475899670194202,Kansas City,Water-cooled evaporative,11,17.080305828668926,0.0261044868741696,0.16961190544492485,1.8230569805419345
Mayes County,Water-cooled evaporative,11,17.23413316543787,4.143638813801687,Fort Wayne,Water-cooled evaporative,11,17.11463249756379,7.5413614034547445,0.6933952913496916,1.8199852212832544
Henrico,Water-cooled evaporative,8,18.13923918554841,1.2094493152781127,Mayes County,Water-cooled evaporative,6,18.199521050354782,2.2011470590681332,0.3312277539589359,1.8199580844460437
Seattle,Water-cooled evaporative,10,17.40923985865238,1.5614516299414214,Fort Wayne,Water-cooled evaporative,5,17.64714703608572,2.8409254489710696,1.3481339331896265,1.8194130349575082
Council Bluffs,Water-cooled evaporative,9,17.812899523243495,0.0269707448142641,Kansas City,Water-cooled evaporative,6,18.04172106591572,0.0148282923279255,1.2682911005896949,1.818870589937806
Atlanta,Water-cooled evaporative,3,17.41115935851971,0.8010068027762554,Seattle,Water-cooled evaporative,6,17.548201323721468,1.4555128445111398,0.780945936701244,1.8171042236675075
Atlanta,Water-cooled evaporative,4,17.602846437659863,0.8648748435260727,Henrico,Water-cooled evaporative,12,17.17315705786896,0.4764154514832484,2.4410221455526573,1.8153794987828669
Seattle,Water-cooled evaporative,11,17.292650708839894,1.2495704990225598,Fort Wayne,Water-cooled evaporative,4,17.29611907595038,2.2662366496044477,0.020052863276759307,1.813612478349277
Mayes County,Water-cooled evaporative,5,17.821497966615873,2.266069287350972,Seattle,Water-cooled evaporative,11,17.292650708839894,1.2495704990225598,2.9674680476727735,1.813478542526043
Henrico,Water-cooled evaporative,10,17.56483916631861,0.8624373261930341,Seattle,Water-cooled evaporative,10,17.40923985865238,1.5614516299414214,0.8858567174619956,1.8105102626227603
Council Bluffs,Water-cooled evaporative,1,16.786137022735872,0.046218602077775,Kansas City,Water-cooled evaporative,12,16.885069121742546,0.0255611534895248,0.5859146817425915,1.8081579180969207
Council Bluffs,Water-cooled evaporative,12,16.848479469873773,0.0462184965543775,Kansas City,Water-cooled evaporative,12,16.885069121742546,0.0255611534895248,0.21669826522449748,1.808153789824793
Seattle,Water-cooled evaporative,3,17.249131712627936,1.1438702157795326,Fort Wayne,Water-cooled evaporative,3,17.05927373968985,2.0677764897661115,1.1006813334209296,1.8077020113308473
Atlanta,Water-cooled evaporative,4,17.602846437659863,0.8648748435260727,Seattle,Water-cooled evaporative,10,17.40923985865238,1.5614516299414214,1.0998595010933983,1.8054076166389843
Mayes County,Water-cooled evaporative,2,17.03489650235795,3.4988698853981868,New Albany,Water-cooled evaporative,3,17.140821915955286,6.311753558576083,0.6179716125440737,1.8039406337791772
Council Bluffs,Water-cooled evaporative,7,18.12470824694942,0.0270372073180772,Kansas City,Water-cooled evaporative,5,17.73642893578077,0.0150073823564826,2.142265165752414,1.8015938206837376
Mayes County,Water-cooled evaporative,9,17.925119247041305,3.3010240931505765,New Albany,Water-cooled evaporative,7,18.03482783797511,5.944723850658858,0.6083151550956194,1.8008726028367368
Henrico,Water-cooled evaporative,8,18.13923918554841,1.2094493152781127,Seattle,Water-cooled evaporative,8,17.708893461695116,2.1745776179476533,2.3724574082255376,1.797989870660772
Council Bluffs,Water-cooled evaporative,9,17.812899523243495,0.0269707448142641,Kansas City,Water-cooled evaporative,5,17.73642893578077,0.0150073823564826,0.4292989322874806,1.7971651666896988
Mayes County,Water-cooled evaporative,3,17.328948035857564,2.805691263418541,Seattle,Water-cooled evaporative,10,17.40923985865238,1.5614516299414214,0.46120234683831524,1.796848016050166
Council Bluffs,Water-cooled evaporative,2,16.780793662112494,0.0468668477096319,Kansas City,Water-cooled evaporative,11,17.080305828668926,0.0261044868741696,1.7535527148097543,1.7953560219567717
Council Bluffs,Water-cooled evaporative,5,17.678164559991735,0.0266189030219744,Kansas City,Water-cooled evaporative,6,18.04172106591572,0.0148282923279255,2.0150877213749445,1.7951428548413588
Forest City,Water-cooled evaporative,3,17.37517355832884,12.70987772498829,New Albany,Water-cooled evaporative,11,17.184289368160883,7.081530635583124,1.098603070220589,1.7947924508190318
Fort Wayne,Water-cooled evaporative,9,17.754465867605767,11.829776833810485,New Albany,Water-cooled evaporative,9,17.744729047966636,6.59353106459328,0.0548415238832703,1.7941489496175145
Henrico,Water-cooled evaporative,4,17.502653145767887,0.1839295959169961,Montgomery County / Clarksville,Water-cooled evaporative,1,17.018934267468634,0.10251914500766245,2.763688877741463,1.7940999791136465
Forest City,Water-cooled evaporative,1,17.06378807311401,15.519826402403526,Fort Wayne,Water-cooled evaporative,10,17.377248463785236,8.651257190054936,1.8038551461382752,1.7939388532159652
Forest City,Water-cooled evaporative,3,17.37517355832884,12.70987772498829,New Albany,Water-cooled evaporative,10,17.342821927071753,7.088610837405631,0.1861945789979065,1.7929997874788106
Atlanta,Climate-responsive hybrid,2,0.6978807492502254,0.0318232908659502,Seattle,Climate-responsive hybrid,6,0.6870355726784712,0.056985276281154,1.5540157230881961,1.790678296634816
Mayes County,Water-cooled evaporative,4,17.57357699037506,2.231070572978707,Seattle,Water-cooled evaporative,11,17.292650708839894,1.2495704990225598,1.5985720020973957,1.7854699472529938
Atlanta,Water-cooled evaporative,12,17.20455766710506,0.7745463045407869,Seattle,Water-cooled evaporative,5,17.454861151844938,1.379972735117141,1.4340044447355618,1.7816529844981952
Henrico,Water-cooled evaporative,9,17.989698810550344,0.9464556701585684,Seattle,Water-cooled evaporative,7,17.641672799526734,1.6856059412636832,1.9345849793744416,1.7809666045756567
Atlanta,Water-cooled evaporative,9,17.983196012479553,0.7762135543356912,Seattle,Water-cooled evaporative,5,17.454861151844938,1.379972735117141,2.9379363949988306,1.7778261245362643
Henrico,Water-cooled evaporative,5,17.76193221788505,0.2603086423781433,Montgomery County / Clarksville,Water-cooled evaporative,5,17.821154768270667,0.14664534676849442,0.33231600957227503,1.7750896848372997
Council Bluffs,Water-cooled evaporative,5,17.678164559991735,0.0266189030219744,Kansas City,Water-cooled evaporative,5,17.73642893578077,0.0150073823564826,0.3285011655953632,1.7737205856207214
Council Bluffs,Water-cooled evaporative,1,16.786137022735872,0.046218602077775,Kansas City,Water-cooled evaporative,11,17.080305828668926,0.0261044868741696,1.7222689621827407,1.7705232935839976
Council Bluffs,Water-cooled evaporative,12,16.848479469873773,0.0462184965543775,Kansas City,Water-cooled evaporative,11,17.080305828668926,0.0261044868741696,1.357272879775009,1.7705192512368715
Council Bluffs,Water-cooled evaporative,4,17.399657086027492,0.0281100447894364,Kansas City,Water-cooled evaporative,4,17.39951136286369,0.0159390041801391,0.0008375059524460532,1.7636010676540947
Council Bluffs,Water-cooled evaporative,3,17.0513355964971,0.0475899670194202,Kansas City,Water-cooled evaporative,1,16.852532170914774,0.0270125979043672,1.1659111654759013,1.7617693488017383
Atlanta,Water-cooled evaporative,5,17.830684138680336,0.8268216358804037,Seattle,Water-cooled evaporative,6,17.548201323721468,1.4555128445111398,1.5842511300285702,1.7603710175790244
Atlanta,Water-cooled evaporative,2,17.19450877402098,0.7840678433968516,Seattle,Water-cooled evaporative,5,17.454861151844938,1.379972735117141,1.49157518675786,1.7600170020219479
Forest City,Water-cooled evaporative,3,17.37517355832884,12.70987772498829,New Albany,Water-cooled evaporative,12,16.9650384555364,7.223122576219711,2.360466221621358,1.7596098627527548
Mayes County,Water-cooled evaporative,1,16.97112774996448,2.9657169719923138,Fort Wayne,Water-cooled evaporative,2,16.799944420034144,5.202059116517799,1.0086738633541588,1.7540645872971325
Seattle,Water-cooled evaporative,1,17.125193144448993,1.1806652775159978,Fort Wayne,Water-cooled evaporative,3,17.05927373968985,2.0677764897661115,0.38492648931384466,1.7513655471570295
Mayes County,Water-cooled evaporative,9,17.925119247041305,3.3010240931505765,Fort Wayne,Water-cooled evaporative,7,17.95146502148568,5.777467960620443,0.14676113850788008,1.7502047236214775
Atlanta,Water-cooled evaporative,10,17.631360911378515,0.7507609580400378,Seattle,Water-cooled evaporative,4,17.354130306973452,1.3137358722983885,1.5723721260004935,1.7498723904451188
Mayes County,Water-cooled evaporative,9,17.925119247041305,3.3010240931505765,New Albany,Water-cooled evaporative,6,17.889797109319222,5.757620868123333,0.1970538507179727,1.7441923190048947
Mayes County,Water-cooled evaporative,11,17.23413316543787,4.143638813801687,New Albany,Water-cooled evaporative,12,16.9650384555364,7.223122576219711,1.5614055393347255,1.7431834435378004
Atlanta,Water-cooled evaporative,11,17.376695685310406,0.7927291293276406,Seattle,Water-cooled evaporative,5,17.454861151844938,1.379972735117141,0.44781488580486506,1.7407872173028076
Forest City,Water-cooled evaporative,4,17.53766580277945,12.316581211122307,New Albany,Water-cooled evaporative,11,17.184289368160883,7.081530635583124,2.014957056386392,1.7392541026701505
Forest City,Water-cooled evaporative,4,17.53766580277945,12.316581211122307,New Albany,Water-cooled evaporative,10,17.342821927071753,7.088610837405631,1.1110023300638867,1.7375169117945353
Henrico,Water-cooled evaporative,3,17.255202194642898,0.2279145531388211,Montgomery County / Clarksville,Water-cooled evaporative,12,17.126348403620877,0.13125244922250706,0.7467532954324059,1.736459429815642
Council Bluffs,Water-cooled evaporative,2,16.780793662112494,0.0468668477096319,Kansas City,Water-cooled evaporative,1,16.852532170914774,0.0270125979043672,0.4256838561393835,1.7349996425947172
Henrico,Water-cooled evaporative,4,17.502653145767887,0.1839295959169961,Montgomery County / Clarksville,Water-cooled evaporative,4,17.495966388685023,0.10614035284181425,0.03820424839122744,1.7328903757378182
Atlanta,Water-cooled evaporative,1,17.065796158191247,0.7971616790451956,Seattle,Water-cooled evaporative,5,17.454861151844938,1.379972735117141,2.228977877676025,1.7311077180353303
Forest City,Water-cooled evaporative,2,17.18346880757389,14.943569593328107,Fort Wayne,Water-cooled evaporative,10,17.377248463785236,8.651257190054936,1.1151342896154552,1.727329249962249
Council Bluffs,Water-cooled evaporative,10,17.42218299677707,0.0402559269828757,Kansas City,Water-cooled evaporative,3,17.138704051594342,0.0233070019755581,1.6271149558879612,1.7272031394295941
Seattle,Water-cooled evaporative,4,17.354130306973452,1.3137358722983885,Fort Wayne,Water-cooled evaporative,4,17.29611907595038,2.2662366496044477,0.3342791024207209,1.725032175333428
Mayes County,Water-cooled evaporative,5,17.821497966615873,2.266069287350972,Seattle,Water-cooled evaporative,4,17.354130306973452,1.3137358722983885,2.6224936900249167,1.7249047811920295
Council Bluffs,Water-cooled evaporative,6,18.065271663687067,0.0255542662498215,Kansas City,Water-cooled evaporative,6,18.04172106591572,0.0148282923279255,0.1303639281477634,1.7233451893645382
Atlanta,Water-cooled evaporative,3,17.41115935851971,0.8010068027762554,Seattle,Water-cooled evaporative,5,17.454861151844938,1.379972735117141,0.2503703291882515,1.7227977719218044
Seattle,Water-cooled evaporative,2,17.173377966103345,1.2003307510335863,Fort Wayne,Water-cooled evaporative,3,17.05927373968985,2.0677764897661115,0.6644250574273339,1.7226722617791645
Mayes County,Water-cooled evaporative,3,17.328948035857564,2.805691263418541,Fort Wayne,Water-cooled evaporative,6,17.801545760713267,4.8202201951417925,2.6548128528180523,1.7180151850594876
Council Bluffs,Water-cooled evaporative,1,16.786137022735872,0.046218602077775,Kansas City,Water-cooled evaporative,1,16.852532170914774,0.0270125979043672,0.39397728190361325,1.7110017422760628
Council Bluffs,Water-cooled evaporative,12,16.848479469873773,0.0462184965543775,Kansas City,Water-cooled evaporative,1,16.852532170914774,0.0270125979043672,0.024048024355624104,1.7109978358247888
Mayes County,Water-cooled evaporative,11,17.23413316543787,4.143638813801687,New Albany,Water-cooled evaporative,10,17.342821927071753,7.088610837405631,0.6267074763895337,1.7107212177361582
Mayes County,Water-cooled evaporative,11,17.23413316543787,4.143638813801687,New Albany,Water-cooled evaporative,11,17.184289368160883,7.081530635583124,0.28921557468841874,1.7090125258977371
Mayes County,Water-cooled evaporative,12,17.04331351118919,3.174402907106473,Fort Wayne,Water-cooled evaporative,12,16.830439289174144,5.42128023027673,1.249018988445472,1.707811008533358
Council Bluffs,Water-cooled evaporative,6,18.065271663687067,0.0255542662498215,Kansas City,Water-cooled evaporative,5,17.73642893578077,0.0150073823564826,1.8203032538243205,1.702779714863669
Council Bluffs,Water-cooled evaporative,10,17.42218299677707,0.0402559269828757,Montgomery County / Clarksville,Water-cooled evaporative,3,17.386294144336638,0.06840600668931116,0.20599515254243342,1.699277890642292
Seattle,Water-cooled evaporative,12,17.166734198946635,1.2174132739277843,Fort Wayne,Water-cooled evaporative,3,17.05927373968985,2.0677764897661115,0.6259807952486328,1.698500036142016
Mayes County,Water-cooled evaporative,4,17.57357699037506,2.231070572978707,Seattle,Water-cooled evaporative,4,17.354130306973452,1.3137358722983885,1.2487308845649152,1.6982641792946067
Atlanta,Water-cooled evaporative,12,17.20455766710506,0.7745463045407869,Seattle,Water-cooled evaporative,4,17.354130306973452,1.3137358722983885,0.8618849646892933,1.6961360019363547
Council Bluffs,Water-cooled evaporative,9,17.812899523243495,0.0269707448142641,Kansas City,Water-cooled evaporative,4,17.39951136286369,0.0159390041801391,2.3207235848402212,1.6921223251745656
Mayes County,Water-cooled evaporative,2,17.03489650235795,3.4988698853981868,Fort Wayne,Water-cooled evaporative,3,17.05927373968985,2.0677764897661115,0.14289727513537342,1.6920928846588965
Council Bluffs,Water-cooled evaporative,4,17.399657086027492,0.0281100447894364,Kansas City,Water-cooled evaporative,9,17.847691993264707,0.0166267092563554,2.5103240654662384,1.690655941354818
Henrico,Water-cooled evaporative,10,17.56483916631861,0.8624373261930341,Seattle,Water-cooled evaporative,6,17.548201323721468,1.4555128445111398,0.09472243064454276,1.687673759362963
Council Bluffs,Water-cooled evaporative,8,18.17576209587628,0.0280341972757222,Kansas City,Water-cooled evaporative,9,17.847691993264707,0.0166267092563554,1.8049867778914506,1.6860941538991787
Seattle,Water-cooled evaporative,7,17.641672799526734,1.6856059412636832,Fort Wayne,Water-cooled evaporative,5,17.64714703608572,2.8409254489710696,0.031020518771625184,1.6854030823130903
Forest City,Water-cooled evaporative,3,17.37517355832884,12.70987772498829,Fort Wayne,Water-cooled evaporative,11,17.11463249756379,7.5413614034547445,1.499501918011971,1.6853558721063038
Council Bluffs,Water-cooled evaporative,12,16.848479469873773,0.0462184965543775,Montgomery County / Clarksville,Water-cooled evaporative,2,17.033207441225265,0.0778148194990946,1.0845166536538347,1.6836293973245766
Council Bluffs,Water-cooled evaporative,1,16.786137022735872,0.046218602077775,Montgomery County / Clarksville,Water-cooled evaporative,2,17.033207441225265,0.0778148194990946,1.450521983847926,1.6836255533681141
Atlanta,Water-cooled evaporative,4,17.602846437659863,0.8648748435260727,Seattle,Water-cooled evaporative,6,17.548201323721468,1.4555128445111398,0.31043339571199485,1.6829173092571996
Atlanta,Water-cooled evaporative,3,17.41115935851971,0.8010068027762554,Henrico,Water-cooled evaporative,12,17.17315705786896,0.4764154514832484,1.3669526293451084,1.6813199493896351
Council Bluffs,Water-cooled evaporative,8,18.17576209587628,0.0280341972757222,Kansas City,Water-cooled evaporative,7,18.113247036624024,0.0166839666755964,0.34394738950967724,1.6803076762750764
Atlanta,Water-cooled evaporative,2,17.19450877402098,0.7840678433968516,Seattle,Water-cooled evaporative,4,17.354130306973452,1.3137358722983885,0.9197898720878565,1.6755385179512434
Atlanta,Water-cooled evaporative,1,17.065796158191247,0.7971616790451956,Henrico,Water-cooled evaporative,12,17.17315705786896,0.4764154514832484,0.6251669353278153,1.673249002657978
Henrico,Water-cooled evaporative,1,16.972151884988754,0.3445485859877428,Montgomery County / Clarksville,Water-cooled evaporative,11,17.326333368954696,0.20594604712632414,2.0441802453170133,1.673004123144942
Council Bluffs,Water-cooled evaporative,5,17.678164559991735,0.0266189030219744,Kansas City,Water-cooled evaporative,4,17.39951136286369,0.0159390041801391,1.5762563821737283,1.6700480607905892
Atlanta,Water-cooled evaporative,5,17.830684138680336,0.8268216358804037,Seattle,Water-cooled evaporative,5,17.454861151844938,1.379972735117141,2.1077317275792065,1.669008979969107
Fort Wayne,Water-cooled evaporative,9,17.754465867605767,11.829776833810485,New Albany,Water-cooled evaporative,10,17.342821927071753,7.088610837405631,2.3185374519494024,1.668842754265246
Mayes County,Water-cooled evaporative,3,17.328948035857564,2.805691263418541,Seattle,Water-cooled evaporative,7,17.641672799526734,1.6856059412636832,1.7726480205298858,1.6645001033368096
Atlanta,Water-cooled evaporative,10,17.631360911378515,0.7507609580400378,Seattle,Water-cooled evaporative,11,17.292650708839894,1.2495704990225598,1.921066696105304,1.6644052752619571
Atlanta,Water-cooled evaporative,11,17.376695685310406,0.7927291293276406,Henrico,Water-cooled evaporative,12,17.17315705786896,0.4764154514832484,1.1713310236163608,1.6639450438888932
Forest City,Water-cooled evaporative,5,17.79722792614906,19.6710405684225,Fort Wayne,Water-cooled evaporative,9,17.754465867605767,11.829776833810485,0.24027370285269714,1.662841222177669
Council Bluffs,Water-cooled evaporative,2,16.780793662112494,0.0468668477096319,Montgomery County / Clarksville,Water-cooled evaporative,2,17.033207441225265,0.0778148194990946,1.4818922389323892,1.6603382412489927
Atlanta,Water-cooled evaporative,11,17.376695685310406,0.7927291293276406,Seattle,Water-cooled evaporative,4,17.354130306973452,1.3137358722983885,0.12986000759643246,1.6572317374191154
Seattle,Water-cooled evaporative,11,17.292650708839894,1.2495704990225598,Fort Wayne,Water-cooled evaporative,3,17.05927373968985,2.0677764897661115,1.3495731399394006,1.654789778874877
Atlanta,Water-cooled evaporative,1,17.065796158191247,0.7971616790451956,Seattle,Water-cooled evaporative,4,17.354130306973452,1.3137358722983885,1.661472765744666,1.6480168412911196
Atlanta,Water-cooled evaporative,2,17.19450877402098,0.7840678433968516,Henrico,Water-cooled evaporative,12,17.17315705786896,0.4764154514832484,0.12417752919049571,1.645764932593545
Seattle,Water-cooled evaporative,5,17.454861151844938,1.379972735117141,Fort Wayne,Water-cooled evaporative,4,17.29611907595038,2.2662366496044477,0.909443360870159,1.6422329165888014
Mayes County,Water-cooled evaporative,5,17.821497966615873,2.266069287350972,Seattle,Water-cooled evaporative,5,17.454861151844938,1.379972735117141,2.0572727133136475,1.6421116371973925
Atlanta,Water-cooled evaporative,3,17.41115935851971,0.8010068027762554,Seattle,Water-cooled evaporative,4,17.354130306973452,1.3137358722983885,0.3275431025123154,1.6401057615803463
Mayes County,Water-cooled evaporative,12,17.04331351118919,3.174402907106473,Fort Wayne,Water-cooled evaporative,2,16.799944420034144,5.202059116517799,1.427944695116183,1.6387520011628178
Council Bluffs,Water-cooled evaporative,3,17.0513355964971,0.0475899670194202,Montgomery County / Clarksville,Water-cooled evaporative,2,17.033207441225265,0.0778148194990946,0.10631516322721034,1.6351097588981403
Forest City,Water-cooled evaporative,4,17.53766580277945,12.316581211122307,Fort Wayne,Water-cooled evaporative,11,17.11463249756379,7.5413614034547445,2.412141444436789,1.6332039471652962
Henrico,Water-cooled evaporative,5,17.76193221788505,0.2603086423781433,Montgomery County / Clarksville,Water-cooled evaporative,8,18.225878581836163,0.15943836333341305,2.5455363474959163,1.632660025704059
Mayes County,Water-cooled evaporative,1,16.97112774996448,2.9657169719923138,Fort Wayne,Water-cooled evaporative,1,16.75566997613035,4.84178592905253,1.2695548404824342,1.6325852988594214
Mayes County,Water-cooled evaporative,11,17.23413316543787,4.143638813801687,New Albany,Water-cooled evaporative,1,16.867860356409007,6.759291788974309,2.1252754955114557,1.631245408374005
Council Bluffs,Water-cooled evaporative,8,18.17576209587628,0.0280341972757222,Kansas City,Water-cooled evaporative,8,18.109453309300104,0.0171914066393065,0.3648198420864023,1.6307099159428118
Council Bluffs,Climate-responsive hybrid,7,8.805931935576677,0.0131360904753397,Kansas City,Climate-responsive hybrid,7,8.757832132443449,0.0080667689869583,0.5462204737116005,1.6284203125907124
Council Bluffs,Water-cooled evaporative,7,18.12470824694942,0.0270372073180772,Kansas City,Water-cooled evaporative,9,17.847691993264707,0.0166267092563554,1.5283901396390123,1.6261309980952778
Atlanta,Water-cooled evaporative,12,17.20455766710506,0.7745463045407869,Henrico,Water-cooled evaporative,12,17.17315705786896,0.4764154514832484,0.18251331910810392,1.6257791432443105
Council Bluffs,Water-cooled evaporative,9,17.812899523243495,0.0269707448142641,Kansas City,Water-cooled evaporative,9,17.847691993264707,0.0166267092563554,0.19494100432897654,1.622133664480528
Atlanta,Water-cooled evaporative,10,17.631360911378515,0.7507609580400378,Seattle,Water-cooled evaporative,12,17.166734198946635,1.2174132739277843,2.635228867285167,1.6215724337957116
Council Bluffs,Water-cooled evaporative,7,18.12470824694942,0.0270372073180772,Kansas City,Water-cooled evaporative,7,18.113247036624024,0.0166839666755964,0.06323528174488471,1.6205503069977034
Mayes County,Water-cooled evaporative,4,17.57357699037506,2.231070572978707,Seattle,Water-cooled evaporative,5,17.454861151844938,1.379972735117141,0.6755359969978886,1.6167497488921907
Council Bluffs,Water-cooled evaporative,9,17.812899523243495,0.0269707448142641,Kansas City,Water-cooled evaporative,7,18.113247036624024,0.0166839666755964,1.65816494841175,1.6165666917636647
Atlanta,Water-cooled evaporative,12,17.20455766710506,0.7745463045407869,Seattle,Water-cooled evaporative,11,17.292650708839894,1.2495704990225598,0.5094247447547212,1.6132934747696013
Atlanta,Water-cooled evaporative,10,17.631360911378515,0.7507609580400378,Henrico,Water-cooled evaporative,8,18.13923918554841,1.2094493152781127,2.7998874096909314,1.6109645850998198
Council Bluffs,Water-cooled evaporative,5,17.678164559991735,0.0266189030219744,Kansas City,Water-cooled evaporative,9,17.847691993264707,0.0166267092563554,0.9498563362531542,1.6009724240411303
Henrico,Water-cooled evaporative,10,17.56483916631861,0.8624373261930341,Seattle,Water-cooled evaporative,5,17.454861151844938,1.379972735117141,0.6261259407632941,1.6000846591468953
Atlanta,Water-cooled evaporative,10,17.631360911378515,0.7507609580400378,Seattle,Water-cooled evaporative,2,17.173377966103345,1.2003307510335863,2.5975473338510544,1.5988188226612245
Atlanta,Water-cooled evaporative,4,17.602846437659863,0.8648748435260727,Seattle,Water-cooled evaporative,5,17.454861151844938,1.379972735117141,0.8406895233621037,1.5955750655100884
Council Bluffs,Water-cooled evaporative,5,17.678164559991735,0.0266189030219744,Kansas City,Water-cooled evaporative,7,18.113247036624024,0.0166839666755964,2.402012603000307,1.5954780742225894
Atlanta,Water-cooled evaporative,7,18.187990649858357,0.7582102707736409,Henrico,Water-cooled evaporative,8,18.13923918554841,1.2094493152781127,0.268042057247966,1.5951370772702003
Atlanta,Water-cooled evaporative,2,17.19450877402098,0.7840678433968516,Seattle,Water-cooled evaporative,11,17.292650708839894,1.2495704990225598,0.5675355182461561,1.5937020113068157
Mayes County,Water-cooled evaporative,11,17.23413316543787,4.143638813801687,New Albany,Water-cooled evaporative,9,17.744729047966636,6.59353106459328,2.877450994875992,1.5912417468992375
Atlanta,Water-cooled evaporative,5,17.830684138680336,0.8268216358804037,Seattle,Water-cooled evaporative,4,17.354130306973452,1.3137358722983885,2.672661508669145,1.5888987603711122
Seattle,Climate-responsive hybrid,4,0.1210037447384646,0.0091601801607701,Fort Wayne,Climate-responsive hybrid,3,0.12001904073422939,0.014547662142094964,0.813779777116431,1.5881414870416626
Mayes County,Climate-responsive hybrid,12,0.1351337441555652,0.0251693398712629,Fort Wayne,Climate-responsive hybrid,1,0.1376012500976322,0.0397618118220193,1.7932293059228892,1.579771739163384
Atlanta,Water-cooled evaporative,8,18.243874995696743,0.7660284885937908,Henrico,Water-cooled evaporative,8,18.13923918554841,1.2094493152781127,0.5735393943063911,1.5788568353356096
Council Bluffs,Water-cooled evaporative,11,17.14229831979521,0.0493426049820603,Montgomery County / Clarksville,Water-cooled evaporative,2,17.033207441225265,0.0778148194990946,0.6363842031845313,1.5770310369180158
Atlanta,Water-cooled evaporative,11,17.376695685310406,0.7927291293276406,Seattle,Water-cooled evaporative,11,17.292650708839894,1.2495704990225598,0.48366489229342047,1.5762893689580864
Atlanta,Water-cooled evaporative,10,17.631360911378515,0.7507609580400378,Henrico,Water-cooled evaporative,12,17.17315705786896,0.4764154514832484,2.598800261719166,1.5758535028674148
Seattle,Water-cooled evaporative,4,17.354130306973452,1.3137358722983885,Fort Wayne,Water-cooled evaporative,3,17.05927373968985,2.0677764897661115,1.6990570087232755,1.5739666803407937
Council Bluffs,Water-cooled evaporative,7,18.12470824694942,0.0270372073180772,Kansas City,Water-cooled evaporative,8,18.109453309300104,0.0171914066393065,0.08416652804264876,1.5727164091540493
Atlanta,Water-cooled evaporative,10,17.631360911378515,0.7507609580400378,Seattle,Water-cooled evaporative,1,17.125193144448993,1.1806652775159978,2.8708377616095615,1.5726247680730268
Atlanta,Water-cooled evaporative,12,17.20455766710506,0.7745463045407869,Seattle,Water-cooled evaporative,12,17.166734198946635,1.2174132739277843,0.21984562980508,1.5717759761949475
Council Bluffs,Water-cooled evaporative,9,17.812899523243495,0.0269707448142641,Kansas City,Water-cooled evaporative,8,18.109453309300104,0.0171914066393065,1.637563437126588,1.5688503785721688
Atlanta,Water-cooled evaporative,1,17.065796158191247,0.7971616790451956,Seattle,Water-cooled evaporative,11,17.292650708839894,1.2495704990225598,1.3118552757945867,1.5675245459857516
Atlanta,Water-cooled evaporative,3,17.41115935851971,0.8010068027762554,Seattle,Water-cooled evaporative,11,17.292650708839894,1.2495704990225598,0.6806476653252189,1.5599998585425265
Atlanta,Water-cooled evaporative,9,17.983196012479553,0.7762135543356912,Henrico,Water-cooled evaporative,8,18.13923918554841,1.2094493152781127,0.8602520286141644,1.5581399068883806
Mayes County,Water-cooled evaporative,11,17.23413316543787,4.143638813801687,New Albany,Water-cooled evaporative,4,17.360773418512416,6.453821140580956,0.7294620465439833,1.557525023437005
Seattle,Water-cooled evaporative,6,17.548201323721468,1.4555128445111398,Fort Wayne,Water-cooled evaporative,4,17.29611907595038,2.2662366496044477,1.4365133105142043,1.5570021646669865
Mayes County,Water-cooled evaporative,5,17.821497966615873,2.266069287350972,Seattle,Water-cooled evaporative,6,17.548201323721468,1.4555128445111398,1.5335222853115804,1.5568871795920647
Mayes County,Water-cooled evaporative,11,17.23413316543787,4.143638813801687,New Albany,Water-cooled evaporative,2,16.87703640074658,6.446942234838222,2.072032061394479,1.555864911141546
Atlanta,Water-cooled evaporative,2,17.19450877402098,0.7840678433968516,Seattle,Water-cooled evaporative,12,17.166734198946635,1.2174132739277843,0.1615316578064194,1.552688691648839
Atlanta,Water-cooled evaporative,12,17.20455766710506,0.7745463045407869,Seattle,Water-cooled evaporative,2,17.173377966103345,1.2003307510335863,0.1812293091459739,1.5497210999479736
Mayes County,Water-cooled evaporative,2,17.03489650235795,3.4988698853981868,Fort Wayne,Water-cooled evaporative,12,16.830439289174144,5.42128023027673,1.200225743405625,1.5494375063506438
Council Bluffs,Water-cooled evaporative,5,17.678164559991735,0.0266189030219744,Kansas City,Water-cooled evaporative,8,18.109453309300104,0.0171914066393065,2.381566919454605,1.5483842352441852
Forest City,Water-cooled evaporative,4,17.53766580277945,12.316581211122307,Fort Wayne,Water-cooled evaporative,8,17.982517090353113,7.967996641116271,2.4737987754356543,1.54575632569504
Mayes County,Water-cooled evaporative,2,17.03489650235795,3.4988698853981868,Fort Wayne,Water-cooled evaporative,4,17.29611907595038,2.2662366496044477,1.5102958787769387,1.543911967891299
Council Bluffs,Water-cooled evaporative,10,17.42218299677707,0.0402559269828757,Kansas City,Water-cooled evaporative,11,17.080305828668926,0.0261044868741696,1.96230959215265,1.5421075762538339
Henrico,Water-cooled evaporative,9,17.989698810550344,0.9464556701585684,Seattle,Water-cooled evaporative,6,17.548201323721468,1.4555128445111398,2.4541683075313783,1.5378563311552504
Council Bluffs,Water-cooled evaporative,6,18.065271663687067,0.0255542662498215,Kansas City,Water-cooled evaporative,9,17.847691993264707,0.0166267092563554,1.204408516367435,1.5369407052122253
Atlanta,Water-cooled evaporative,11,17.376695685310406,0.7927291293276406,Seattle,Water-cooled evaporative,12,17.166734198946635,1.2174132739277843,1.2082935108385644,1.5357241570778948
Mayes County,Water-cooled evaporative,12,17.04331351118919,3.174402907106473,Fort Wayne,Water-cooled evaporative,3,17.05927373968985,2.0677764897661115,0.09355749104094094,1.5351769994568094
Mayes County,Water-cooled evaporative,4,17.57357699037506,2.231070572978707,Seattle,Water-cooled evaporative,6,17.548201323721468,1.4555128445111398,0.14439670800935667,1.532841555739106
Council Bluffs,Water-cooled evaporative,6,18.065271663687067,0.0255542662498215,Kansas City,Water-cooled evaporative,7,18.113247036624024,0.0166839666755964,0.26486346064818367,1.5316661047519153
Atlanta,Water-cooled evaporative,6,18.028496874075547,0.7898038468567355,Henrico,Water-cooled evaporative,8,18.13923918554841,1.2094493152781127,0.610512438476971,1.531328721797803
Atlanta,Water-cooled evaporative,2,17.19450877402098,0.7840678433968516,Seattle,Water-cooled evaporative,2,17.173377966103345,1.2003307510335863,0.12289276882141904,1.5309016447267376
Atlanta,Water-cooled evaporative,1,17.065796158191247,0.7971616790451956,Seattle,Water-cooled evaporative,12,17.166734198946635,1.2174132739277843,0.587986273834084,1.5271848935161398
Mayes County,Water-cooled evaporative,12,17.04331351118919,3.174402907106473,Fort Wayne,Water-cooled evaporative,1,16.75566997613035,4.84178592905253,1.6877207291293364,1.5252587874756915
Atlanta,Water-cooled evaporative,12,17.20455766710506,0.7745463045407869,Seattle,Water-cooled evaporative,1,17.125193144448993,1.1806652775159978,0.4612994079342819,1.5243314319548535
Atlanta,Water-cooled evaporative,10,17.631360911378515,0.7507609580400378,Seattle,Water-cooled evaporative,3,17.249131712627936,1.1438702157795326,2.167893906045024,1.523614412190212
Henrico,Water-cooled evaporative,10,17.56483916631861,0.8624373261930341,Seattle,Water-cooled evaporative,4,17.354130306973452,1.3137358722983885,1.1996059704844957,1.523282715623492
Mayes County,Water-cooled evaporative,11,17.23413316543787,4.143638813801687,New Albany,Water-cooled evaporative,3,17.140821915955286,6.311753558576083,0.5414327984288546,1.5232393174696623
Atlanta,Water-cooled evaporative,3,17.41115935851971,0.8010068027762554,Seattle,Water-cooled evaporative,12,17.166734198946635,1.2174132739277843,1.4038419529683583,1.5198538510637887
Atlanta,Water-cooled evaporative,4,17.602846437659863,0.8648748435260727,Seattle,Water-cooled evaporative,4,17.354130306973452,1.3137358722983885,1.412931320893097,1.5189895765060304
Mayes County,Water-cooled evaporative,9,17.925119247041305,3.3010240931505765,Seattle,Water-cooled evaporative,8,17.708893461695116,2.1745776179476533,1.2062725071236524,1.518007021642232
Atlanta,Water-cooled evaporative,11,17.376695685310406,0.7927291293276406,Seattle,Water-cooled evaporative,2,17.173377966103345,1.2003307510335863,1.1700597333872707,1.5141751534369075
Atlanta,Water-cooled evaporative,2,17.19450877402098,0.7840678433968516,Seattle,Water-cooled evaporative,1,17.125193144448993,1.1806652775159978,0.4031265474516905,1.5058203029994823
Atlanta,Water-cooled evaporative,1,17.065796158191247,0.7971616790451956,Seattle,Water-cooled evaporative,2,17.173377966103345,1.2003307510335863,0.6264452347374045,1.5057557112771507
Fort Wayne,Water-cooled evaporative,10,17.377248463785236,8.651257190054936,New Albany,Water-cooled evaporative,6,17.889797109319222,5.757620868123333,2.8650333058667683,1.5025750024549236
Atlanta,Water-cooled evaporative,3,17.41115935851971,0.8010068027762554,Seattle,Water-cooled evaporative,2,17.173377966103345,1.2003307510335863,1.365683855509678,1.498527536686694
Seattle,Water-cooled evaporative,5,17.454861151844938,1.379972735117141,Fort Wayne,Water-cooled evaporative,3,17.05927373968985,2.0677764897661115,2.2663452244836395,1.4984183651937046
Mayes County,Water-cooled evaporative,9,17.925119247041305,3.3010240931505765,Seattle,Water-cooled evaporative,9,17.590738175367985,2.2074385722956293,1.8654328993014242,1.495409265100261
Atlanta,Water-cooled evaporative,4,17.602846437659863,0.8648748435260727,Henrico,Water-cooled evaporative,6,17.971922725305266,0.5784052032193264,2.0536271677026883,1.4952750056747317
Fort Wayne,Water-cooled evaporative,1,16.75566997613035,4.84178592905253,New Albany,Water-cooled evaporative,12,16.9650384555364,7.223122576219711,1.2341173287333547,1.4918302217531487
Atlanta,Water-cooled evaporative,11,17.376695685310406,0.7927291293276406,Seattle,Water-cooled evaporative,1,17.125193144448993,1.1806652775159978,1.4473553857194124,1.489367848154373
Mayes County,Water-cooled evaporative,2,17.03489650235795,3.4988698853981868,Fort Wayne,Water-cooled evaporative,2,16.799944420034144,5.202059116517799,1.3792398579661622,1.4867826718071233
Council Bluffs,Water-cooled evaporative,6,18.065271663687067,0.0255542662498215,Kansas City,Water-cooled evaporative,8,18.109453309300104,0.0171914066393065,0.24397006833081683,1.486455808182335
Atlanta,Water-cooled evaporative,1,17.065796158191247,0.7971616790451956,Seattle,Water-cooled evaporative,1,17.125193144448993,1.1806652775159978,0.3468398035382063,1.4810863449057732
Atlanta,Water-cooled evaporative,12,17.20455766710506,0.7745463045407869,Seattle,Water-cooled evaporative,3,17.249131712627936,1.1438702157795326,0.25841327126189706,1.4768261226908965
Atlanta,Water-cooled evaporative,3,17.41115935851971,0.8010068027762554,Seattle,Water-cooled evaporative,1,17.125193144448993,1.1806652775159978,1.6424306284393884,1.4739765922384958
Mayes County,Water-cooled evaporative,11,17.23413316543787,4.143638813801687,New Albany,Water-cooled evaporative,5,17.607896950391954,6.099115392109956,2.1227054315862657,1.4719225459021532
Fort Wayne,Water-cooled evaporative,6,17.801545760713267,4.8202201951417925,New Albany,Water-cooled evaporative,10,17.342821927071753,7.088610837405631,2.5768764117882648,1.470598966526489
Forest City,Water-cooled evaporative,3,17.37517355832884,12.70987772498829,Fort Wayne,Water-cooled evaporative,10,17.377248463785236,8.651257190054936,0.011940356729781523,1.4691365018715368
Atlanta,Water-cooled evaporative,4,17.602846437659863,0.8648748435260727,Henrico,Water-cooled evaporative,11,17.314232307912096,0.5899915641596294,1.6395878403523454,1.4659105249377264
Council Bluffs,Water-cooled evaporative,4,17.399657086027492,0.0281100447894364,Kansas City,Water-cooled evaporative,10,17.474312529217023,0.0192033059303433,0.4272296438827417,1.4638127878293856
Atlanta,Water-cooled evaporative,5,17.830684138680336,0.8268216358804037,Henrico,Water-cooled evaporative,8,18.13923918554841,1.2094493152781127,1.7010363208281583,1.462769311775792
Fort Wayne,Water-cooled evaporative,1,16.75566997613035,4.84178592905253,New Albany,Water-cooled evaporative,11,17.184289368160883,7.081530635583124,2.494251480801303,1.4625864793177423
Mayes County,Water-cooled evaporative,9,17.925119247041305,3.3010240931505765,Fort Wayne,Water-cooled evaporative,6,17.801545760713267,4.8202201951417925,0.689387248279727,1.4602196346108032
Atlanta,Water-cooled evaporative,2,17.19450877402098,0.7840678433968516,Seattle,Water-cooled evaporative,3,17.249131712627936,1.1438702157795326,0.316670656337821,1.4588918872426822
Mayes County,Water-cooled evaporative,11,17.23413316543787,4.143638813801687,Fort Wayne,Water-cooled evaporative,5,17.64714703608572,2.8409254489710696,2.340400234685516,1.4585524640579484
Henrico,Water-cooled evaporative,9,17.989698810550344,0.9464556701585684,Seattle,Water-cooled evaporative,5,17.454861151844938,1.379972735117141,2.9730217517134983,1.4580426517873166
Mayes County,Water-cooled evaporative,10,17.611557906068775,5.949134315685416,Fort Wayne,Water-cooled evaporative,10,17.377248463785236,8.651257190054936,1.3304299570386016,1.4542043818451258
Seattle,Water-cooled evaporative,10,17.40923985865238,1.5614516299414214,Fort Wayne,Water-cooled evaporative,4,17.29611907595038,2.2662366496044477,0.6497743934855397,1.4513652591911967
Mayes County,Water-cooled evaporative,5,17.821497966615873,2.266069287350972,Seattle,Water-cooled evaporative,10,17.40923985865238,1.5614516299414214,2.313262940835583,1.4512580754332969
Henrico,Water-cooled evaporative,10,17.56483916631861,0.8624373261930341,Seattle,Water-cooled evaporative,11,17.292650708839894,1.2495704990225598,1.549621120361011,1.4488826736412332
Atlanta,Water-cooled evaporative,4,17.602846437659863,0.8648748435260727,Seattle,Water-cooled evaporative,11,17.292650708839894,1.2495704990225598,1.7621907338595608,1.4447992196513575
Atlanta,Water-cooled evaporative,11,17.376695685310406,0.7927291293276406,Seattle,Water-cooled evaporative,3,17.249131712627936,1.1438702157795326,0.7341094935000082,1.442952167974091
Council Bluffs,Water-cooled evaporative,3,17.0513355964971,0.0475899670194202,Montgomery County / Clarksville,Water-cooled evaporative,3,17.386294144336638,0.06840600668931116,1.9265666683123845,1.437403952421242
Atlanta,Water-cooled evaporative,1,17.065796158191247,0.7971616790451956,Seattle,Water-cooled evaporative,3,17.249131712627936,1.1438702157795326,1.0628683083361803,1.4349287551674696
Mayes County,Water-cooled evaporative,1,16.97112774996448,2.9657169719923138,Fort Wayne,Water-cooled evaporative,3,17.05927373968985,2.0677764897661115,0.5167042341333089,1.4342541307874959
Atlanta,Water-cooled evaporative,5,17.830684138680336,0.8268216358804037,Henrico,Water-cooled evaporative,6,17.971922725305266,0.5784052032193264,0.7858846756894813,1.4294851278626548
Mayes County,Water-cooled evaporative,4,17.57357699037506,2.231070572978707,Seattle,Water-cooled evaporative,10,17.40923985865238,1.5614516299414214,0.9351376319840017,1.4288438592634514
Atlanta,Water-cooled evaporative,3,17.41115935851971,0.8010068027762554,Seattle,Water-cooled evaporative,3,17.249131712627936,1.1438702157795326,0.9305965361375641,1.4280405757041355
Forest City,Water-cooled evaporative,4,17.53766580277945,12.316581211122307,Fort Wayne,Water-cooled evaporative,10,17.377248463785236,8.651257190054936,0.9147017670321386,1.4236753041258383
Seattle,Water-cooled evaporative,6,17.548201323721468,1.4555128445111398,Fort Wayne,Water-cooled evaporative,3,17.05927373968985,2.0677764897661115,2.786197713441383,1.420651488967527
Fort Wayne,Water-cooled evaporative,10,17.377248463785236,8.651257190054936,New Albany,Water-cooled evaporative,5,17.607896950391954,6.099115392109956,1.3099150185654838,1.4184445831679995
Henrico,Water-cooled evaporative,10,17.56483916631861,0.8624373261930341,Seattle,Water-cooled evaporative,12,17.166734198946635,1.2174132739277843,2.26648797408495,1.411596224970553
Atlanta,Water-cooled evaporative,4,17.602846437659863,0.8648748435260727,Seattle,Water-cooled evaporative,12,17.166734198946635,1.2174132739277843,2.477509761036156,1.4076178571276525
Council Bluffs,Water-cooled evaporative,9,17.812899523243495,0.0269707448142641,Kansas City,Water-cooled evaporative,10,17.474312529217023,0.0192033059303433,1.9007966310294382,1.4044844628365476
Atlanta,Water-cooled evaporative,5,17.830684138680336,0.8268216358804037,Henrico,Water-cooled evaporative,11,17.314232307912096,0.5899915641596294,2.8964218464724767,1.4014126406334464
Henrico,Water-cooled evaporative,4,17.502653145767887,0.1839295959169961,Montgomery County / Clarksville,Water-cooled evaporative,12,17.126348403620877,0.13125244922250706,2.149986856352688,1.4013421997572597
Mayes County,Water-cooled evaporative,12,17.04331351118919,3.174402907106473,Fort Wayne,Water-cooled evaporative,4,17.29611907595038,2.2662366496044477,1.4616317316680953,1.4007376094904025
Atlanta,Water-cooled evaporative,4,17.602846437659863,0.8648748435260727,Henrico,Water-cooled evaporative,8,18.13923918554841,1.2094493152781127,2.9570851478483777,1.3984096361818303
Fort Wayne,Water-cooled evaporative,1,16.75566997613035,4.84178592905253,New Albany,Water-cooled evaporative,1,16.867860356409007,6.759291788974309,0.6651132859066574,1.3960327631207372
Henrico,Water-cooled evaporative,8,18.13923918554841,1.2094493152781127,Seattle,Water-cooled evaporative,7,17.641672799526734,1.6856059412636832,2.743038894476274,1.3936970487068971
Henrico,Water-cooled evaporative,10,17.56483916631861,0.8624373261930341,Seattle,Water-cooled evaporative,2,17.173377966103345,1.2003307510335863,2.2286637327480308,1.39178896202473
Fort Wayne,Water-cooled evaporative,2,16.799944420034144,5.202059116517799,New Albany,Water-cooled evaporative,12,16.9650384555364,7.223122576219711,0.9731427130858044,1.3885122053466377
Atlanta,Water-cooled evaporative,4,17.602846437659863,0.8648748435260727,Seattle,Water-cooled evaporative,2,17.173377966103345,1.2003307510335863,2.439767188093542,1.3878664179199252
Council Bluffs,Water-cooled evaporative,11,17.14229831979521,0.0493426049820603,Montgomery County / Clarksville,Water-cooled evaporative,3,17.386294144336638,0.06840600668931116,1.403380286309647,1.3863476951446285
Council Bluffs,Water-cooled evaporative,5,17.678164559991735,0.0266189030219744,Kansas City,Water-cooled evaporative,10,17.474312529217023,0.0192033059303433,1.1531289353197838,1.3861625242304585
Fort Wayne,Water-cooled evaporative,8,17.982517090353113,7.967996641116271,New Albany,Water-cooled evaporative,6,17.889797109319222,5.757620868123333,0.515611805444254,1.3839043632119872
Mayes County,Water-cooled evaporative,2,17.03489650235795,3.4988698853981868,Fort Wayne,Water-cooled evaporative,1,16.75566997613035,4.84178592905253,1.6391442483313563,1.3838142279193424
Fort Wayne,Water-cooled evaporative,10,17.377248463785236,8.651257190054936,New Albany,Water-cooled evaporative,3,17.140821915955286,6.311753558576083,1.3605522665033585,1.3706582663228444
Henrico,Water-cooled evaporative,10,17.56483916631861,0.8624373261930341,Seattle,Water-cooled evaporative,1,17.125193144448993,1.1806652775159978,2.5029891689111423,1.3689867560900728
Fort Wayne,Water-cooled evaporative,6,17.801545760713267,4.8202201951417925,New Albany,Water-cooled evaporative,9,17.744729047966636,6.59353106459328,0.3191672987860494,1.3678900128335991
Atlanta,Water-cooled evaporative,6,18.028496874075547,0.7898038468567355,Henrico,Water-cooled evaporative,6,17.971922725305266,0.5784052032193264,0.3138040246252191,1.3654853767925883
Atlanta,Water-cooled evaporative,4,17.602846437659863,0.8648748435260727,Seattle,Water-cooled evaporative,1,17.125193144448993,1.1806652775159978,2.713500313159412,1.3651284765116483
Fort Wayne,Water-cooled evaporative,2,16.799944420034144,5.202059116517799,New Albany,Water-cooled evaporative,11,17.184289368160883,7.081530635583124,2.2366065881016546,1.3612937640592255
Atlanta,Water-cooled evaporative,3,17.41115935851971,0.8010068027762554,Henrico,Water-cooled evaporative,11,17.314232307912096,0.5899915641596294,0.5566949828656078,1.35765806061514
Mayes County,Water-cooled evaporative,3,17.328948035857564,2.805691263418541,Fort Wayne,Water-cooled evaporative,3,17.05927373968985,2.0677764897661115,1.5562069642640548,1.3568638957375398
Fort Wayne,Climate-responsive hybrid,8,8.30393336572785,3.679446700021103,New Albany,Climate-responsive hybrid,8,8.102459831230854,2.714553625513987,2.426242186967942,1.3554518376200502
Henrico,Water-cooled evaporative,5,17.76193221788505,0.2603086423781433,Montgomery County / Clarksville,Water-cooled evaporative,9,17.929409655793705,0.19265116217094047,0.9340934315399301,1.351191653581461
Atlanta,Water-cooled evaporative,1,17.065796158191247,0.7971616790451956,Henrico,Water-cooled evaporative,11,17.314232307912096,0.5899915641596294,1.434866676747319,1.3511408085650423
Seattle,Water-cooled evaporative,7,17.641672799526734,1.6856059412636832,Fort Wayne,Water-cooled evaporative,4,17.29611907595038,2.2662366496044477,1.958735588756782,1.3444640850669232
Mayes County,Water-cooled evaporative,5,17.821497966615873,2.266069287350972,Seattle,Water-cooled evaporative,7,17.641672799526734,1.6856059412636832,1.00903508462642,1.3443647959926628
Atlanta,Water-cooled evaporative,11,17.376695685310406,0.7927291293276406,Henrico,Water-cooled evaporative,11,17.314232307912096,0.5899915641596294,0.3594663711070993,1.3436279050138387
Atlanta,Water-cooled evaporative,9,17.983196012479553,0.7762135543356912,Henrico,Water-cooled evaporative,6,17.971922725305266,0.5784052032193264,0.06268789578039374,1.3419892317969992
Fort Wayne,Water-cooled evaporative,10,17.377248463785236,8.651257190054936,New Albany,Water-cooled evaporative,2,16.87703640074658,6.446942234838222,2.8785458415992324,1.3419163496308308
Fort Wayne,Water-cooled evaporative,10,17.377248463785236,8.651257190054936,New Albany,Water-cooled evaporative,4,17.360773418512416,6.453821140580956,0.09480813551785541,1.340486047197176
Henrico,Water-cooled evaporative,5,17.76193221788505,0.2603086423781433,Montgomery County / Clarksville,Water-cooled evaporative,7,18.23208011967617,0.19419104628193018,2.578684926267588,1.340477057836242
Fort Wayne,Water-cooled evaporative,8,17.982517090353113,7.967996641116271,New Albany,Water-cooled evaporative,7,18.03482783797511,5.944723850658858,0.2900540448290282,1.3403476496613331
Mayes County,Water-cooled evaporative,10,17.611557906068775,5.949134315685416,Fort Wayne,Water-cooled evaporative,8,17.982517090353113,7.967996641116271,2.062887984037243,1.3393539661910046
Fort Wayne,Water-cooled evaporative,6,17.801545760713267,4.8202201951417925,New Albany,Water-cooled evaporative,4,17.360773418512416,6.453821140580956,2.476034093475211,1.3389058755211305
Fort Wayne,Water-cooled evaporative,12,16.830439289174144,5.42128023027673,New Albany,Water-cooled evaporative,12,16.9650384555364,7.223122576219711,0.7933914604144717,1.3323647310980282
Fort Wayne,Water-cooled evaporative,1,16.75566997613035,4.84178592905253,New Albany,Water-cooled evaporative,2,16.87703640074658,6.446942234838222,0.7191216617323967,1.3315215355049368
Atlanta,Water-cooled evaporative,2,17.19450877402098,0.7840678433968516,Henrico,Water-cooled evaporative,11,17.314232307912096,0.5899915641596294,0.6914746883487566,1.3289475494682033
Henrico,Water-cooled evaporative,10,17.56483916631861,0.8624373261930341,Seattle,Water-cooled evaporative,3,17.249131712627936,1.1438702157795326,1.7973831169263295,1.3263227147516885
Atlanta,Water-cooled evaporative,8,18.243874995696743,0.7660284885937908,Henrico,Water-cooled evaporative,6,17.971922725305266,0.5784052032193264,1.4906497137018504,1.3243803553809304
Seattle,Water-cooled evaporative,10,17.40923985865238,1.5614516299414214,Fort Wayne,Water-cooled evaporative,3,17.05927373968985,2.0677764897661115,2.010232048061523,1.3242654784277148
Mayes County,Water-cooled evaporative,4,17.57357699037506,2.231070572978707,Seattle,Water-cooled evaporative,7,17.641672799526734,1.6856059412636832,0.3859940603450132,1.3236015122882718
Fort Wayne,Water-cooled evaporative,8,17.982517090353113,7.967996641116271,New Albany,Water-cooled evaporative,8,17.973948046279865,6.021781884775739,0.04765208357758052,1.3231958236914807
Atlanta,Water-cooled evaporative,4,17.602846437659863,0.8648748435260727,Seattle,Water-cooled evaporative,3,17.249131712627936,1.1438702157795326,2.0094177739072014,1.3225846772418572
Atlanta,Water-cooled evaporative,12,17.20455766710506,0.7745463045407869,Henrico,Water-cooled evaporative,11,17.314232307912096,0.5899915641596294,0.6334363479512622,1.3128091172693852
Fort Wayne,Water-cooled evaporative,10,17.377248463785236,8.651257190054936,New Albany,Water-cooled evaporative,9,17.744729047966636,6.59353106459328,2.0709281228698733,1.312082570826348
Fort Wayne,Climate-responsive hybrid,8,8.30393336572785,3.679446700021103,New Albany,Climate-responsive hybrid,7,8.509378303172815,2.804900862243553,2.414335455838905,1.3117920670743521
Atlanta,Water-cooled evaporative,7,18.187990649858357,0.7582102707736409,Henrico,Water-cooled evaporative,6,17.971922725305266,0.5784052032193264,1.1879702860677104,1.3108635028757407
Mayes County,Water-cooled evaporative,1,16.97112774996448,2.9657169719923138,Fort Wayne,Water-cooled evaporative,4,17.29611907595038,2.2662366496044477,1.8789840920891154,1.308652815455065
Mayes County,Water-cooled evaporative,11,17.23413316543787,4.143638813801687,Fort Wayne,Water-cooled evaporative,12,16.830439289174144,5.42128023027673,2.342408941537677,1.3083380270064702
Fort Wayne,Water-cooled evaporative,12,16.830439289174144,5.42128023027673,New Albany,Water-cooled evaporative,10,17.342821927071753,7.088610837405631,2.954436365962977,1.3075529277784248
Seattle,Water-cooled evaporative,8,17.708893461695116,2.1745776179476533,Fort Wayne,Water-cooled evaporative,5,17.64714703608572,2.8409254489710696,0.3486746687078753,1.306426326438653
Fort Wayne,Water-cooled evaporative,8,17.982517090353113,7.967996641116271,New Albany,Water-cooled evaporative,5,17.607896950391954,6.099115392109956,2.0832464002613276,1.3064184113361699
Fort Wayne,Water-cooled evaporative,12,16.830439289174144,5.42128023027673,New Albany,Water-cooled evaporative,11,17.184289368160883,7.081530635583124,2.0591487457279047,1.3062469259630296
Fort Wayne,Water-cooled evaporative,1,16.75566997613035,4.84178592905253,New Albany,Water-cooled evaporative,3,17.140821915955286,6.311753558576083,2.2469864147320933,1.3036002935824147
Fort Wayne,Water-cooled evaporative,2,16.799944420034144,5.202059116517799,New Albany,Water-cooled evaporative,1,16.867860356409007,6.759291788974309,0.40263515905298697,1.2993492841155763
Atlanta,Water-cooled evaporative,10,17.631360911378515,0.7507609580400378,Henrico,Water-cooled evaporative,6,17.971922725305266,0.5784052032193264,1.8949659373241396,1.2979844473414177
Mayes County,Water-cooled evaporative,3,17.328948035857564,2.805691263418541,Seattle,Water-cooled evaporative,8,17.708893461695116,2.1745776179476533,2.1455063054017742,1.290223554340878
Seattle,Water-cooled evaporative,9,17.590738175367985,2.2074385722956293,Fort Wayne,Water-cooled evaporative,5,17.64714703608572,2.8409254489710696,0.31964861290262475,1.2869782582518907
Fort Wayne,Water-cooled evaporative,10,17.377248463785236,8.651257190054936,New Albany,Water-cooled evaporative,1,16.867860356409007,6.759291788974309,2.931350774190805,1.279905862943627
Mayes County,Water-cooled evaporative,4,17.57357699037506,2.231070572978707,Fort Wayne,Water-cooled evaporative,5,17.64714703608572,2.8409254489710696,0.4168948417566917,1.2733462954415395
Atlanta,Water-cooled evaporative,10,17.631360911378515,0.7507609580400378,Henrico,Water-cooled evaporative,11,17.314232307912096,0.5899915641596294,1.798662083207414,1.2724943942366442
Mayes County,Water-cooled evaporative,3,17.328948035857564,2.805691263418541,Seattle,Water-cooled evaporative,9,17.590738175367985,2.2074385722956293,1.4882271391941975,1.2710166881340477
Mayes County,Water-cooled evaporative,10,17.611557906068775,5.949134315685416,Fort Wayne,Water-cooled evaporative,11,17.11463249756379,7.5413614034547445,2.8215868871756635,1.2676401310307084
Fort Wayne,Water-cooled evaporative,6,17.801545760713267,4.8202201951417925,New Albany,Water-cooled evaporative,5,17.607896950391954,6.099115392109956,1.0878201978879982,1.2653188329979486
Henrico,Water-cooled evaporative,5,17.76193221788505,0.2603086423781433,Montgomery County / Clarksville,Water-cooled evaporative,11,17.326333368954696,0.20594604712632414,2.452429406817215,1.2639652278369486
Atlanta,Water-cooled evaporative,10,17.631360911378515,0.7507609580400378,Henrico,Water-cooled evaporative,9,17.989698810550344,0.9464556701585684,1.991906051043368,1.2606618125553808
Henrico,Water-cooled evaporative,2,17.064803087888635,0.2592927482258607,Montgomery County / Clarksville,Water-cooled evaporative,11,17.326333368954696,0.20594604712632414,1.5094381222900353,1.2590324108858204
Mayes County,Water-cooled evaporative,11,17.23413316543787,4.143638813801687,Fort Wayne,Water-cooled evaporative,2,16.799944420034144,5.202059116517799,2.5193535481927762,1.2554325679136686
Henrico,Water-cooled evaporative,4,17.502653145767887,0.1839295959169961,Montgomery County / Clarksville,Water-cooled evaporative,5,17.821154768270667,0.14664534676849442,1.7872109111012804,1.2542477478495206
Mayes County,Water-cooled evaporative,5,17.821497966615873,2.266069287350972,Fort Wayne,Water-cooled evaporative,5,17.64714703608572,2.8409254489710696,0.9783180451876485,1.253679869732537
Fort Wayne,Water-cooled evaporative,6,17.801545760713267,4.8202201951417925,New Albany,Water-cooled evaporative,8,17.973948046279865,6.021781884775739,0.9591787242440628,1.249275269798873
Atlanta,Water-cooled evaporative,7,18.187990649858357,0.7582102707736409,Henrico,Water-cooled evaporative,9,17.989698810550344,0.9464556701585684,1.0902349969569447,1.248275981797043
Fort Wayne,Water-cooled evaporative,12,16.830439289174144,5.42128023027673,New Albany,Water-cooled evaporative,1,16.867860356409007,6.759291788974309,0.2218483343125667,1.246807304153927
Fort Wayne,Water-cooled evaporative,2,16.799944420034144,5.202059116517799,New Albany,Water-cooled evaporative,2,16.87703640074658,6.446942234838222,0.45678624423079867,1.2393058384068756
Mayes County,Water-cooled evaporative,3,17.328948035857564,2.805691263418541,Fort Wayne,Water-cooled evaporative,4,17.29611907595038,2.2662366496044477,0.18944577500754523,1.2380398419151197
Fort Wayne,Water-cooled evaporative,11,17.11463249756379,7.5413614034547445,New Albany,Water-cooled evaporative,5,17.607896950391954,6.099115392109956,2.801381983424114,1.2364680644033283
Atlanta,Water-cooled evaporative,8,18.243874995696743,0.7660284885937908,Henrico,Water-cooled evaporative,9,17.989698810550344,0.9464556701585684,1.3932138057641394,1.2355358635499187
Mayes County,Water-cooled evaporative,10,17.611557906068775,5.949134315685416,Fort Wayne,Water-cooled evaporative,6,17.801545760713267,4.8202201951417925,1.0672548170720206,1.23420384854647
Fort Wayne,Water-cooled evaporative,6,17.801545760713267,4.8202201951417925,New Albany,Water-cooled evaporative,7,18.03482783797511,5.944723850658858,1.2935087562667642,1.2332888561087791
Henrico,Water-cooled evaporative,4,17.502653145767887,0.1839295959169961,Montgomery County / Clarksville,Water-cooled evaporative,10,17.610932406961034,0.22510495432330285,0.6148411605415474,1.2238647793522497
Fort Wayne,Water-cooled evaporative,10,17.377248463785236,8.651257190054936,New Albany,Water-cooled evaporative,11,17.184289368160883,7.081530635583124,1.1104122498247417,1.2216648681267133
Fort Wayne,Water-cooled evaporative,10,17.377248463785236,8.651257190054936,New Albany,Water-cooled evaporative,10,17.342821927071753,7.088610837405631,0.1981127034307442,1.220444652484438
Atlanta,Water-cooled evaporative,9,17.983196012479553,0.7762135543356912,Henrico,Water-cooled evaporative,9,17.989698810550344,0.9464556701585684,0.03614734265021351,1.2193238122060055
Fort Wayne,Water-cooled evaporative,2,16.799944420034144,5.202059116517799,New Albany,Water-cooled evaporative,3,17.140821915955286,6.311753558576083,1.9886881597191117,1.2133183066941193
Fort Wayne,Water-cooled evaporative,8,17.982517090353113,7.967996641116271,New Albany,Water-cooled evaporative,9,17.744729047966636,6.59353106459328,1.3223290220813428,1.2084566771670733
Council Bluffs,Water-cooled evaporative,4,17.399657086027492,0.0281100447894364,Kansas City,Water-cooled evaporative,3,17.138704051594342,0.0233070019755581,1.4997596397615465,1.2060772474690318
Atlanta,Water-cooled evaporative,6,18.028496874075547,0.7898038468567355,Henrico,Water-cooled evaporative,9,17.989698810550344,0.9464556701585684,0.2152040949181584,1.198342694740316
Fort Wayne,Water-cooled evaporative,10,17.377248463785236,8.651257190054936,New Albany,Water-cooled evaporative,12,16.9650384555364,7.223122576219711,2.372124730263792,1.1977170674822817
Fort Wayne,Water-cooled evaporative,11,17.11463249756379,7.5413614034547445,New Albany,Water-cooled evaporative,3,17.140821915955286,6.311753558576083,0.15278974672222745,1.1948123977698615
Fort Wayne,Water-cooled evaporative,6,17.801545760713267,4.8202201951417925,New Albany,Water-cooled evaporative,6,17.889797109319222,5.757620868123333,0.49330547499603655,1.1944725832081964
Mayes County,Water-cooled evaporative,10,17.611557906068775,5.949134315685416,New Albany,Water-cooled evaporative,10,17.342821927071753,7.088610837405631,1.525906909714204,1.1915365263675228
Mayes County,Water-cooled evaporative,10,17.611557906068775,5.949134315685416,New Albany,Water-cooled evaporative,11,17.184289368160883,7.081530635583124,2.4260689496450483,1.1903464033266227
Fort Wayne,Water-cooled evaporative,12,16.830439289174144,5.42128023027673,New Albany,Water-cooled evaporative,2,16.87703640074658,6.446942234838222,0.2760977132832028,1.1891918441761011
Fort Wayne,Water-cooled evaporative,11,17.11463249756379,7.5413614034547445,New Albany,Water-cooled evaporative,2,16.87703640074658,6.446942234838222,1.3882629197619707,1.1697578679552083
Fort Wayne,Water-cooled evaporative,11,17.11463249756379,7.5413614034547445,New Albany,Water-cooled evaporative,4,17.360773418512416,6.453821140580956,1.417799282410756,1.1685110633195965
Mayes County,Water-cooled evaporative,11,17.23413316543787,4.143638813801687,Fort Wayne,Water-cooled evaporative,1,16.75566997613035,4.84178592905253,2.7762532917353475,1.1684864793054466
Fort Wayne,Water-cooled evaporative,12,16.830439289174144,5.42128023027673,New Albany,Water-cooled evaporative,3,17.140821915955286,6.311753558576083,1.8107803015690058,1.164255174142492
Mayes County,Water-cooled evaporative,9,17.925119247041305,3.3010240931505765,Fort Wayne,Water-cooled evaporative,5,17.64714703608572,2.8409254489710696,1.5507412091636001,1.1619537902151378
Henrico,Water-cooled evaporative,5,17.76193221788505,0.2603086423781433,Montgomery County / Clarksville,Water-cooled evaporative,10,17.610932406961034,0.22510495432330285,0.8501316696387907,1.1563878865334958
Atlanta,Water-cooled evaporative,10,17.631360911378515,0.7507609580400378,Henrico,Water-cooled evaporative,10,17.56483916631861,0.8624373261930341,0.3772921749731463,1.1487508999462923
Atlanta,Water-cooled evaporative,5,17.830684138680336,0.8268216358804037,Henrico,Water-cooled evaporative,9,17.989698810550344,0.9464556701585684,0.8839207012001277,1.1446914655913398
Fort Wayne,Water-cooled evaporative,7,17.95146502148568,5.777467960620443,New Albany,Water-cooled evaporative,9,17.744729047966636,6.59353106459328,1.1516384499627617,1.141249265168612
Council Bluffs,Water-cooled evaporative,4,17.399657086027492,0.0281100447894364,Kansas City,Water-cooled evaporative,2,16.881328443209075,0.0250908454456192,2.9789589545109645,1.1203307138597973
Henrico,Water-cooled evaporative,4,17.502653145767887,0.1839295959169961,Montgomery County / Clarksville,Water-cooled evaporative,11,17.326333368954696,0.20594604712632414,1.0073888532483708,1.1197004272181603
Fort Wayne,Water-cooled evaporative,11,17.11463249756379,7.5413614034547445,New Albany,Water-cooled evaporative,1,16.867860356409007,6.759291788974309,1.4418781191469303,1.115702892980022
Atlanta,Water-cooled evaporative,12,17.20455766710506,0.7745463045407869,Henrico,Water-cooled evaporative,10,17.56483916631861,0.8624373261930341,2.051151711678668,1.1134741992015005
Mayes County,Water-cooled evaporative,8,18.242584178594516,2.4209009003944426,Seattle,Water-cooled evaporative,8,17.708893461695116,2.1745776179476533,2.9255214703935546,1.1132740815567057
Atlanta,Water-cooled evaporative,9,17.983196012479553,0.7762135543356912,Henrico,Water-cooled evaporative,10,17.56483916631861,0.8624373261930341,2.3263765009880437,1.1110825382727774
Mayes County,Water-cooled evaporative,10,17.611557906068775,5.949134315685416,New Albany,Water-cooled evaporative,9,17.744729047966636,6.59353106459328,0.7504828140113046,1.1083177340960104
Henrico,Water-cooled evaporative,3,17.255202194642898,0.2279145531388211,Montgomery County / Clarksville,Water-cooled evaporative,11,17.326333368954696,0.20594604712632414,0.41053795282071,1.1066711710131627
Atlanta,Water-cooled evaporative,2,17.19450877402098,0.7840678433968516,Henrico,Water-cooled evaporative,10,17.56483916631861,0.8624373261930341,2.108361988350875,1.0999524256174809
Council Bluffs,Water-cooled evaporative,4,17.399657086027492,0.0281100447894364,Kansas City,Water-cooled evaporative,12,16.885069121742546,0.0255611534895248,2.957460378332267,1.0997173817275563
Atlanta,Water-cooled evaporative,4,17.602846437659863,0.8648748435260727,Henrico,Water-cooled evaporative,9,17.989698810550344,0.9464556701585684,2.1504105041692236,1.094326742468185
Atlanta,Water-cooled evaporative,6,18.028496874075547,0.7898038468567355,Henrico,Water-cooled evaporative,10,17.56483916631861,0.8624373261930341,2.571804576917687,1.0919639472830698
Atlanta,Water-cooled evaporative,11,17.376695685310406,0.7927291293276406,Henrico,Water-cooled evaporative,10,17.56483916631861,0.8624373261930341,1.0711369414015353,1.0879344460629536
Mayes County,Water-cooled evaporative,10,17.611557906068775,5.949134315685416,New Albany,Water-cooled evaporative,4,17.360773418512416,6.453821140580956,1.4239767367198177,1.084833657825625
Atlanta,Water-cooled evaporative,1,17.065796158191247,0.7971616790451956,Henrico,Water-cooled evaporative,10,17.56483916631861,0.8624373261930341,2.841147609733315,1.081885079104684
Mayes County,Water-cooled evaporative,4,17.57357699037506,2.231070572978707,Fort Wayne,Water-cooled evaporative,3,17.05927373968985,2.0677764897661115,2.9265712436738984,1.078970857837283
Council Bluffs,Water-cooled evaporative,4,17.399657086027492,0.0281100447894364,Kansas City,Water-cooled evaporative,11,17.080305828668926,0.0261044868741696,1.8353882250645932,1.0768280918500375
Atlanta,Water-cooled evaporative,3,17.41115935851971,0.8010068027762554,Henrico,Water-cooled evaporative,10,17.56483916631861,0.8624373261930341,0.8749286363725236,1.076691637578936
Forest City,Water-cooled evaporative,3,17.37517355832884,12.70987772498829,Fort Wayne,Water-cooled evaporative,9,17.754465867605767,11.829776833810485,2.1363205860727796,1.0743970831860838
Atlanta,Water-cooled evaporative,7,18.187990649858357,0.7582102707736409,Henrico,Water-cooled evaporative,7,18.240049204659343,0.8095718691530903,0.28540797350309816,1.0677405732410385
Fort Wayne,Water-cooled evaporative,11,17.11463249756379,7.5413614034547445,New Albany,Water-cooled evaporative,11,17.184289368160883,7.081530635583124,0.4053520579451703,1.064933810433732
Fort Wayne,Water-cooled evaporative,11,17.11463249756379,7.5413614034547445,New Albany,Water-cooled evaporative,10,17.342821927071753,7.088610837405631,1.3157572076074038,1.0638701399236097
Mayes County,Water-cooled evaporative,10,17.611557906068775,5.949134315685416,New Albany,Water-cooled evaporative,3,17.140821915955286,6.311753558576083,2.6728810286072315,1.0609532788551417
Atlanta,Water-cooled evaporative,8,18.243874995696743,0.7660284885937908,Henrico,Water-cooled evaporative,7,18.240049204659343,0.8095718691530903,0.020970276535562757,1.0568430302627945
Henrico,Water-cooled evaporative,5,17.76193221788505,0.2603086423781433,Montgomery County / Clarksville,Water-cooled evaporative,6,18.08988933307039,0.2464654370419071,1.8129304671079167,1.0561669234533781
Fort Wayne,Water-cooled evaporative,7,17.95146502148568,5.777467960620443,New Albany,Water-cooled evaporative,5,17.607896950391954,6.099115392109956,1.9138720471143678,1.0556727330522437
Henrico,Water-cooled evaporative,4,17.502653145767887,0.1839295959169961,Montgomery County / Clarksville,Water-cooled evaporative,9,17.929409655793705,0.19265116217094047,2.380203912000617,1.0474179601736322
Fort Wayne,Water-cooled evaporative,11,17.11463249756379,7.5413614034547445,New Albany,Water-cooled evaporative,12,16.9650384555364,7.223122576219711,0.8740710152478147,1.0440583451100156
Atlanta,Water-cooled evaporative,5,17.830684138680336,0.8268216358804037,Henrico,Water-cooled evaporative,10,17.56483916631861,0.8624373261930341,1.49094095489598,1.0430754213086195
Atlanta,Water-cooled evaporative,9,17.983196012479553,0.7762135543356912,Henrico,Water-cooled evaporative,7,18.240049204659343,0.8095718691530903,1.408182561887924,1.0429756922319506
Fort Wayne,Water-cooled evaporative,7,17.95146502148568,5.777467960620443,New Albany,Water-cooled evaporative,8,17.973948046279865,6.021781884775739,0.1250867351807954,1.0422873697994612
Seattle,Water-cooled evaporative,8,17.708893461695116,2.1745776179476533,Fort Wayne,Water-cooled evaporative,4,17.29611907595038,2.2662366496044477,2.330887509361215,1.04215026904549
Mayes County,Water-cooled evaporative,5,17.821497966615873,2.266069287350972,Seattle,Water-cooled evaporative,8,17.708893461695116,2.1745776179476533,0.6318464650485236,1.042073305936841
Forest City,Water-cooled evaporative,4,17.53766580277945,12.316581211122307,Fort Wayne,Water-cooled evaporative,9,17.754465867605767,11.829776833810485,1.2211015889916603,1.041150765914746
Mayes County,Water-cooled evaporative,10,17.611557906068775,5.949134315685416,New Albany,Water-cooled evaporative,6,17.889797109319222,5.757620868123333,1.5552954656232818,1.0332626013328499
Mayes County,Water-cooled evaporative,10,17.611557906068775,5.949134315685416,Fort Wayne,Water-cooled evaporative,7,17.95146502148568,5.777467960620443,1.8934784153275497,1.0297130778110863
Fort Wayne,Water-cooled evaporative,7,17.95146502148568,5.777467960620443,New Albany,Water-cooled evaporative,7,18.03482783797511,5.944723850658858,0.46223239411189015,1.0289496871602648
Seattle,Water-cooled evaporative,9,17.590738175367985,2.2074385722956293,Fort Wayne,Water-cooled evaporative,4,17.29611907595038,2.2662366496044477,1.6748535307640235,1.0266363368144242
Mayes County,Water-cooled evaporative,5,17.821497966615873,2.266069287350972,Seattle,Water-cooled evaporative,9,17.590738175367985,2.2074385722956293,1.2948394780290549,1.0265605194143044
Mayes County,Water-cooled evaporative,4,17.57357699037506,2.231070572978707,Seattle,Water-cooled evaporative,8,17.708893461695116,2.1745776179476533,0.7641159037562116,1.0259788174792175
Mayes County,Water-cooled evaporative,10,17.611557906068775,5.949134315685416,New Albany,Water-cooled evaporative,5,17.607896950391954,6.099115392109956,0.02078723356756361,1.025210571566539
Atlanta,Water-cooled evaporative,6,18.028496874075547,0.7898038468567355,Henrico,Water-cooled evaporative,7,18.240049204659343,0.8095718691530903,1.1598232450478034,1.025029027618728
Atlanta,Water-cooled evaporative,5,17.830684138680336,0.8268216358804037,Henrico,Water-cooled evaporative,7,18.240049204659343,0.8095718691530903,2.244319965290641,1.021307270403749
Mayes County,Water-cooled evaporative,4,17.57357699037506,2.231070572978707,Fort Wayne,Water-cooled evaporative,4,17.29611907595038,2.2662366496044477,1.5788357405930622,1.0157619741175603
Fort Wayne,Climate-responsive hybrid,7,6.217413407153797,2.001001406557636,New Albany,Climate-responsive hybrid,6,6.134218033425603,1.9742259536566504,1.3381026526637094,1.0135625067897585
Mayes County,Water-cooled evaporative,3,17.328948035857564,2.805691263418541,Fort Wayne,Water-cooled evaporative,5,17.64714703608572,2.8409254489710696,1.8031186546895475,1.0125581121529381
Henrico,Water-cooled evaporative,3,17.255202194642898,0.2279145531388211,Montgomery County / Clarksville,Water-cooled evaporative,10,17.610932406961034,0.22510495432330285,2.019939683474835,1.0124812837814445
Mayes County,Water-cooled evaporative,6,18.199521050354782,2.2011470590681332,Seattle,Water-cooled evaporative,8,17.708893461695116,2.1745776179476533,2.6958269247975752,1.0122182077573096
Mayes County,Water-cooled evaporative,10,17.611557906068775,5.949134315685416,New Albany,Water-cooled evaporative,8,17.973948046279865,6.021781884775739,2.0161966601772585,1.012211452160154
Mayes County,Water-cooled evaporative,4,17.57357699037506,2.231070572978707,Seattle,Water-cooled evaporative,9,17.590738175367985,2.2074385722956293,0.09755807187759832,1.010705620976126
Fort Wayne,Water-cooled evaporative,7,17.95146502148568,5.777467960620443,New Albany,Water-cooled evaporative,6,17.889797109319222,5.757620868123333,0.3435257907510655,1.0034470995836131
Atlanta,Water-cooled evaporative,4,17.602846437659863,0.8648748435260727,Henrico,Water-cooled evaporative,10,17.56483916631861,0.8624373261930341,0.21591548546342104,1.002826312427592
Mayes County,Water-cooled evaporative,10,17.611557906068775,5.949134315685416,New Albany,Water-cooled evaporative,7,18.03482783797511,5.944723850658858,2.346958538828279,1.0007419125155947
Mayes County,Water-cooled evaporative,5,17.821497966615873,2.266069287350972,Fort Wayne,Water-cooled evaporative,4,17.29611907595038,2.2662366496044477,2.9480063440775823,1.0000738557529596
